date,ret,wealth
2019-01-02,0,1
2019-01-03,0,1
2019-01-04,0,1
2019-01-07,0,1
2019-01-08,0,1
2019-01-09,0,1
2019-01-10,0,1
2019-01-11,0,1
2019-01-14,0,1
2019-01-15,0,1
2019-01-16,0,1
2019-01-17,0,1
2019-01-18,0,1
2019-01-22,0,1
2019-01-23,0,1
2019-01-24,0,1
2019-01-25,0,1
2019-01-28,0,1
2019-01-29,0,1
2019-01-30,0,1
2019-01-31,0,1
2019-02-01,0,1
2019-02-04,0,1
2019-02-05,0,1
2019-02-06,0,1
2019-02-07,0,1
2019-02-08,0,1
2019-02-11,0,1
2019-02-12,0,1
2019-02-13,0,1
2019-02-14,0,1
2019-02-15,0,1
2019-02-19,0,1
2019-02-20,0,1
2019-02-21,0,1
2019-02-22,0,1
2019-02-25,0,1
2019-02-26,0,1
2019-02-27,0,1
2019-02-28,0,1
2019-03-01,0,1
2019-03-04,0,1
2019-03-05,0,1
2019-03-06,0,1
2019-03-07,0,1
2019-03-08,0,1
2019-03-11,0,1
2019-03-12,0,1
2019-03-13,0,1
2019-03-14,0,1
2019-03-15,0,1
2019-03-18,0,1
2019-03-19,0,1
2019-03-20,0,1
2019-03-21,0,1
2019-03-22,0,1
2019-03-25,-0.000125,0.999875
2019-03-26,0.01665346909,1.016526387
2019-03-27,0.001525214195,1.018076808
2019-03-28,0.02129178333,1.039753479
2019-03-29,0.003100803375,1.04297755
2019-04-01,0,1.04297755
2019-04-02,0,1.04297755
2019-04-03,0,1.04297755
2019-04-04,0,1.04297755
2019-04-05,0,1.04297755
2019-04-08,0,1.04297755
2019-04-09,0,1.04297755
2019-04-10,0,1.04297755
2019-04-11,0,1.04297755
2019-04-12,0,1.04297755
2019-04-15,0,1.04297755
2019-04-16,0,1.04297755
2019-04-17,0,1.04297755
2019-04-18,0,1.04297755
2019-04-22,0,1.04297755
2019-04-23,0,1.04297755
2019-04-24,0,1.04297755
2019-04-25,0,1.04297755
2019-04-26,0,1.04297755
2019-04-29,0,1.04297755
2019-04-30,0,1.04297755
2019-05-01,0,1.04297755
2019-05-02,0,1.04297755
2019-05-03,0,1.04297755
2019-05-06,0,1.04297755
2019-05-07,0,1.04297755
2019-05-08,0,1.04297755
2019-05-09,0,1.04297755
2019-05-10,0,1.04297755
2019-05-13,0,1.04297755
2019-05-14,0,1.04297755
2019-05-15,0,1.04297755
2019-05-16,0,1.04297755
2019-05-17,0,1.04297755
2019-05-20,0,1.04297755
2019-05-21,0,1.04297755
2019-05-22,0,1.04297755
2019-05-23,0,1.04297755
2019-05-24,0,1.04297755
2019-05-28,0,1.04297755
2019-05-29,0,1.04297755
2019-05-30,0,1.04297755
2019-05-31,0,1.04297755
2019-06-03,-0.000125,1.042847178
2019-06-04,0.04123144436,1.085845273
2019-06-05,0.002257874489,1.088296975
2019-06-06,0.02919357109,1.12006825
2019-06-07,-0.009362885475,1.10958118
2019-06-10,0,1.10958118
2019-06-11,0,1.10958118
2019-06-12,0,1.10958118
2019-06-13,0,1.10958118
2019-06-14,0,1.10958118
2019-06-17,0,1.10958118
2019-06-18,0,1.10958118
2019-06-19,0,1.10958118
2019-06-20,0,1.10958118
2019-06-21,0,1.10958118
2019-06-24,0,1.10958118
2019-06-25,0,1.10958118
2019-06-26,0,1.10958118
2019-06-27,0,1.10958118
2019-06-28,0,1.10958118
2019-07-01,0,1.10958118
2019-07-02,0,1.10958118
2019-07-03,0,1.10958118
2019-07-05,0,1.10958118
2019-07-08,0,1.10958118
2019-07-09,0,1.10958118
2019-07-10,0,1.10958118
2019-07-11,0,1.10958118
2019-07-12,0,1.10958118
2019-07-15,0,1.10958118
2019-07-16,0,1.10958118
2019-07-17,-0.000125,1.109442482
2019-07-18,0.01771693516,1.129098403
2019-07-19,-0.008472213268,1.11953244
2019-07-22,-0.00517553997,1.113738255
2019-07-23,-0.009431252003,1.103234309
2019-07-24,0,1.103234309
2019-07-25,0,1.103234309
2019-07-26,0,1.103234309
2019-07-29,0,1.103234309
2019-07-30,0,1.103234309
2019-07-31,0,1.103234309
2019-08-01,0,1.103234309
2019-08-02,0,1.103234309
2019-08-05,0,1.103234309
2019-08-06,0,1.103234309
2019-08-07,0,1.103234309
2019-08-08,0,1.103234309
2019-08-09,0,1.103234309
2019-08-12,0,1.103234309
2019-08-13,0,1.103234309
2019-08-14,0.01195674229,1.116425397
2019-08-15,0.001711538315,1.118336202
2019-08-16,0.0273727684,1.14894816
2019-08-19,0.01860826302,1.17032809
2019-08-20,0,1.17032809
2019-08-21,0,1.17032809
2019-08-22,0,1.17032809
2019-08-23,0,1.17032809
2019-08-26,0,1.17032809
2019-08-27,0,1.17032809
2019-08-28,0,1.17032809
2019-08-29,0,1.17032809
2019-08-30,0,1.17032809
2019-09-03,0,1.17032809
2019-09-04,0,1.17032809
2019-09-05,0,1.17032809
2019-09-06,0,1.17032809
2019-09-09,0,1.17032809
2019-09-10,0,1.17032809
2019-09-11,0,1.17032809
2019-09-12,0,1.17032809
2019-09-13,0,1.17032809
2019-09-16,0,1.17032809
2019-09-17,0,1.17032809
2019-09-18,0,1.17032809
2019-09-19,0,1.17032809
2019-09-20,0,1.17032809
2019-09-23,0,1.17032809
2019-09-24,0,1.17032809
2019-09-25,0,1.17032809
2019-09-26,0,1.17032809
2019-09-27,0,1.17032809
2019-09-30,0,1.17032809
2019-10-01,0,1.17032809
2019-10-02,0,1.17032809
2019-10-03,0,1.17032809
2019-10-04,0,1.17032809
2019-11-11,0,1.17032809
2020-07-27,0.001707485199,1.172326407
2020-07-28,-0.01390419316,1.156026155
2020-07-29,-0.00642312479,1.148600854
2020-07-30,-0.000125,1.148457279
2020-07-31,0,1.148457279
2020-08-03,0,1.148457279
2020-08-04,0,1.148457279
2020-08-05,0,1.148457279
2020-08-06,0,1.148457279
2020-08-07,0,1.148457279
2020-08-10,0,1.148457279
2020-08-11,-0.007311710835,1.140060092
2020-08-12,0.01382978845,1.155826882
2020-08-13,-0.001300549295,1.154323672
2020-08-14,-0.0002631556193,1.154019905
2020-08-17,0.002269303679,1.156638727
2020-08-18,-0.0009932262513,1.155489923
2020-08-19,-0.001684111205,1.153543949
2020-08-20,-0.001925854339,1.151322392
2020-08-21,0.0005066514015,1.151905711
2020-08-24,0.006797643325,1.159735955
2020-08-25,0.002761525222,1.162938595
2020-08-26,-0.002071906249,1.160529095
2020-08-27,0.004567457873,1.165829763
2020-08-28,0.001917975919,1.168065796
2020-08-31,-0.0007256583571,1.16721818
2020-09-01,0.005334140509,1.173444285
2020-09-02,0.01000272322,1.185181924
2020-09-03,-0.002780488096,1.18188654
2020-09-04,-0.005100673773,1.175858122
2020-09-08,-0.01105321723,1.162861107
2020-09-09,0.009835784577,1.174298758
2020-09-10,-0.006889043123,1.166208963
2020-09-11,0.0001936567076,1.166434807
2020-09-14,0.02095102769,1.190872815
2020-09-15,0.0008794574738,1.191920137
2020-09-16,0.007577142,1.200951486
2020-09-17,-0.002818216006,1.197566945
2020-09-18,-0.005459375081,1.191028978
2020-09-21,-0.001198739995,1.189601244
2020-09-22,-0.001243114914,1.188122433
2020-09-23,-0.005406386467,1.181698984
2020-09-24,0.005153220302,1.187788539
2020-09-25,0.0004840700626,1.188363512
2020-09-28,-0.000125,1.188214966
2020-09-29,-0.002858975649,1.184817888
2020-09-30,0.007485499859,1.193686843
2020-10-01,0.000558426857,1.194353429
2020-10-02,0.007090118408,1.202821537
2020-10-05,0.01909997153,1.225795394
2020-10-06,-0.0007172615528,1.224916178
2020-10-07,0.002543499947,1.228031752
2020-10-08,0.005879929543,1.235252492
2020-10-09,0,1.235252492
2020-10-12,-0.005040217559,1.229026551
2020-10-13,-0.004256263808,1.22379549
2020-10-14,-0.002226137871,1.221071152
2020-10-15,0.003520047909,1.225369381
2020-10-16,0.001508069208,1.227217323
2020-10-19,-0.006518231137,1.219218037
2020-10-20,0.001208864296,1.220691906
2020-10-21,-0.0046991735,1.214955663
2020-10-22,-0.0004184214071,1.2144473
2020-10-23,0.002308846737,1.217251272
2020-10-26,-0.0008167719488,1.216257055
2020-10-27,-0.005417402965,1.209668101
2020-10-28,-0.01214782849,1.19497326
2020-10-29,0.007561374543,1.204008901
2020-10-30,-0.0001943782241,1.203774868
2020-11-02,0.01244999695,1.218761861
2020-11-03,0.02380560923,1.24777523
2020-11-04,-0.01846227956,1.224738454
2020-11-05,-0.001420089722,1.222999216
2020-11-06,0.006867220879,1.231397822
2020-11-09,0.005246165276,1.237857938
2020-11-10,0.007340332747,1.246944227
2020-11-11,0.03574906874,1.291521322
2020-11-12,-0.0007880420685,1.290503549
2020-11-13,0.005514314651,1.297619792
2020-11-16,0.00842075634,1.308546732
2020-11-17,-0.01202579749,1.292810414
2020-11-18,-0.01622192829,1.271838536
2020-11-19,-0.00485779092,1.26566021
2020-11-20,-0.0005005206154,1.265026721
2020-11-23,0.003606136737,1.269588581
2020-11-24,-0.003137291023,1.265605512
2020-11-25,0.002745804734,1.269080617
2020-11-27,0.003232738256,1.273183223
2020-11-30,-0.00548709918,1.26619714
2020-12-01,0.009182648055,1.277824183
2020-12-02,0.009403350446,1.289840012
2020-12-03,0.005745246887,1.297250461
2020-12-04,0.006923031863,1.306231367
2020-12-07,-0.0001841079394,1.30599088
2020-12-08,0.003641292875,1.310746375
2020-12-09,-0.0009994655117,1.309436329
2020-12-10,0.002097349106,1.312182674
2020-12-11,0.0003136098489,1.312594188
2020-12-14,-0.001679898147,1.310389163
2020-12-15,0.008608363488,1.321669469
2020-12-16,-0.0033124571,1.317291496
2020-12-17,0.00236944811,1.32041275
2020-12-18,-0.00448389851,1.314492153
2020-12-21,0.002072056486,1.317215855
2020-12-22,-0.004287735939,1.311567981
2020-12-23,0.01191486315,1.327195134
2020-12-24,0.003209775567,1.331455133
2020-12-28,-0.002805833141,1.327719292
2020-12-29,-0.002216297332,1.324776671
2020-12-30,0.005621350569,1.332223705
2020-12-31,0.005868401462,1.340041729
2021-01-04,-0.001568919239,1.337939311
2021-01-05,0.001961414473,1.340563565
2021-01-06,0.001980719118,1.343218845
2021-01-07,0.01037107265,1.357149465
2021-01-08,0.0007723295872,1.358197632
2021-01-11,0.002299074544,1.361320229
2021-01-12,0.001623767766,1.363530697
2021-01-13,0.0052051543,1.370628085
2021-01-14,-0.005991143439,1.362416455
2021-01-15,0.002246471789,1.365477086
2021-01-19,0.003258399584,1.369926356
2021-01-20,0.003241309054,1.37436671
2021-01-21,-0.002073056682,1.37151757
2021-01-22,-0.001569989268,1.369364302
2021-01-25,-0.0008381333445,1.368216592
2021-01-26,-0.002770837277,1.364425487
2021-01-27,-0.0125730452,1.347270504
2021-01-28,0.01889254052,1.372723866
2021-01-29,-0.005070521355,1.36576344
2021-02-01,0.007558702054,1.376086839
2021-02-02,0.008267592271,1.387463764
2021-02-03,-0.009859660387,1.373783843
2021-02-04,-0.004360327244,1.367793696
2021-02-05,-0.009732031941,1.354482284
2021-02-08,-0.004125961781,1.348893742
2021-02-09,-4.214954376e-05,1.348836886
2021-02-10,0.002387047688,1.352056624
2021-02-11,-0.003815481186,1.346897878
2021-02-12,-0.0005415389321,1.34616848
2021-02-16,-0.001330742359,1.344377077
2021-02-17,0.003413918111,1.34896667
2021-02-18,-0.0001551363568,1.348757396
2021-02-19,0.006932353854,1.35810746
2021-02-22,-0.004507339328,1.351986009
2021-02-23,0.0001686912279,1.352214077
2021-02-24,0.001431431254,1.354149678
2021-02-25,-0.00824907434,1.342979197
2021-02-26,0.002975729164,1.346975539
2021-03-01,0.02328640585,1.378341758
2021-03-02,-0.00250112923,1.374894347
2021-03-03,-0.002162396798,1.37192128
2021-03-04,-0.00707076662,1.362220745
2021-03-05,0.01213932394,1.378757184
2021-03-08,-0.0001093506977,1.378606416
2021-03-09,0.02640151923,1.41500372
2021-03-10,0.02706918208,1.453306713
2021-03-11,-0.01057131004,1.437943357
2021-03-12,0.009471943855,1.451563476
2021-03-15,0.008419281125,1.463784597
2021-03-16,-0.00438554942,1.457365097
2021-03-17,0.008103957653,1.469175522
2021-03-18,-0.006692192489,1.459343517
2021-03-19,-0.005548317785,1.451246615
2021-03-22,-0.002043954154,1.448280334
2021-03-23,-0.01001356057,1.433777891
2021-03-24,0.002482203912,1.43733682
2021-03-25,0.01353756949,1.456794867
2021-03-26,0.007222385089,1.467316401
2021-03-29,-0.004245396716,1.46108706
2021-03-30,2.006445991e-05,1.461116376
2021-03-31,0.004870965958,1.468233424
2021-04-01,0.001036380456,1.469755073
2021-04-05,0.005180447362,1.477369062
2021-04-06,0.001498660326,1.479583136
2021-04-07,0.0004509434267,1.480250344
2021-04-08,-0.0002224641127,1.479921042
2021-04-09,0.001051801221,1.481477624
2021-04-12,0.004463081287,1.48808958
2021-04-13,0.002824428864,1.492292583
2021-04-14,0.004963551768,1.499699654
2021-04-15,0.008553073684,1.512526696
2021-04-16,0.001825021833,1.51528709
2021-04-19,-0.0006218113369,1.514344867
2021-04-20,0.0002630446389,1.514743208
2021-04-21,0.007184876737,1.525626451
2021-04-22,5.138222591e-05,1.525704841
2021-04-23,0.003955418955,1.531739643
2021-04-26,-0.001054431957,1.530124528
2021-04-27,0.001790136109,1.532863659
2021-04-28,-0.001070818277,1.53122224
2021-04-29,0.004754108402,1.538501837
2021-04-30,-0.001631773274,1.535991351
2021-05-03,-0.001528519982,1.533643557
2021-05-04,-0.0005928231478,1.532734378
2021-05-05,0.002401430909,1.536415134
2021-05-06,0.001495826064,1.538713343
2021-05-07,0.0166363605,1.564311933
2021-05-10,-0.01108759846,1.546967471
2021-05-11,0.0001485692721,1.547197302
2021-05-12,-0.01109064428,1.530037888
2021-05-13,0.01037178569,1.545907113
2021-05-14,0.01610981673,1.570811393
2021-05-17,-0.009622272968,1.555696617
2021-05-18,-0.006305113554,1.545887773
2021-05-19,0.002553981354,1.549835942
2021-05-20,0.003364279747,1.555050023
2021-05-21,0.009416802547,1.569693622
2021-05-24,-0.000865647316,1.568334821
2021-05-25,-0.007426266988,1.556687948
2021-05-26,0.0005899197839,1.557606269
2021-05-27,0.0001810698509,1.557888305
2021-05-28,0.0003349740108,1.558410157
2021-06-01,0.001421155323,1.5606249
2021-06-02,0.0008103055673,1.561889483
2021-06-03,-0.00187177372,1.558965979
2021-06-04,0.002419639366,1.562738114
2021-06-07,0.003676367964,1.568483315
2021-06-08,0.002014417564,1.571642895
2021-06-09,-0.002577235872,1.567592401
2021-06-10,-0.00201994999,1.564425942
2021-06-11,0.00289999435,1.568962769
2021-06-14,-0.002248939024,1.565434267
2021-06-15,3.268475003e-05,1.565485433
2021-06-16,-0.004709838579,1.558112249
2021-06-17,-0.002089506562,1.554856564
2021-06-18,-0.009763891809,1.539675112
2021-06-21,0.01391909093,1.56110599
2021-06-22,-0.002917295482,1.556551783
2021-06-23,0.00107318449,1.55822225
2021-06-24,0.003579766432,1.563800322
2021-06-25,0.001597017924,1.566297739
2021-06-28,0.004002502441,1.572566849
2021-06-29,-0.002552791294,1.568552414
2021-06-30,0.0008282428923,1.569851557
2021-07-01,-5.045366287e-05,1.569772352
2021-07-02,0.004529151552,1.576882089
2021-07-06,0.005882883284,1.586158702
2021-07-07,-0.003091360134,1.581255314
2021-07-08,-0.002126883892,1.577892168
2021-07-09,0.01260570626,1.597782613
2021-07-12,0.0004425415198,1.598489698
2021-07-13,-0.004204337915,1.591769107
2021-07-14,0.0003779713114,1.592370751
2021-07-15,-0.001887001051,1.589365945
2021-07-16,-0.003812760731,1.583306073
2021-07-19,-0.004010401963,1.576956379
2021-07-20,0.02011025821,1.608669379
2021-07-21,0.001960074782,1.611822492
2021-07-22,0.005524403385,1.620726849
2021-07-23,0.005832318204,1.630179444
2021-07-26,-0.002663078361,1.625838148
2021-07-27,0.006372195134,1.636198306
2021-07-28,0.005066645452,1.644488343
2021-07-29,0.005688000379,1.653842193
2021-07-30,0.01076025057,1.67163795
2021-08-02,-0.008005702615,1.658255313
2021-08-03,0.002240887165,1.661971277
2021-08-04,-0.001351843758,1.659724551
2021-08-05,0.00883125612,1.674382004
2021-08-06,0.004678348046,1.682215345
2021-08-09,-0.00119691766,1.680201872
2021-08-10,-0.001135066173,1.678294732
2021-08-11,-0.0011756393,1.676321663
2021-08-12,-0.0004612942914,1.675548385
2021-08-13,0.002133571711,1.679123288
2021-08-16,0.003363008793,1.684770194
2021-08-17,-0.001361222684,1.682476847
2021-08-18,-0.002862211392,1.677661242
2021-08-19,-0.001304139628,1.675473338
2021-08-20,0.005000164449,1.68385098
2021-08-23,0.006665058613,1.695073945
2021-08-24,-0.001420506954,1.692666081
2021-08-25,0.0004529922009,1.693432846
2021-08-26,-0.001936089841,1.690154207
2021-08-27,0.002292618578,1.694029086
2021-08-30,0.00143646884,1.696462506
2021-08-31,0.0008931725025,1.69797774
2021-09-01,0.001139173985,1.699912032
2021-09-02,0.004397683828,1.707387708
2021-09-03,0.0006242005825,1.70845346
2021-09-07,-0.002624802546,1.703969107
2021-09-08,0.0005334581875,1.704878103
2021-09-09,0.0008208666005,1.706277581
2021-09-10,-0.004022307762,1.699414407
2021-09-13,0.004161084082,1.706485814
2021-09-14,-0.0005130890516,1.705610234
2021-09-15,0.004689177752,1.713608144
2021-09-16,-0.003052660942,1.708377079
2021-09-17,-0.001690871285,1.705488434
2021-09-20,-0.004121457471,1.698459336
2021-09-21,0.0006190578938,1.69951078
2021-09-22,0.004633089781,1.707384766
2021-09-23,0.01163034725,1.727242244
2021-09-24,-0.003482052803,1.721227895
2021-09-27,-0.0005772417273,1.720234331
2021-09-28,-0.006377226861,1.709264006
2021-09-29,0.003448077481,1.715157681
2021-09-30,-0.0008961427156,1.713620655
2021-10-01,0.002895538338,1.718582509
2021-10-04,-0.002165766478,1.714860461
2021-10-05,0.0121517039,1.735698937
2021-10-06,0.0108327179,1.754501274
2021-10-07,0.01464360046,1.78019349
2021-10-08,-0.002660235882,1.775457755
2021-10-11,-0.006797506531,1.76338907
2021-10-12,-0.001648647308,1.760481863
2021-10-13,0.003554538551,1.766739564
2021-10-14,0.004552001387,1.774781765
2021-10-15,0.00225968647,1.778792215
2021-10-18,0.003071159999,1.78425517
2021-10-19,0.006664634625,1.796146579
2021-10-20,9.981282552e-05,1.796325858
2021-10-21,0.00403165706,1.803568027
2021-10-22,-0.001807107863,1.800308785
2021-10-25,0.001840421088,1.803622112
2021-10-26,0.001089904785,1.805587888
2021-10-27,-0.007738113128,1.791616045
2021-10-28,0.004301845206,1.7993233
2021-10-29,-0.001414796538,1.796777623
2021-11-01,0.005330790317,1.806355868
2021-11-02,0.003007760525,1.811788954
2021-11-03,0.0003789356906,1.812475505
2021-11-04,0.002319513011,1.816679566
2021-11-05,0.004370239988,1.824618892
2021-11-08,0.00347218459,1.830954305
2021-11-09,0.0009580491781,1.832708449
2021-11-10,-0.002303930811,1.828486016
2021-11-11,0.007372493923,1.841966518
2021-11-12,0.005011881883,1.851198237
2021-11-15,-3.754756848e-05,1.851128729
2021-11-16,0.001485542497,1.853878659
2021-11-17,0.0004259244359,1.854668271
2021-11-18,-0.0006154195666,1.853526872
2021-11-19,-0.003913405174,1.84627327
2021-11-22,0.00774534101,1.860573287
2021-11-23,-0.001239302292,1.858267474
2021-11-24,0.000191392731,1.858623133
2021-11-26,-0.002250889413,1.854439578
2021-11-29,0.008477084877,1.870159819
2021-11-30,-0.009994221303,1.851469028
2021-12-01,0.00429153295,1.859414669
2021-12-02,0.01147355994,1.880748774
2021-12-03,-0.008529845283,1.864706278
2021-12-06,-0.004237775837,1.856804071
2021-12-07,0.043335687,1.937269951
2021-12-08,0,1.937269951
2021-12-09,0,1.937269951
2021-12-10,0.01510362911,1.966529758
2021-12-13,-0.008324185133,1.95016
2021-12-14,0.003135234992,1.95627421
2021-12-15,0.01146856191,1.978709862
2021-12-16,0.01010198198,1.998698753
2021-12-17,-0.004391500473,1.989921467
2021-12-20,-0.0009027107068,1.988125143
2021-12-21,0.02029408354,2.028472321
2021-12-22,0.0003149120808,2.029111111
2021-12-23,0.007079055786,2.043475302
2021-12-27,0.001064351082,2.045650277
2021-12-28,0.005815079689,2.057545897
2021-12-29,0.003263643265,2.064260992
2021-12-30,-0.004657456398,2.054646787
2021-12-31,-0.00531733942,2.043721533
2022-01-03,0.003854760408,2.051599589
2022-01-04,-0.005359314485,2.040604422
2022-01-05,-0.01416119218,2.011707031
2022-01-06,-0.003622581879,2.004419457
2022-01-07,-0.004269638351,1.995861311
2022-01-10,-0.00164153435,1.992585036
2022-01-11,0.002444636412,1.997456182
2022-01-12,3.731196267e-05,1.997530711
2022-01-13,0.007065314929,2.011643895
2022-01-14,0.001794698331,2.015254189
2022-01-18,-0.004669039567,2.005844887
2022-01-19,-0.006201286236,1.993406069
2022-01-20,-0.006403798729,1.980640697
2022-01-21,-0.01445175628,1.952016961
2022-01-24,0.002477028847,1.956852163
2022-01-25,-0.003287964861,1.950418102
2022-01-26,0.008074128012,1.966166027
2022-01-27,-0.00738048466,1.951654769
2022-01-28,0.01720499086,1.985232972
2022-01-31,0.00157955873,1.988368764
2022-02-01,0,1.988368764
2022-02-02,0.05846135902,2.104611504
2022-02-03,-0.03954024029,2.021394659
2022-02-04,-0.0009003769557,2.019574642
2022-02-07,0.02438588031,2.068823748
2022-02-08,0.03144686508,2.133881769
2022-02-09,-0.005275020123,2.1226255
2022-02-10,-0.004824277026,2.112385366
2022-02-11,-0.0003699210733,2.11160395
2022-02-14,-0.002207563498,2.106942451
2022-02-15,0.004649463177,2.116738602
2022-02-16,0.006185055069,2.129830747
2022-02-17,-0.006311692441,2.11638791
2022-02-18,-0.003456782268,2.109072018
2022-02-22,-0.002474053686,2.10385406
2022-02-23,-0.01168016838,2.079280691
2022-02-24,0.0142746597,2.108961715
2022-02-25,0.01758041072,2.146038128
2022-02-28,0.01049598145,2.168562905
2022-03-01,-0.0007361860275,2.166966439
2022-03-02,0.02038090515,2.211131176
2022-03-03,0,2.211131176
2022-03-04,0.01156238306,2.236697122
2022-03-07,-0.0224507492,2.186481596
2022-03-08,-0.001467561356,2.1832728
2022-03-09,0.03369965616,2.256848343
2022-03-10,-0.00864649725,2.23733451
2022-03-11,-0.007263660976,2.22108327
2022-03-14,-0.006762598787,2.206062975
2022-03-15,0.01457149587,2.238208613
2022-03-16,0.002886415402,2.244669013
2022-03-17,0.004806509495,2.255458036
2022-03-18,0.002227878451,2.260482922
2022-03-21,0.007778575897,2.27806626
2022-03-22,-0.0001141519547,2.277806214
2022-03-23,-0.003427727427,2.269998515
2022-03-24,0.01332699347,2.300250771
2022-03-25,0.01435356426,2.333267568
2022-03-28,0.009599338849,2.355665394
2022-03-29,0.005833225046,2.36940652
2022-03-30,-0.000569762847,2.368056521
2022-03-31,-0.01276062803,2.337838632
2022-04-01,-0.002955174049,2.330929912
2022-04-04,0.00370632943,2.339569106
2022-04-05,-0.002279528594,2.334235992
2022-04-06,-0.007370526864,2.317031442
2022-04-07,-0.0003046083664,2.316325655
2022-04-08,-0.001719070661,2.312343728
2022-04-11,-0.002623723056,2.306276778
2022-04-12,0.0006627271585,2.307805211
2022-04-13,0.003730410549,2.316414271
2022-04-14,-0.00235808444,2.310951971
2022-04-18,-0.00460543054,2.300309042
2022-04-19,0.01197275122,2.32785007
2022-04-20,-0.001337422053,2.324736752
2022-04-21,-0.008922466755,2.303994366
2022-04-22,-0.01279433339,2.274516294
2022-04-25,0.001895411535,2.278827438
2022-04-26,-0.004430174608,2.268731835
2022-04-27,0.003720093454,2.277171729
2022-04-28,0.01299648401,2.306766955
2022-04-29,-0.01357714423,2.275447647
2022-05-02,-0.003218782593,2.268123476
2022-05-03,0.003452632123,2.275954472
2022-05-04,0.01731840857,2.315370382
2022-05-05,-0.03570947957,2.23268971
2022-05-06,-0.01370298473,2.202095197
2022-05-09,-0.01650734324,2.165744456
2022-05-10,-0.001517051026,2.162458911
2022-05-11,0.0002239882259,2.162943276
2022-05-12,0.007865398672,2.179955688
2022-05-13,0.01832403827,2.219901279
2022-05-16,0.004493406296,2.229876197
2022-05-17,-0.02628714752,2.171259113
2022-05-18,-0.01253505957,2.144042251
2022-05-19,-0.005772194835,2.131666421
2022-05-20,0.002443116083,2.136874329
2022-05-23,0.01306405623,2.164790576
2022-05-24,0.01431372352,2.19577679
2022-05-25,0.00212173748,2.200435652
2022-05-26,0.01737140703,2.238660315
2022-05-27,0.0002419261932,2.239201905
2022-05-31,0.0126669515,2.267565767
2022-06-01,0.002272426537,2.272718644
2022-06-02,0.01369955405,2.303853876
2022-06-03,-0.005609294891,2.29093088
2022-06-06,0.00125566709,2.293807527
2022-06-07,0.005024917943,2.305333721
2022-06-08,-0.000775398953,2.303546168
2022-06-09,-0.01215710652,2.275541712
2022-06-10,-0.01109409988,2.250296625
2022-06-13,-0.02027809501,2.204664896
2022-06-14,-0.00276552432,2.198567842
2022-06-15,0.007162065435,2.214314128
2022-06-16,-0.0069990855,2.198815954
2022-06-17,0.001040258124,2.201103291
2022-06-21,0.04033677864,2.289888707
2022-06-22,0,2.289888707
2022-06-23,0,2.289888707
2022-06-24,0,2.289888707
2022-06-27,0,2.289888707
2022-06-28,0,2.289888707
2022-06-29,0,2.289888707
2022-06-30,0.01048617649,2.313900884
2022-07-01,0.0123050917,2.342373646
2022-07-05,0.002731791019,2.348772522
2022-07-06,-0.007479289293,2.331205373
2022-07-07,0.002505114555,2.337045309
2022-07-08,-0.00155801487,2.333404158
2022-07-11,0.001693125447,2.337354904
2022-07-12,-0.006688157405,2.321722306
2022-07-13,-0.001100542135,2.319167153
2022-07-14,-0.002931979508,2.312367402
2022-07-15,0.01519100312,2.347494583
2022-07-18,0.001712525103,2.351514726
2022-07-19,0.01090412029,2.377155926
2022-07-20,-0.004148818175,2.367293538
2022-07-21,0.002082139364,2.372222573
2022-07-22,-0.001532980919,2.368586001
2022-07-25,0.002659945748,2.374886311
2022-07-26,-0.0004920652707,2.373717712
2022-07-27,0.01008433901,2.397655086
2022-07-28,0.00876779445,2.418677233
2022-07-29,-0.004815170288,2.407030891
2022-08-01,0.0002100526094,2.407536494
2022-08-02,-0.004804488099,2.395969513
2022-08-03,0.005907443047,2.410123567
2022-08-04,-0.004304454317,2.3997493
2022-08-05,0.00572054254,2.413477168
2022-08-08,0.006469195314,2.429090423
2022-08-09,-0.003239634752,2.421221057
2022-08-10,0.02246194556,2.475606393
2022-08-11,-0.0003590748906,2.474717465
2022-08-12,0.009910797954,2.49924389
2022-08-15,0.004762272914,2.511145971
2022-08-16,0.004343607051,2.522053402
2022-08-17,-0.001202388413,2.519020915
2022-08-18,0.0008960018409,2.521277962
2022-08-19,-0.004353082212,2.510302632
2022-08-22,-0.01058089458,2.483741384
2022-08-23,-0.001457861861,2.480120432
2022-08-24,0.002066938376,2.485246688
2022-08-25,0.002085927861,2.490430734
2022-08-26,-0.007357155312,2.472108248
2022-08-29,-0.000700555186,2.4703764
2022-08-30,-0.004460990107,2.459356075
2022-08-31,-0.002838023947,2.452376364
2022-09-01,0.0001757075366,2.452807265
2022-09-02,0.01183365124,2.48183293
2022-09-06,-0.004157423099,2.471514901
2022-09-07,0.004961165667,2.483776496
2022-09-08,-0.0006119004091,2.482256672
2022-09-09,0.007734736681,2.501456274
2022-09-12,0,2.501456274
2022-09-13,-0.005386719227,2.487981631
2022-09-14,0.002888074398,2.495167107
2022-09-15,0.01198258421,2.525065657
2022-09-16,0.00227793958,2.530817604
2022-09-19,0.01109903145,2.558907228
2022-09-20,-0.006336556494,2.542692568
2022-09-21,-0.002282893446,2.536887872
2022-09-22,-0.01275660676,2.504525791
2022-09-23,-0.003700083457,2.495258836
2022-09-26,-0.003529867546,2.486450903
2022-09-27,-0.001933328064,2.481643778
2022-09-28,0.008885868914,2.503695339
2022-09-29,-0.004703948021,2.491918086
2022-09-30,-0.01544214201,2.453437534
2022-10-03,0.01056558691,2.479359541
2022-10-04,0.0252587506,2.541985065
2022-10-05,0,2.541985065
2022-10-06,0.0006440191269,2.543622152
2022-10-07,-0.003727723281,2.534140233
2022-10-10,-0.001917818308,2.529280212
2022-10-11,-0.00736671102,2.510647736
2022-10-12,-0.00481217681,2.498566055
2022-10-13,0.02549591748,2.562269289
2022-10-14,5.618895017e-05,2.56241326
2022-10-17,0.02263615947,2.620416455
2022-10-18,0.02262704659,2.679708741
2022-10-19,-0.002797308683,2.672212768
2022-10-20,-0.0009556219464,2.669659143
2022-10-21,0.02271040193,2.730288175
2022-10-24,0.01502661991,2.771315178
2022-10-25,0.007331898689,2.79163418
2022-10-26,0.006025752306,2.808455876
2022-10-27,0.0009278564453,2.81106172
2022-10-28,0.02304274428,2.875836296
2022-10-31,-0.01121476773,2.84358446
2022-11-01,0.006397893906,2.861777412
2022-11-02,-0.02273712468,2.796708822
2022-11-03,-0.006778331575,2.777751802
2022-11-04,0.004340362605,2.789808252
2022-11-07,0.003716897926,2.800177685
2022-11-08,-0.01337548719,2.762723944
2022-11-09,-0.006654395282,2.744339687
2022-11-10,0.0350417809,2.840506237
2022-11-11,-0.00127708207,2.836878677
2022-11-14,0.004845599104,2.850625054
2022-11-15,0.005319820438,2.865789867
2022-11-16,0.002289166927,2.872350139
2022-11-17,0.008359080031,2.896360344
2022-11-18,0.00201778698,2.902204582
2022-11-21,0.01397000632,2.942748398
2022-11-22,0.00882874616,2.968729177
2022-11-23,0.003200802939,2.978231494
2022-11-25,-0.005550810814,2.961699894
2022-11-28,-0.002579376883,2.954060554
2022-11-29,-0.0002333839108,2.953371124
2022-11-30,0.01516340369,2.998154282
2022-12-01,0.001588032625,3.002915449
2022-12-02,0.003511704551,3.013460801
2022-12-05,-0.006145861513,2.994940488
2022-12-06,-0.002944640715,2.986121465
2022-12-07,-0.002362595962,2.979066466
2022-12-08,0.007751463425,3.002158591
2022-12-09,-0.004134533188,2.989746066
2022-12-12,0.01140205369,3.023835312
2022-12-13,0.006365366726,3.043083132
2022-12-14,0.001089484374,3.046398524
2022-12-15,-0.002397788555,3.039093904
2022-12-16,-0.003241214091,3.02924355
2022-12-19,-0.005481792927,3.012637864
2022-12-20,0.003721632807,3.023849796
2022-12-21,0.008693209171,3.050136755
2022-12-22,0.008197924376,3.075141546
2022-12-23,-0.004941889763,3.059944535
2022-12-27,-0.01136497569,3.02516834
2022-12-28,-0.00979746294,2.995529365
2022-12-29,0.006751304746,3.015753097
2022-12-30,-0.006347923597,2.996609327
2023-01-03,-0.003975386693,2.984696646
2023-01-04,0.004742357016,2.998851143
2023-01-05,-0.004387434319,2.98569388
2023-01-06,0.009534345086,3.014160516
2023-01-09,0.001144868829,3.017611335
2023-01-10,0.002892183807,3.026338821
2023-01-11,0.002117854008,3.032748165
2023-01-12,-0.001630553722,3.027803106
2023-01-13,0.006767873482,3.048294895
2023-01-17,-0.0001427454948,3.047859764
2023-01-18,-0.00879069519,3.021066958
2023-01-19,-0.002880922227,3.012363499
2023-01-20,0.007006431033,3.033469416
2023-01-23,0.002800603163,3.04196496
2023-01-24,0.001329293728,3.046008625
2023-01-25,0.00900566613,3.073439962
2023-01-26,0.001595542567,3.078343766
2023-01-27,-0.00274810575,3.069884152
2023-01-30,-0.005402068719,3.053300427
2023-01-31,0.00388842967,3.065172971
2023-02-01,0.009349273386,3.093830111
2023-02-02,-0.004710140944,3.079257735
2023-02-03,0.001062241596,3.082528651
2023-02-06,-0.003456229091,3.071874725
2023-02-07,0.00802007189,3.096511382
2023-02-08,-0.001792453597,3.090961029
2023-02-09,-0.002816810661,3.082254377
2023-02-10,0.002867723773,3.091093431
2023-02-13,0.01002101557,3.122069326
2023-02-14,0.008830085979,3.149637467
2023-02-15,0.001051075141,3.152947972
2023-02-16,-0.002140988032,3.146197548
2023-02-17,0.001655284535,3.151405401
2023-02-21,-0.008290238705,3.125279498
2023-02-22,0.0002376773028,3.126022306
2023-02-23,0.004425369723,3.13985611
2023-02-24,-0.004715646787,3.125049658
2023-02-27,0.006189746877,3.144392924
2023-02-28,-0.003790395685,3.132474431
2023-03-01,-0.002828093631,3.1236155
2023-03-02,0.002620479345,3.13180087
2023-03-03,0.00715964524,3.154223453
2023-03-06,0.008682554841,3.181610171
2023-03-07,-0.002608304342,3.173311563
2023-03-08,-0.002034716563,3.166854774
2023-03-09,-0.01166672793,3.129907941
2023-03-10,-0.01384675278,3.086568879
2023-03-13,-0.007586056113,3.063153994
2023-03-14,0.01323467419,3.10369384
2023-03-15,0.001299829839,3.107728113
2023-03-16,0.01351341377,3.149724129
2023-03-17,0.006117203712,3.168991633
2023-03-20,0.02285542774,3.241420293
2023-03-21,0,3.241420293
2023-03-22,0,3.241420293
2023-03-23,0.007209005833,3.264787711
2023-03-24,0.01133528439,3.301795008
2023-03-27,0.0005744009018,3.303691562
2023-03-28,0.006255540984,3.32435794
2023-03-29,0.01394668309,3.370721706
2023-03-30,0.005202880383,3.388259168
2023-03-31,0.0188172369,3.452016844
2023-04-03,0.0004016666412,3.453403404
2023-04-04,0.002735808372,3.462851254
2023-04-05,0.001867716934,3.46931888
2023-04-06,-0.001116553557,3.465445199
2023-04-10,0.003000470877,3.475843167
2023-04-11,0.001367802744,3.480597434
2023-04-12,-0.001507176523,3.47535156
2023-04-13,0.005408827203,3.494149136
2023-04-14,-0.0005564698022,3.492204747
2023-04-17,0.005740927786,3.512253242
2023-04-18,-0.001422679602,3.507256431
2023-04-19,-0.0001910521644,3.506586363
2023-04-20,-0.008173193208,3.477926355
2023-04-21,0.001570288701,3.483387703
2023-04-24,-0.0008954586199,3.480268474
2023-04-25,-0.007026527732,3.455814271
2023-04-26,-0.00176054356,3.449730159
2023-04-27,0.008216253797,3.478074018
2023-04-28,0.004238464458,3.492815711
2023-05-01,0.004489804472,3.50849777
2023-05-02,0.004165236877,3.523111495
2023-05-03,-6.243830257e-05,3.522891517
2023-05-04,-0.001400671783,3.517957103
2023-05-05,0.01530993214,3.571816787
2023-05-08,-0.001078580652,3.567964295
2023-05-09,0.00178791968,3.574343528
2023-05-10,0.002395393242,3.582905487
2023-05-11,0.0001246143182,3.583351968
2023-05-12,0.0004594625933,3.584998384
2023-05-15,0.002263605946,3.593113408
2023-05-16,-0.005337531278,3.573935053
2023-05-17,0.0006150198707,3.576133094
2023-05-18,-0.00116298654,3.571974099
2023-05-19,0.002521367801,3.58098036
2023-05-22,-0.0008110267548,3.578076089
2023-05-23,-0.004399764999,3.562333395
2023-05-24,-0.003765975058,3.548917736
2023-05-25,-0.0002118949271,3.548165738
2023-05-26,0.0006885392116,3.55060879
2023-05-30,0.00176871407,3.556888801
2023-05-31,-0.0003979942401,3.55547318
2023-06-01,0.004738950514,3.572322392
2023-06-02,0.01065040219,3.610369062
2023-06-05,0.00190358448,3.617241704
2023-06-06,0.0224924593,3.698602366
2023-06-07,-0.004474549611,3.682052786
2023-06-08,0.003527129322,3.695039863
2023-06-09,0.002112114039,3.702844208
2023-06-12,-0.0005531798999,3.700795869
2023-06-13,0.006629151412,3.725329005
2023-06-14,0.001414682349,3.730599163
2023-06-15,0.01245712328,3.777071696
2023-06-16,-0.002057811737,3.769299194
2023-06-20,-0.001925624948,3.762040937
2023-06-21,-0.001376799029,3.756861363
2023-06-22,-0.001427217799,3.751499503
2023-06-23,-0.00261902317,3.741674239
2023-06-26,0.008662538091,3.774086635
2023-06-27,0.008321035714,3.805490945
2023-06-28,-0.000154868093,3.804901596
2023-06-29,0.003050761965,3.816509445
2023-06-30,0.002480703142,3.825977072
2023-07-03,0.000681560119,3.828584705
2023-07-05,0.0001469561259,3.829147339
2023-07-06,-2.747515558e-06,3.829136818
2023-07-07,0.002679650579,3.839397567
2023-07-10,0.006139154613,3.862968222
2023-07-11,0.0008839057463,3.866382722
2023-07-12,0.004083556811,3.882171316
2023-07-13,-0.001709284008,3.875535582
2023-07-14,-0.003947527033,3.860236801
2023-07-17,-0.0009485241546,3.856575273
2023-07-18,0.004066588547,3.872258378
2023-07-19,0.005114852097,3.892064407
2023-07-20,-0.004171084359,3.875830278
2023-07-21,-0.002881256433,3.864663017
2023-07-24,-0.000293519776,3.863528662
2023-07-25,0.003320576977,3.876357806
2023-07-26,-0.0004752109776,3.874515718
2023-07-27,-0.001832578773,3.867415363
2023-07-28,0.005781414295,3.889774493
2023-07-31,0.003316560836,3.902675167
2023-08-01,0.002643972185,3.912993732
2023-08-02,-0.003829706118,3.898008116
2023-08-03,0.000629887668,3.900463423
2023-08-04,-0.002411047057,3.891059222
2023-08-07,0.002845787428,3.90213235
2023-08-08,0.004872817975,3.92114673
2023-08-09,-5.195252101e-05,3.920943017
2023-08-10,0.001911343515,3.928437286
2023-08-11,-0.002752723274,3.917623385
2023-08-14,0.006695540603,3.943853991
2023-08-15,-0.007423763068,3.914575754
2023-08-16,-0.0006095244544,3.912189724
2023-08-17,-0.005975690727,3.888811688
2023-08-18,-0.0003278458189,3.887536758
2023-08-21,0.001557860751,3.893592999
2023-08-22,0.000142194665,3.894146647
2023-08-23,0.001982456974,3.901866625
2023-08-24,-0.005415350493,3.88073665
2023-08-25,0.003356219212,3.893761253
2023-08-28,0.003106194886,3.905856034
2023-08-29,0.003736248493,3.920449283
2023-08-30,0.0005288033485,3.922522429
2023-08-31,-0.01593096822,3.860032849
2023-09-01,0.004430561326,3.877134961
2023-09-05,-0.003343933344,3.86417008
2023-09-06,-0.0001371407211,3.863640145
2023-09-07,0.0009674981191,3.86737821
2023-09-08,-0.001290741224,3.862386425
2023-09-11,-0.001541466359,3.856432687
2023-09-12,-0.004368632158,3.839585351
2023-09-13,-0.001174857338,3.835074386
2023-09-14,0.00576545943,3.857185352
2023-09-15,-0.0004614231851,3.855405557
2023-09-18,0.001561999992,3.8614277
2023-09-19,0.003160415662,3.873631417
2023-09-20,0.0007723407023,3.87662318
2023-09-21,-0.006458436416,3.851586256
2023-09-22,-0.001055500555,3.847520904
2023-09-25,0.0008426651521,3.850763076
2023-09-26,-0.005776277465,3.82852
2023-09-27,-0.001679964495,3.822088223
2023-09-28,0.002205854331,3.830519192
2023-09-29,-0.0003791621526,3.829066804
2023-10-02,0.001209180615,3.833696838
2023-10-03,-0.004012925349,3.818312499
2023-10-04,0.001234651918,3.823026785
2023-10-05,-0.005470142313,3.802114285
2023-10-06,0.0003822891712,3.803567792
2023-10-09,0.002504155914,3.813092519
2023-10-10,0.01456595548,3.868633855
2023-10-11,0.006744077682,3.894724222
2023-10-12,-0.005720013499,3.872446347
2023-10-13,-0.001252146184,3.867597478
2023-10-16,0.01329011238,3.918998283
2023-10-17,-0.005422709595,3.897746693
2023-10-18,-0.009075307256,3.862373445
2023-10-19,-0.007767770807,3.832371413
2023-10-20,-0.004613170809,3.814692029
2023-10-23,-0.0006625877671,3.812164461
2023-10-24,0.006501705329,3.836950031
2023-10-25,-0.003443899083,3.823735962
2023-10-26,-0.005143458196,3.804068736
2023-10-27,-0.002194370401,3.7957212
2023-10-30,0.00540153202,3.81622391
2023-10-31,0.008931427262,3.850308236
2023-11-01,-0.007514390469,3.821375516
2023-11-02,0.0209611365,3.90147589
2023-11-03,-0.000125,3.900988206
2023-11-06,0,3.900988206
2023-11-07,0.001316836357,3.906125169
2023-11-08,0.0003995010058,3.90768567
2023-11-09,-0.003375007118,3.894497203
2023-11-10,0.002758067727,3.90523849
2023-11-13,0.005448411783,3.926515837
2023-11-14,0.01185741711,3.973074173
2023-11-15,0.001340121905,3.978398577
2023-11-16,0.006836128541,4.005595421
2023-11-17,0.01033153423,4.046979367
2023-11-20,-0.001010854165,4.042888461
2023-11-21,0.003536392197,4.057185701
2023-11-22,0.007431316398,4.087335931
2023-11-24,-0.0008320170508,4.083935198
2023-11-27,0.001046251138,4.08820802
2023-11-28,-0.001903793912,4.080424914
2023-11-29,0.0007928626403,4.083660131
2023-11-30,0.003665155224,4.098627379
2023-12-01,0.006505337757,4.125290334
2023-12-04,-0.005881825209,4.101026098
2023-12-05,0.0001295351567,4.101557325
2023-12-06,0.00185661602,4.109172342
2023-12-07,0.0007893695687,4.112415997
2023-12-08,0.00208357128,4.120984509
2023-12-11,0.004754616922,4.140578212
2023-12-12,8.138108253e-05,4.140915177
2023-12-13,0.01273494291,4.193649495
2023-12-14,0.01108564155,4.24013879
2023-12-15,-0.004548290491,4.220853407
2023-12-18,0.007870142656,4.254072126
2023-12-19,0.002406528473,4.264309671
2023-12-20,-0.008408376694,4.228453749
2023-12-21,0.006741753101,4.256960941
2023-12-22,0.00331316479,4.271064954
2023-12-26,-0.0005980224609,4.268510761
2023-12-27,0.0005147167842,4.270707835
2023-12-28,0.001254946868,4.276067346
2023-12-29,0.001730874062,4.283468681
2024-01-02,-0.002617017702,4.272258767
2024-01-03,-0.009937580669,4.229802851
2024-01-04,0.0008655144226,4.233463806
2024-01-05,-0.0005453576933,4.231155054
2024-01-08,0.005197932461,4.253148313
2024-01-09,-0.005313580678,4.230548866
2024-01-10,-0.00222867849,4.221120333
2024-01-11,0.001664879799,4.228147991
2024-01-12,0.001361927833,4.233906423
2024-01-16,-0.002291372278,4.224204967
2024-01-17,-0.002358904462,4.214240471
2024-01-18,-0.0002353777752,4.213248533
2024-01-19,-0.0004467440663,4.211366289
2024-01-22,-0.0006246501881,4.208735658
2024-01-23,0.001609774364,4.215510773
2024-01-24,-0.002950367909,4.203073465
2024-01-25,0.00581579879,4.227517695
2024-01-26,-0.001723417759,4.220231916
2024-01-29,0.001468832459,4.226430729
2024-01-30,8.027839661e-05,4.22677002
2024-01-31,-0.008122133114,4.192439632
2024-02-01,0.01191787884,4.242404619
2024-02-02,0.006590785574,4.270365398
2024-02-05,-0.001186587498,4.265298236
2024-02-06,0.003468968718,4.280094422
2024-02-07,0.0007617669989,4.283354857
2024-02-08,-0.004548141479,4.263873553
2024-02-09,-0.001017363276,4.259535645
2024-02-12,0.006347131302,4.286571477
2024-02-13,0.0004265421907,4.28839988
2024-02-14,0.005031050835,4.309975038
2024-02-15,0.008504342914,4.346628544
2024-02-16,-0.005250383536,4.323807077
2024-02-20,-0.0007134361267,4.320722317
2024-02-21,0.002244348819,4.330419525
2024-02-22,0.01607740315,4.400041425
2024-02-23,0.005098631859,4.422475617
2024-02-26,-0.003488633156,4.407047222
2024-02-27,0.004363885403,4.426279071
2024-02-28,-0.003621968746,4.410247226
2024-02-29,0.00144409578,4.416616046
2024-03-01,-0.0003998300863,4.41485015
2024-03-04,0.0003249711488,4.416284849
2024-03-05,0.001304682428,4.422046698
2024-03-06,0.004238474173,4.440789429
2024-03-07,0.001187805547,4.446064223
2024-03-08,-0.0002423252645,4.444986829
2024-03-11,-0.0006802624502,4.441963072
2024-03-12,0.002638359674,4.453682568
2024-03-13,-0.0001197845936,4.453149085
2024-03-14,-0.0002953378272,4.451833902
2024-03-15,-0.0003001482487,4.450497692
2024-03-18,0.002593281989,4.462039087
2024-03-19,-0.002173994814,4.452338637
2024-03-20,0.001509830236,4.459060913
2024-03-21,0.003803291798,4.476020023
2024-03-22,0.0009640141129,4.480334969
2024-03-25,-0.002629720138,4.468552942
2024-03-26,-0.0023491929,4.458055449
2024-03-27,0.01312642384,4.516573775
2024-03-28,0.004762536168,4.53808412
2024-04-01,0.0003852505287,4.53983242
2024-04-02,0.0002451331972,4.540945283
2024-04-03,0.001188230166,4.546340972
2024-04-04,-0.004008607686,4.528116474
2024-04-05,0.005571572433,4.553345203
2024-04-08,0.002388445914,4.564220622
2024-04-09,0.0008845097802,4.56825772
2024-04-10,-0.001697108076,4.560504893
2024-04-11,-0.0001981512694,4.559601223
2024-04-12,-0.004187794751,4.540506549
2024-04-15,-0.001628362056,4.53311296
2024-04-16,-0.002359338485,4.522417812
2024-04-17,-0.001746102542,4.514521207
2024-04-18,-0.001745377905,4.506641661
2024-04-19,-0.009884706609,4.462094831
2024-04-22,0.00929433326,4.503567027
2024-04-23,0.01786122175,4.584006237
2024-04-24,0.00836488692,4.62235093
2024-04-25,0.04463459865,4.828667709
2024-04-26,-0.009787514925,4.781407052
2024-04-29,0.0007558175723,4.785020923
2024-04-30,-0.01927066755,4.692810376
2024-05-01,-0.0004347085726,4.690770371
2024-05-02,0.001288803101,4.69681585
2024-05-03,0.004930676488,4.71997433
2024-05-06,0.003146182378,4.73482423
2024-05-07,0.0066101982,4.766122356
2024-05-08,0.009990042329,4.81373612
2024-05-09,-0.006002035856,4.784843904
2024-05-10,0.0005718216463,4.787579981
2024-05-13,0.001376092544,4.794168134
2024-05-14,0.004754617691,4.816962571
2024-05-15,0.00247754315,4.828896803
2024-05-16,0.001635418598,4.836794071
2024-05-17,-0.0001032919884,4.836294469
2024-05-20,-0.002140619115,4.825941804
2024-05-21,0.001531941125,4.833334863
2024-05-22,-0.002955745692,4.819048755
2024-05-23,-0.005918434181,4.790527532
2024-05-24,0.001712486571,4.798731246
2024-05-28,-0.003183285248,4.783455515
2024-05-29,-0.003613846228,4.766168843
2024-05-30,0.0007749011096,4.769862152
2024-05-31,0.003532400608,4.786711216
2024-06-21,0.02877697703,4.924458295
2024-06-24,0.001807842391,4.933360939
2024-06-25,0.01495099865,5.007119612
2024-06-26,-0.008801445484,4.963049722
2024-06-27,0.0009812026024,4.967919479
2024-06-28,-0.008095412572,4.927702121
2024-07-01,0.001547009627,4.935325324
2024-07-02,0.002387087425,4.947106377
2024-07-03,-0.006981992841,4.912565716
2024-07-05,0.004810896397,4.93619956
2024-07-08,0.0015988458,4.944091782
2024-07-09,-0.004364313304,4.922514217
2024-07-10,0.008506030718,4.964385274
2024-07-11,-0.002113613605,4.953892482
2024-07-12,-0.00168648937,4.945537795
2024-07-15,0.004283535503,4.966722181
2024-07-16,0.001929328099,4.976304618
2024-07-17,-0.02100383342,4.871783145
2024-07-18,-0.005400957584,4.845470851
2024-07-19,6.929157029e-05,4.845806601
2024-07-22,0.01142462263,4.901168113
2024-07-23,-0.003644159296,4.883307475
2024-07-24,-0.006660913457,4.850780187
2024-07-25,-0.001579544418,4.843118164
2024-07-26,0.00879975394,4.885736412
2024-07-29,0.002916785497,4.899987057
2024-07-30,0.001868871397,4.909144503
2024-07-31,0.006528182507,4.941192294
2024-08-01,-0.001979525769,4.931411077
2024-08-02,-0.009125260267,4.886410667
2024-08-05,-0.01492965052,4.813458264
2024-08-06,0.01932689834,4.906487482
2024-08-07,0.001455295892,4.913627873
2024-08-08,0.01053203997,4.965378398
2024-08-09,0.004496037415,4.987702925
2024-08-12,-0.00227927442,4.976334582
2024-08-13,0.008330917239,5.017792013
2024-08-14,0.0003545908928,5.019571277
2024-08-15,-0.002603897572,5.006500827
2024-08-16,0.002441516399,5.018724281
2024-08-19,0.005125682433,5.044448668
2024-08-20,0.00314193058,5.060297975
2024-08-21,0.002486021201,5.072877983
2024-08-22,0.01112565486,5.129317073
2024-08-23,0.004562404633,5.152719093
2024-08-26,0.005176932494,5.179394372
2024-08-27,0.003241053104,5.196181064
2024-08-28,-0.001036810181,5.190793611
2024-08-29,0.0039141922,5.211111375
2024-08-30,0.00654254927,5.245205327
2024-09-03,-0.009517773328,5.195282652
2024-09-04,-0.001119590528,5.189466063
2024-09-05,-0.0008113748394,5.185255461
2024-09-06,-0.007680701327,5.145429062
2024-09-09,0.00902988774,5.191891709
2024-09-10,0.0007422768419,5.19574553
2024-09-11,0.0003667993661,5.197651326
2024-09-12,0.002661517813,5.211484968
2024-09-13,0.004078555259,5.232740297
2024-09-16,0.004043713093,5.253899998
2024-09-17,-0.003974342465,5.2330192
2024-09-18,-0.00206991148,5.222187313
2024-09-19,0.001698780212,5.231058662
2024-09-20,0.0009794293642,5.236182114
2024-09-23,0.005928292233,5.267223732
2024-09-24,-0.004193175952,5.245137336
2024-09-25,-0.0100031756,5.192669306
2024-09-26,0.008953994393,5.239164438
2024-09-27,0.0008121936321,5.243419654
2024-09-30,0.005605062723,5.27280935
2024-10-01,-0.005275993128,5.244990044
2024-10-02,0.0001354347688,5.245700398
2024-10-03,-0.00222863281,5.234009658
2024-10-04,0.003556890228,5.252626456
2024-10-07,-0.004611197187,5.22840556
2024-10-08,0.004376672795,5.25128858
2024-10-09,0.004888098982,5.276957398
2024-10-10,-0.003208316485,5.260027249
2024-10-11,0.007666490555,5.300353198
2024-10-14,0.006677784072,5.335747812
2024-10-15,-0.006162700176,5.302865198
2024-10-16,-0.0009007544518,5.298088619
2024-10-17,-0.001575808719,5.289739845
2024-10-18,0.00508545261,5.316640566
2024-10-21,-0.0007489172575,5.312658842
2024-10-22,-0.001433568753,5.30504278
2024-10-23,-0.0005017535859,5.302380956
2024-10-24,0.0003083529943,5.304015961
2024-10-25,0.000582769169,5.307106978
2024-10-28,0.002269606238,5.319152021
2024-10-29,0.001524171878,5.327259323
2024-10-30,-0.0006483647923,5.323805316
2024-10-31,-0.002914182427,5.308290776
2024-11-01,0.001984782749,5.31882658
2024-11-04,-0.001353543123,5.311627319
2024-11-05,0.0185946621,5.410395234
2024-11-06,0.01063201989,5.467918664
2024-11-07,0.004339876652,5.491648756
2024-11-08,0.002769798915,5.506859519
2024-11-11,0.008124799411,5.551601648
2024-11-12,0.001365838826,5.559184241
2024-11-13,0.0004248594708,5.561546113
2024-11-14,-0.01136452014,5.49834181
2024-11-15,-0.007968703032,5.454527157
2024-11-18,0.002138076305,5.466189353
2024-11-19,-0.002680950121,5.451534772
2024-11-20,0.002901040701,5.467349896
2024-11-21,0.01031575489,5.523749737
2024-11-22,-0.01410422039,5.445841554
2024-11-25,-0.007591161251,5.404501292
2024-11-26,0.004675518354,5.429770137
2024-11-27,0.001561418056,5.438248278
2024-11-29,0.01132687351,5.499846629
2024-12-02,7.328230143e-05,5.50024967
2024-12-03,-0.003128898077,5.483039949
2024-12-04,-0.0001855671029,5.482022478
2024-12-05,0.0003518486727,5.48395132
2024-12-06,-0.001898292148,5.473541178
2024-12-09,-0.002211321712,5.461437418
2024-12-10,-0.002375933749,5.448461404
2024-12-11,0.00101050606,5.453967108
2024-12-12,-0.001119977902,5.447858785
2024-12-13,-0.002447439895,5.434525478
2024-12-16,-0.001898943364,5.424205622
2024-12-17,-0.001217084497,5.417603905
2024-12-18,-0.01180655052,5.353640691
2024-12-19,-0.003569887606,5.334528796
2024-12-20,0.01336165679,5.405806938
2024-12-23,-0.002783028901,5.390762422
2024-12-24,0.01472486146,5.470140651
2024-12-26,0,5.470140651
2024-12-27,0,5.470140651
2024-12-30,-0.0007794788678,5.465876792
2024-12-31,-0.005538015683,5.435606681
2025-01-02,-0.003267267466,5.4178471
2025-01-03,0.006719644036,5.454253104
2025-01-06,-0.001026389122,5.448654918
2025-01-07,-0.0050758214,5.420998519
2025-01-08,-0.0001812138028,5.420016159
2025-01-10,-0.00589867025,5.388045271
2025-01-13,0.003601400779,5.407449781
2025-01-14,0.002349202429,5.420152976
2025-01-15,0.003537403425,5.439326243
2025-01-16,0.006543810661,5.474920164
2025-01-17,0.003677537918,5.495054391
2025-01-21,0.01089918701,5.554946016
2025-01-22,-0.006497272968,5.518854016
2025-01-23,0.01444458055,5.598571547
2025-01-24,-0.01270493494,5.52744206
2025-01-27,-0.003072843844,5.510457093
2025-01-28,0.009269771014,5.561537769
2025-01-29,0.002444183707,5.575131189
2025-01-30,0.01181159646,5.640982389
2025-01-31,0.003350368023,5.659881756
2025-02-03,-0.0008304002389,5.655181789
2025-02-04,0.001110471696,5.661461708
2025-02-05,-0.001896107035,5.650726971
2025-02-06,-0.003297389666,5.632094322
2025-02-07,-0.0007422686088,5.627913795
2025-02-10,0.00166792019,5.637300706
2025-02-11,-0.000473245656,5.634632878
2025-02-12,0.0006948879134,5.638548316
2025-02-13,0.002462290244,5.652432059
2025-02-14,0.002369661808,5.665826411
2025-02-18,0.002750968333,5.68141292
2025-02-19,0.0003217447599,5.683240885
2025-02-20,0.001249515891,5.690342185
2025-02-21,-0.006598512203,5.652794392
2025-02-24,-0.008199494998,5.606444333
2025-02-25,-0.003557360478,5.58650019
2025-02-26,0.01592687327,5.67547567
2025-02-27,-0.002798856417,5.659590829
2025-02-28,0.0111384358,5.722629818
2025-03-03,-0.006602882862,5.684843963
2025-03-04,0.00352562058,5.704886566
2025-03-05,0.004816537056,5.732364364
2025-03-06,-0.007202110536,5.691079242
2025-03-07,0.008919836549,5.741842739
2025-03-10,-0.01588956428,5.650607359
2025-03-11,-0.006149873775,5.615856837
2025-03-12,-0.003132283434,5.598266382
2025-03-13,-0.006527064115,5.561726138
2025-03-14,0.01946502813,5.669985294
2025-03-17,0.01354139137,5.746764784
2025-03-18,-0.01511246872,5.659916981
2025-03-19,0.001024758697,5.66571703
2025-03-20,-0.005335801959,5.635485886
2025-03-21,0.009722903252,5.69027917
2025-03-24,0.01925040372,5.799819342
2025-03-25,0.004322519779,5.824889175
2025-03-26,0.0008930950165,5.830091355
2025-03-27,0.004834434271,5.858276548
2025-03-28,-0.009954473495,5.79996049
2025-03-31,0.007898794208,5.845773184
2025-04-01,-0.003187220181,5.827141418
2025-04-02,0.007001024136,5.867937375
2025-04-03,-0.01353916419,5.788490408
2025-04-04,-0.03177647851,5.604552567
2025-04-07,-0.0006532451541,5.60089142
2025-04-08,0.008083127148,5.646164137
2025-04-09,0.05680413953,5.966889633
2025-04-10,0,5.966889633
2025-04-11,0,5.966889633
2025-04-14,0,5.966889633
2025-04-15,0,5.966889633
2025-04-16,0,5.966889633
2025-04-17,-0.002753266811,5.950461194
2025-04-21,-0.01234761786,5.876987173
2025-04-22,0.02467427029,6.021997543
2025-04-23,0.01788180161,6.129681708
2025-04-24,0.002692511559,6.146185947
2025-04-25,0.0001474170685,6.147092
2025-04-28,-0.003068897247,6.128227206
2025-04-29,0.01050715733,6.192617453
2025-04-30,0,6.192617453
2025-05-01,-0.005773712317,6.156863062
2025-05-02,0.002277424812,6.170884854
2025-05-05,-0.0009073705673,6.165285575
2025-05-06,0.001363543474,6.17369221
2025-05-07,-0.0006863596816,6.169454837
2025-05-08,0.004217404279,6.195473922
2025-05-09,-0.001346942902,6.187128972
2025-05-12,-0.001222439742,6.17956558
2025-05-13,-0.006195295106,6.141281347
2025-05-14,-0.001953394153,6.129285004
2025-05-15,0.01533425881,6.223273047
2025-05-16,0.007263863299,6.268478052
2025-05-19,0.0005719928741,6.272063576
2025-05-20,-0.001326444202,6.263744034
2025-05-21,-0.01243407337,6.185860181
2025-05-22,0.002451347373,6.201023873
2025-05-23,-0.002503895198,6.185497159
2025-05-27,0.02038302522,6.311576304
2025-05-28,-0.008040907893,6.2608255
2025-05-29,-0.005095628768,6.228922658
2025-05-30,0.001681573812,6.239397051
2025-06-02,0.005479973861,6.273588784
2025-06-03,0.01548272082,6.370721007
2025-06-04,-0.0008097202778,6.365562505
2025-06-05,-0.001805266289,6.35407097
2025-06-06,0.01044470408,6.420437361
2025-06-09,-0.0002965914063,6.418533114
2025-06-10,-0.001561192414,6.408512549
2025-06-11,0.003400490346,6.430304634
2025-06-12,0.001644688996,6.440880486
2025-06-13,-0.006483948121,6.399118151
2025-06-16,0.01063209234,6.467154166
2025-06-17,-0.004731639897,6.436553921
2025-06-18,-2.892287572e-05,6.436367757
2025-06-20,-0.0009581947639,6.430200463
2025-06-23,0.005436841386,6.465160443
2025-06-24,0.01645693632,6.571557177
2025-06-25,0.008670457227,6.628535583
2025-06-26,0.001768743873,6.640259764
2025-06-27,0.006141281009,6.681039465
2025-06-30,0.009861672137,6.746925686
2025-07-01,0.005252968152,6.782367072
2025-07-02,-0.003319700588,6.759851644
2025-07-03,0.009404566765,6.82342512
2025-07-07,0.004534695758,6.854367277
2025-07-08,0.006062144667,6.895919443
2025-07-09,0.001792059223,6.908277339
2025-07-10,-0.001948482975,6.894816678
2025-07-11,-0.003173099437,6.872938739
2025-07-14,0.00625170283,6.91590631
2025-07-15,-0.005393207855,6.87860739
2025-07-16,0.003750868896,6.904408144
2025-07-17,0.005509645798,6.942448988
2025-07-18,0.00113020428,6.950295373
2025-07-21,-0.0009150824914,6.94393528
2025-07-22,0.006936219797,6.992099941
2025-07-23,0.006220452264,7.035593965
2025-07-24,-0.007646077206,6.98179927
2025-07-25,0.00489590945,7.015981527
2025-07-28,-0.002786158057,6.996433894
2025-07-29,-0.0006841692347,6.991647149
2025-07-30,-0.00386033812,6.964657027
2025-07-31,-0.005005638034,6.929794475
2025-08-01,-0.003757208592,6.903757791
2025-08-04,0.0125971671,6.990725582
2025-08-05,-0.001950156212,6.977092575
2025-08-06,-0.004314284311,6.946991414
2025-08-07,0.004857720864,6.980737959
2025-08-08,-0.0003269138172,6.978455859
2025-08-11,-0.003206738949,6.956077773
2025-08-12,0.003626714383,6.981305481
2025-08-13,0.001652506644,6.992842134
2025-08-14,-0.001304103498,6.983722744
2025-08-15,0.005419624329,7.021571898
2025-08-18,-0.0002224627642,7.02000986
2025-08-19,0.0001904588782,7.021346883
2025-08-20,0.004338018515,7.051805616
2025-08-21,0.0004730243808,7.055141292
2025-08-22,0.01700615894,7.175122146
2025-08-25,-0.004736767828,7.141135258
2025-08-26,-0.002689885924,7.121926419
2025-08-27,0.00137067851,7.13168829
2025-08-28,-0.001620101235,7.120134233
2025-08-29,0.003171309226,7.142714381
2025-09-02,0.001674167054,7.154672478
2025-09-03,-0.0003753234607,7.151987161
2025-09-04,0.006383910342,7.197644806
2025-09-05,0.001950271528,7.211682168
2025-09-08,-0.000869363776,7.205412593
2025-09-09,0.0007748012001,7.210995355
2025-09-10,0.001355853733,7.22077241
2025-09-11,0.01364676046,7.319312561
2025-09-12,-0.006938602522,7.268526761
2025-09-15,0.0006298113259,7.273104561
2025-09-16,0.001568839768,7.284514897
2025-09-17,0.008178974209,7.344094756
2025-09-18,0.002148487634,7.359873453
2025-09-19,-0.001958284513,7.345460727
2025-09-22,-0.001078543645,7.337538327
2025-09-23,0.002817702174,7.358213325
2025-09-24,-0.007007177747,7.306653016
2025-09-25,-0.003594338251,7.280390434
2025-09-26,0.006609327191,7.328508916
2025-09-29,0.01081680659,7.40777998
2025-09-30,0.005601419962,7.449274066
2025-10-01,-0.002667392566,7.429403928
2025-10-02,-0.0001252015205,7.428473755
2025-10-03,-0.001393174251,7.418124597
2025-10-06,-0.004791588523,7.382579996
2025-10-07,0.001874404186,7.396417935
2025-10-08,0.002739990097,7.416684047
2025-10-09,-0.004413106393,7.383953431
2025-10-10,-0.01215469294,7.294203745
2025-10-13,0.01072312745,7.372420421
2025-10-14,0.003844030896,7.400760233
2025-10-15,0.00231463527,7.417890294
2025-10-16,-0.007828034184,7.359822795
2025-10-17,0.003002558811,7.381921096
2025-10-20,0.005156202103,7.419983773
2025-10-21,0.001003966394,7.427433187
2025-10-22,-0.003210251365,7.403589259
2025-10-23,0.01046523243,7.481069542
2025-10-24,-7.193648431e-05,7.48053138
2025-10-27,0.002162001986,7.496704304
2025-10-28,-0.006553791417,7.447572467
2025-10-29,-0.006290112643,7.400726398
2025-10-30,0.000684089247,7.405789155
2025-10-31,0.001931161283,7.420090928
2025-11-03,-0.005227518487,7.381302266
2025-11-04,-0.0004401980313,7.378053031
2025-11-05,0.01130482244,7.461460611
2025-11-06,-0.01060854155,7.382305396
2025-11-07,0.009735352675,7.454174742
2025-11-10,0.0106763977,7.533758476
2025-11-11,-0.001470604658,7.522679296
2025-11-12,-0.006711466517,7.472191086
2025-11-13,-0.00862170655,7.407768047
2025-11-14,0.0008755168376,7.414253673
2025-11-17,-0.005117769259,7.376309233
2025-11-18,0.0008637497002,7.382680518
2025-11-19,0.000539053055,7.386660175
2025-11-20,-0.008062721304,7.327103592
2025-11-21,0.005638046252,7.368414141
2025-11-24,0.02228554177,7.532623242
2025-11-25,0.001976620038,7.547512376
2025-11-26,0.00220899868,7.564184821
2025-11-28,0,7.564184821
2025-12-01,-0.01133289562,7.478460704
2025-12-02,-0.002642953152,7.458695483
2025-12-03,-0.003274149319,7.4342746
2025-12-04,2.604068837e-05,7.434468194
2025-12-05,-0.003482887268,7.408574779
2025-12-08,-0.001175889492,7.399863114
2025-12-09,-0.003417436535,7.374574551
2025-12-10,0.001699383736,7.387106783
2025-12-11,0.002643469893,7.406634378
2025-12-12,0.000347843647,7.409210729
2025-12-15,0.001259633429,7.418543618
2025-12-16,-0.005016844988,7.381325935
2025-12-17,-0.004497155856,7.348130962
2025-12-18,0.003499434272,7.373845263
2025-12-19,0.00498117154,7.410575651
2025-12-22,0.01310204554,7.507669351
2025-12-23,-0.00495263052,7.470486638
2025-12-24,0.008857825279,7.536658904
2025-12-26,-0.001348281026,7.526497369
2025-12-29,-0.003216985529,7.502284736
2025-12-30,-0.002175377704,7.485964433
2025-12-31,-0.005481009517,7.444933791
2026-01-02,-0.0005050013891,7.441174089
2026-01-05,0.01183028209,7.529205278
2026-01-06,0.004830251496,7.565573233
2026-01-07,-0.003080203439,7.542269728
2026-01-08,0.01195483091,7.632436287
2026-01-09,0.003313527647,7.657726576
2026-01-12,0.005843666077,7.702475773
2026-01-13,-0.002765510428,7.681174496
2026-01-14,-0.001943673711,7.666244799
2026-01-15,0.002459503621,7.685099956
2026-01-16,-0.009237076117,7.614112103
2026-01-20,-0.008420092666,7.550000573
2026-01-21,0.01133140103,7.635552657
2026-01-22,0.006664874572,7.686442658
2026-01-23,0.007341631276,7.742873686
2026-01-26,-0.005132995713,7.703129549
2026-01-27,-0.004231379398,7.670534685
2026-01-28,-0.00149749323,7.659048111
2026-01-29,-1.361423069e-06,7.659037684
2026-01-30,-0.005728217873,7.615165047
2026-02-02,0.002472077454,7.633990325
2026-02-03,-0.006494052846,7.584414789
2026-02-04,0.00181303445,7.598165594
2026-02-05,-0.005471493288,7.556592282
2026-02-06,0.03085310984,7.789736654
2026-02-09,0.01241052569,7.88641138
2026-02-10,-0.004794797421,7.848597635
2026-02-11,0.0004100232124,7.851815743
2026-02-12,0.001792395741,7.865889304
2026-02-13,0.01786113071,8.006382981
2026-02-17,-0.0008031301715,7.999952813
2026-02-18,0.01060502188,8.084792488
2026-02-19,-0.001712726853,8.070945447
2026-02-20,0.002594232911,8.091883359
2026-02-23,-0.002326004326,8.073061603
2026-02-24,0.004791681963,8.111745147
2026-02-25,0.007774205474,8.17480752
2026-02-26,0.0019647276,8.19086879
2026-02-27,0.008331026399,8.259107134
2026-03-02,0.001084357952,8.268062963
2026-03-03,-0.006573227872,8.213715101
2026-03-04,0.002695194445,8.23585266
2026-03-05,-0.0009632772662,8.227919251
2026-03-06,-0.00727124224,8.168092057
2026-03-09,0.006921208965,8.224625129
2026-03-10,0.002393320525,8.244309293
2026-03-11,-0.0008685176887,8.237148964
2026-03-12,-0.007382620494,8.17633722
2026-03-13,0.002301992383,8.195159086
2026-03-16,0.008880894264,8.267939427
2026-03-17,-0.001847201705,8.252666875
2026-03-18,-0.009127857483,8.177337708
2026-03-19,0.004022326308,8.210229629
2026-03-20,-0.01043063921,8.124591685
2026-03-23,0.004803216338,8.163615857
2026-03-24,-0.001776530757,8.149112942
2026-03-25,0.004862733705,8.188739908
2026-03-26,-0.003106882829,8.163298453
2026-03-27,-0.01115933967,8.072201433
2026-03-30,-0.004644715905,8.03470835
2026-03-31,0.03456107949,8.312396544
2026-04-01,-0.00579892681,8.264193565
2026-04-02,-0.0001103560799,8.263281561
2026-04-06,0.006838650386,8.319791255
2026-04-07,-0.001497992992,8.307328266
2026-04-08,0.01534741211,8.434824256
2026-04-09,-0.00230796051,8.415357015
2026-04-10,-0.009346908721,8.336699441
2026-04-13,0.02217877197,8.521597197
2026-04-14,0.002061397711,8.539163598
2026-04-15,-0.004638896429,8.499551302
2026-04-16,0.003126332304,8.526123724
2026-04-17,0.004321105315,8.562966003
2026-04-20,0.009691055114,8.645950178
2026-04-21,-0.005878622605,8.5951239
2026-04-22,-0.001285930073,8.584071172
2026-04-23,0.005028875525,8.627239397
2026-04-24,-0.003420329038,8.5977314
2026-04-27,0.00232966324,8.617761219
2026-04-28,0.001153581693,8.62770251
2026-04-29,-0.001968600865,8.610718008
2026-04-30,0.01722027614,8.758996949
2026-05-01,0.0009479680459,8.767300199
2026-05-04,-0.002107564727,8.748822546
2026-05-05,0.008207647707,8.820629799
2026-05-06,-0.00139684391,8.808308756
2026-05-07,0.0002525525093,8.810533317
2026-05-08,-0.002427862502,8.789142553
2026-05-11,-0.00309822045,8.761911852
2026-05-12,0.008124647238,8.833099295
2026-05-13,0.0006363099228,8.838719884
2026-05-14,0.004055185795,8.874562535
2026-05-15,0.001606959673,8.888823599
2026-05-18,0.004845076631,8.931890631
2026-05-19,-0.00389431308,8.897107052
2026-05-20,0.01477004289,9.028517705
2026-05-21,0.0003902636561,9.032041207
2026-05-22,0.007338241878,9.09832051
2026-05-26,-0.002717090103,9.073599554
2026-05-27,0.001191804152,9.084413507
2026-05-28,-0.00264269533,9.06040617
2026-05-29,-0.0004783980303,9.05607169
2026-06-01,-0.002067340065,9.03734971
2026-06-02,-0.0009966379895,9.028342744
2026-06-03,0.0002566651516,9.030660005
2026-06-04,0.007708737593,9.100274993
2026-06-05,-0.002516053872,9.077378211
2026-06-08,0.01195044463,9.185856917
2026-06-09,0.01183553572,9.294576454
2026-06-10,-0.01597754375,9.146071952
2026-06-11,0.02578927229,9.381942492
2026-06-12,-0.0003699179689,9.378471943
2026-06-15,-0.0008419485092,9.370575753
2026-06-16,-0.003310737133,9.33955224
2026-06-17,-0.008079567671,9.264092695
2026-06-18,-0.001177100008,9.253187932
2026-06-22,-0.001680753074,9.237635608
2026-06-23,0.001435804598,9.250899047
2026-06-24,0.001816092014,9.267699531
2026-06-25,0.0005028480093,9.272359775
2026-06-26,0.005047391733,9.319161008
2026-06-29,-0.003097415713,9.290295692
2026-06-30,0.003488834685,9.322707998
2026-07-01,0.002974189729,9.3504355
2026-07-02,0.0009381672847,9.359207773
2026-07-06,0.007213192089,9.426717536
2026-07-07,-0.003225305086,9.396313496
2026-07-08,-0.002004732963,9.377476397
