MA_h,Threshold,Hold_h,TopN,sharpe,sortino,maxdd,ann_ret,total_ret,win_rate,active_days
104,-0.8,13,10,2.503845384977,4.048030249545866,-0.10745017070214147,0.36000820043195203,8.77440267157052,0.5632570659488559,1486
156,-0.8,13,10,2.3310744127089875,3.637842196127703,-0.10184481827144742,0.33256106255144013,7.403162474054785,0.5596455351056578,1467
104,-0.8,8,10,2.249151354674888,3.641816378092528,-0.06895444181971389,0.2704781439631547,4.89960856788475,0.5416949152542373,1475
52,-0.8,13,10,2.2401230989742644,3.6431380493507706,-0.09647480447386714,0.29581847145340134,5.829889796817287,0.5437415881561238,1486
208,-0.8,13,10,2.23506856923063,3.518220281918532,-0.11549106525869801,0.32628786965700907,7.114259383522514,0.5496598639455782,1470
208,-0.8,26,10,2.219878956923799,3.5549860373184594,-0.10078881619566626,0.35659308880953366,8.593886403041822,0.5540809555408096,1507
156,-0.8,26,10,2.194324712043311,3.489474580192953,-0.10975948091943566,0.34049036448592074,7.781036133243546,0.5487967914438503,1496
104,-0.8,13,5,2.1589339590270833,3.409453265824263,-0.1194342977096905,0.3078541065344045,6.314460531991711,0.5497981157469717,1486
156,-0.8,8,10,2.1527406786580854,3.3134344239284568,-0.09065095547603497,0.26294980446881056,4.645294501618146,0.5592060232717317,1461
104,-0.8,26,10,2.082028330884486,3.2426670935789357,-0.12145034899398566,0.3167012890395202,6.689365267137769,0.5438943894389439,1515
208,-0.8,8,10,2.0799581588718974,3.1223498548782036,-0.09200037076944523,0.2554429394994715,4.40120513989934,0.5508241758241759,1456
156,-0.8,26,5,2.0102263180581628,3.1349180659035185,-0.12114604604481227,0.3116168826152481,6.471931065935561,0.5461229946524064,1496
156,-0.8,13,5,1.99966904676083,3.044080878816064,-0.12478340215931094,0.28382162551870516,5.374771055376195,0.5555555555555556,1467
52,-0.8,8,10,1.9929953121475317,3.210560489773635,-0.08044815090437363,0.22450626887924385,3.4890220567329857,0.5453929539295393,1476
208,-0.8,13,5,1.9490728375926158,2.9955134790024025,-0.11549106525869801,0.28466505721010216,5.405887029846171,0.5414965986394558,1470
208,-0.8,26,5,1.9420761791777694,3.0353189909893237,-0.1118222072084123,0.3109842793255977,6.445253632523751,0.5414731254147312,1507
52,-0.8,26,10,1.9340399410299833,2.9644772457862962,-0.1253113642576682,0.27118793078809755,4.924089084773492,0.5401459854014599,1507
156,-0.8,4,10,1.84072984012099,3.030047234330114,-0.09147763546395471,0.2041179980037353,2.96358688051513,0.5386206896551724,1450
156,-0.8,8,5,1.831900936886464,2.7458752897758405,-0.11484359289086954,0.22635210542269335,3.5394350596431297,0.5503080082135524,1461
104,-0.8,8,5,1.8121147227643501,2.863962466205894,-0.09676261116118468,0.2190757881836325,3.343504250732427,0.5247457627118645,1475
104,-0.8,13,3,1.7998286432228356,2.775921817360794,-0.1317094784732168,0.2534959638889982,4.339410142686921,0.5417227456258412,1486
104,-0.8,26,5,1.7974247550724225,2.7414266793022097,-0.14816481401258563,0.2721236149491193,4.9564950444352105,0.5399339933993399,1515
52,-0.8,13,5,1.7958602768712524,2.8798616254371066,-0.09463799223493352,0.2360493267819126,3.8124101744072263,0.5309555854643337,1486
104,-0.8,4,10,1.7498784984850848,2.977221173095248,-0.07908370809290244,0.1957702790639131,2.7643345482360284,0.5307377049180327,1464
208,-0.8,26,3,1.749030051608721,2.6905363315819195,-0.11953391747212039,0.28074620127767824,5.262417066820828,0.5397877984084881,1508
156,-0.8,26,3,1.7485456772964572,2.672496706309735,-0.13780113635142321,0.2707431034044925,4.908736750440617,0.5467914438502673,1496
208,-0.8,13,3,1.7033635323419116,2.5905003373753135,-0.13121780269123817,0.2513840763023001,4.273073455512395,0.5438477226376615,1471
208,-0.8,8,5,1.6617737157259522,2.4324089610621895,-0.11483598677905404,0.20504913441852013,2.9863676450177286,0.5443298969072164,1455
208,-0.6,26,10,1.6592771475944148,2.4287581046695714,-0.16968079283454207,0.2482354921944574,4.17549716474535,0.5480078380143697,1531
104,-0.6,26,10,1.6489783749485845,2.404860534723133,-0.11691273187556817,0.2492112041669725,4.205566546973976,0.5406976744186046,1548
156,-0.6,26,10,1.6468659696055035,2.413573575479333,-0.1696807928345423,0.2459604044502095,4.105966803871969,0.5611510791366906,1529
208,-0.8,52,10,1.6338625394678052,2.279631519735415,-0.1512074924761242,0.2798153349853638,5.228749441347195,0.5536759921925829,1537
104,-0.8,52,10,1.6268946805214854,2.3801549800900044,-0.13901336187445168,0.26384768358474053,4.6751185886184645,0.5492227979274611,1544
156,-0.8,13,3,1.6235877903714542,2.4376650166206635,-0.14033075451221966,0.22908584882546745,3.6149980243786457,0.5402455661664393,1466
156,-0.8,52,10,1.6057639367635688,2.386450689320692,-0.13667027657058817,0.2568618382006502,4.446628370752799,0.5518836748182419,1513
208,-0.6,13,10,1.603164075969375,2.329001430252058,-0.14912711355644037,0.21255840253642488,3.174264132369313,0.5421607378129117,1518
52,-0.8,26,5,1.5842259620759644,2.405060623672554,-0.1286460259615836,0.21914103464118306,3.34522810069239,0.5321831453218314,1507
156,-0.6,13,10,1.5648206168204999,2.298755401386616,-0.11552117439157772,0.2032976785835363,2.9436107195387606,0.548472775564409,1506
208,-0.8,4,10,1.5590900583664193,2.4526595741422343,-0.09607236391349117,0.1810912555687434,2.434920994137907,0.5325484764542936,1444
52,-0.6,26,10,1.5533110904766596,2.3160566185572606,-0.11941009889560394,0.22181552677004057,3.416401088622889,0.5263157894736842,1539
104,-0.8,26,3,1.5495532825588307,2.301960863816531,-0.16467379555041228,0.23259589241666934,3.713612373492732,0.5353135313531353,1515
52,-0.8,4,10,1.5419815298853847,2.7127732405818636,-0.056876749324020204,0.1689740731396976,2.1820877276040576,0.5146159075458872,1471
52,-0.8,52,10,1.5178659917629447,2.1958250118508635,-0.14880727415933637,0.2351292344368321,3.785914189691992,0.5439276485788114,1548
208,-0.8,52,5,1.514253850834301,2.109505980397955,-0.1512074924761242,0.25929940196989665,4.525433935628587,0.5484710474951203,1537
52,-0.8,8,5,1.49819807380842,2.3906105223115315,-0.078559110198122,0.17177352712767857,2.2390223074289013,0.5291327913279132,1476
104,-0.6,13,10,1.4946452679680384,2.1635619398610224,-0.11378290288089588,0.1931603263058448,2.703843254721687,0.5381578947368421,1520
104,-0.8,8,3,1.492487461632804,2.327868418392775,-0.09997571778133818,0.1834964642449095,2.487122376037693,0.5145762711864407,1475
156,-0.8,8,3,1.4702607304571935,2.171845993522358,-0.12977068367838684,0.18290725721889656,2.4742714852048975,0.5448323066392882,1461
156,-0.6,52,10,1.469881821205487,2.1301119990950537,-0.13861610482844755,0.23407374480482268,3.7556746701698946,0.5544747081712063,1542
52,-0.6,13,10,1.4618128480981298,2.2219332957295332,-0.10141697491207258,0.18215104479910016,2.4578381764257675,0.525691699604743,1518
156,-0.8,52,5,1.4523570194547681,2.1285658470167,-0.14375746151191937,0.2327176940196818,3.7170668498459003,0.5472571050892266,1513
104,-0.8,52,5,1.4468208957468212,2.0798264524091845,-0.14759450646375327,0.23376690664289557,3.746914903356549,0.5485751295336787,1544
208,-0.6,8,10,1.4261210086521863,2.101199680605147,-0.08974251909232256,0.16003268259017212,2.0059980315556385,0.5420808482438702,1509
208,-0.8,8,3,1.3798920266066197,2.0057205450631477,-0.11730424025796105,0.17340868851879687,2.2726838071431215,0.5257731958762887,1455
208,-0.6,52,10,1.3681062335154135,1.9673223647551088,-0.1925983864772306,0.2199753102784625,3.3673223817245965,0.5449256625727213,1547
52,-0.4,26,10,1.3633328192858991,1.9680677559170698,-0.13900115983734185,0.1990877667584361,2.842456752640553,0.5319284802043422,1566
156,-0.4,26,10,1.3385816351811128,1.9213548168378454,-0.18167870408362563,0.1969525913940624,2.792017252619486,0.5482200647249191,1545
208,-0.8,52,3,1.3344106091295784,1.844677626313603,-0.1512074924761242,0.22816966012000983,3.589553484728378,0.5452179570592063,1537
52,-0.8,13,3,1.3269254012661236,2.0871638062190687,-0.12892617559162844,0.17437504814415639,2.292719261352326,0.5148048452220727,1486
208,-0.4,26,10,1.3136383988279088,1.8775678246061354,-0.1938906219826072,0.19384579501233312,2.7196484592185,0.5422853453841188,1549
156,-0.8,4,5,1.3112528958248633,2.040491785994309,-0.11533356856994048,0.14707181432296124,1.7657360224138006,0.5324137931034483,1450
156,-0.6,26,5,1.2979746786572353,1.8682416841348584,-0.1696807928345423,0.19286295468421577,2.6970046950619295,0.5480706344015697,1529
156,-0.6,8,10,1.2972699443668905,1.899769816596008,-0.10087143684029576,0.14420781764434487,1.714946365471194,0.5371845949535192,1506
52,-0.6,52,10,1.2918054842358309,1.8508667323414065,-0.15750668944939084,0.19894845281576568,2.839148114911914,0.5360824742268041,1552
104,-0.8,52,3,1.2910307945876496,1.8262906637393443,-0.15226075277294837,0.20823774950075413,3.06523921780006,0.5472797927461139,1544
104,-0.6,26,5,1.2837226044326875,1.8166419880903582,-0.13204669494253563,0.19256333519226243,2.6901254920358713,0.5361757105943152,1548
156,-0.4,52,10,1.2785451764542575,1.8321705664141452,-0.18763804365961778,0.20226441174902288,2.9185729235481697,0.5419896640826873,1548
104,-0.6,52,10,1.2682867756838307,1.6940115131586966,-0.1771632574136659,0.20879605922063105,3.0791871871813115,0.5504761904761905,1575
208,-0.6,26,5,1.2658235795395585,1.8031524541927044,-0.16968079283454207,0.19068566685622224,2.647266223612199,0.5453951665578054,1531
52,-0.8,26,3,1.2642834418261444,1.8981396268762862,-0.14282345622092785,0.1746870060512946,2.299209674205113,0.528865295288653,1507
208,-0.4,52,10,1.2580761727992393,1.8117754096408298,-0.1967034885165333,0.1979610653606696,2.815768704723969,0.539057456423499,1549
156,-0.6,52,5,1.249746809963352,1.7828707740234895,-0.13861610482844755,0.1978110565724558,2.8122275893735913,0.5453955901426718,1542
156,-0.8,52,3,1.2490792556330614,1.820327880606141,-0.15273583125232937,0.20052140320034528,2.8766484867587025,0.5399867812293456,1513
52,-0.8,52,5,1.2412049685821906,1.7579083727364797,-0.15339505888784855,0.19007724905211254,2.6334713074480387,0.5355297157622739,1548
104,-0.4,26,10,1.2303338303014981,1.7411674319102184,-0.1816787040836252,0.18483301658356877,2.5164257693838574,0.5355329949238579,1576
208,-0.6,13,5,1.2225053879065384,1.7267155299913708,-0.14912711355644037,0.16423606949124725,2.0876989162045083,0.5368906455862977,1518
52,-0.4,52,10,1.2132319165487224,1.7169819792810435,-0.16618029473738194,0.19073624290988556,2.6484149930569045,0.5370487650411653,1579
208,-0.2,52,10,1.1872115726268375,1.685718519977527,-0.1967034885165333,0.18565714490209562,2.5346004379726366,0.5406451612903226,1550
208,-0.6,52,5,1.179427405163064,1.6649663921068856,-0.1925983864772306,0.18942286458077517,2.618684574480894,0.5468648998060762,1547
104,-0.4,52,10,1.1664622465998131,1.655032079530329,-0.18763804365961756,0.18704743978531058,2.565445109001254,0.5403174603174603,1575
156,-0.6,13,5,1.137945235772675,1.6131548023600781,-0.11922329152811373,0.14859922257908886,1.7931573704486832,0.5391766268260292,1506
156,-0.2,26,10,1.1363222728770637,1.6181940343576324,-0.19537562701267308,0.16519998830409977,2.106702965074647,0.5478036175710594,1548
156,-0.2,52,10,1.1289020919800337,1.613159803511562,-0.17227734934813632,0.17609913653563392,2.3287282742378594,0.5426356589147286,1548
208,-0.8,4,5,1.127282957482548,1.7283366092927093,-0.10528420351795331,0.1325578507861369,1.5165708988979394,0.5277008310249307,1444
208,-0.2,26,10,1.1244867647421655,1.5913507522948698,-0.22640357478735174,0.16299261246070262,2.0633322645326477,0.5341935483870968,1550
104,-0.8,4,5,1.1145756185430367,1.8455749794306584,-0.0957559682407143,0.12849645110918506,1.4504266766894047,0.5126279863481229,1465
52,-0.6,26,5,1.1114895464327184,1.6185772012110238,-0.14468413591907958,0.15842175481831022,1.9751860707321258,0.5243664717348928,1539
52,-0.6,8,10,1.109966571170578,1.6793911078147017,-0.07843726210378277,0.12305803288667083,1.3642148286782492,0.5125994694960212,1508
52,-0.8,52,3,1.0913016835552642,1.5467899557639513,-0.16043240399741288,0.16632331155784552,2.1289773362468742,0.5303617571059431,1548
52,-0.8,8,3,1.0808774481508914,1.6956987522356497,-0.09617496380067425,0.12742971582470042,1.4333052368902308,0.5196476964769647,1476
156,-0.6,52,3,1.078741942775334,1.5272510457996973,-0.13861610482844755,0.17108330815023898,2.2249035891914968,0.5428015564202334,1542
208,-0.6,26,3,1.0706881869506313,1.5114981907235532,-0.17324533779742424,0.16250421649733982,2.0538073125488054,0.5434356629653821,1531
104,-0.2,52,10,1.0683719345320357,1.5116449011105126,-0.2513871925451553,0.17270943218175372,2.2582520339253795,0.540625,1600
156,-0.6,26,3,1.0648929299145868,1.5047190813488154,-0.1696807928345423,0.15861780849610696,1.9789212941641736,0.5448005232177894,1529
104,-0.6,13,5,1.0601908779213318,1.479746648909397,-0.11910127938892212,0.13710932721372782,1.5925267691330856,0.525,1520
52,-0.2,52,10,1.0499234367898587,1.4750443477323316,-0.21423590090993938,0.16396982960601414,2.082467648400795,0.539873417721519,1580
52,-0.2,26,10,1.0491229015260362,1.465377636206978,-0.17587521345079804,0.15293143680792531,1.8722165852001824,0.5347798340778558,1567
52,-0.4,26,5,1.0454058533471666,1.4921879199160866,-0.14587351427562267,0.1520966829504633,1.8568342492058623,0.5268199233716475,1566
104,-0.6,8,10,1.0452231408735004,1.4521997499020647,-0.13924083679538102,0.11950680949945025,1.3093467445322826,0.5354539430086149,1509
104,-0.6,26,3,1.0443778084442221,1.441832694955627,-0.14010748488049818,0.15667507012062365,1.9420866093106124,0.5361757105943152,1548
208,-0.4,52,5,1.044008891832015,1.469792268555599,-0.1967034885165333,0.16397759232253528,2.0826200671014234,0.5351839896707553,1549
156,-0.4,52,5,1.0406381602836214,1.4632074358821348,-0.18763804365961778,0.16336695311454363,2.070650239504344,0.5406976744186046,1548
104,-0.6,52,5,1.0345931921886427,1.360378490630905,-0.19755112015448972,0.1692981796806603,2.1886346876032055,0.5466666666666666,1575
208,-0.6,8,5,1.0282260712119016,1.4803770866365096,-0.11017059788285322,0.11982088796197399,1.3141545819468452,0.5308151093439364,1509
208,-0.4,13,10,1.0196059857391238,1.4326414561885803,-0.16605251298646317,0.1292679189112229,1.462873830047001,0.5415304120340092,1529
52,-0.6,52,5,1.0134589881692206,1.421835530399965,-0.16991782624297924,0.15585310005492925,1.9266209340781706,0.5283505154639175,1552
104,-0.2,26,10,1.0039185048771329,1.4034383342677637,-0.2092636514871563,0.15141767000549078,1.8443744275735257,0.5371536523929471,1588
156,-0.4,26,5,0.9811070149763739,1.3830769951006874,-0.18167870408362563,0.14506480776092423,1.730058782639453,0.5469255663430421,1545
208,-0.4,26,5,0.9707312310397791,1.3669805210178703,-0.1938906219826072,0.14425283635775443,1.7157384338185944,0.540348612007747,1549
52,-0.4,52,5,0.9647321105575848,1.340715104007727,-0.17608859519954645,0.15153575369940997,1.8465378687100245,0.5345155161494617,1579
52,-0.4,13,10,0.9591071192779108,1.359913959650414,-0.1127162233535578,0.12359664227042222,1.3726343059918822,0.5261797026502909,1547
208,-0.6,52,3,0.9587251157346449,1.3422501543420753,-0.1925983864772306,0.15419196691102122,1.8955806544582603,0.5384615384615384,1547
208,-0.2,52,5,0.9556566708546437,1.332826397108105,-0.1967034885165333,0.14928633154687376,1.8055694409979055,0.5361290322580645,1550
156,-0.4,13,10,0.9455915879769847,1.3252807499605803,-0.192923174452579,0.12282557818608408,1.360589117289262,0.5351105331599479,1538
156,-0.8,4,3,0.9428094233169347,1.4449572489298845,-0.10878610782551501,0.11015570003799158,1.1701048570262405,0.5227586206896552,1450
156,-0.6,8,5,0.9411287847591449,1.3421832657657249,-0.11432401350980226,0.10870880924572157,1.1492226585878997,0.5371845949535192,1506
156,-0.2,52,5,0.9263576700046074,1.2999417340399277,-0.17227734934813632,0.14416897466746081,1.714263114899723,0.541343669250646,1548
208,-0.4,26,3,0.9085406008221196,1.266092595871953,-0.1938906219826072,0.13708555110793297,1.5921248940638524,0.5371207230471272,1549
208,-0.8,4,3,0.9061060972246077,1.3727055392279017,-0.10837842067557768,0.10900871016174318,1.1535366264753888,0.5217993079584775,1445
52,-0.8,4,5,0.897680719244127,1.562380881422609,-0.10360549228046845,0.10308906345598445,1.0697557102358397,0.495581237253569,1471
208,-0.6,13,3,0.895303973145106,1.2315778647016173,-0.14912711355644037,0.12214136884471305,1.3499450670059634,0.5349143610013175,1518
104,-0.4,52,5,0.8851045351965905,1.2296660950245586,-0.18763804365961756,0.14064680626911197,1.652922879020585,0.5371428571428571,1575
104,-0.4,26,5,0.8745137467766244,1.1988157120898144,-0.1816787040836252,0.1307052228536647,1.4862097757047152,0.5374365482233503,1576
104,-0.4,13,10,0.8663810177911576,1.1842531574692368,-0.20761482214645344,0.11467855249223424,1.2365168754334022,0.5345710627400768,1562
156,-0.4,52,3,0.8621360293638175,1.2046891894499485,-0.18763804365961778,0.136063668187147,1.5749033974334417,0.5471576227390181,1548
52,-0.2,52,5,0.8600220225386255,1.1872690595267643,-0.21423590090993938,0.1348185281146439,1.554053269634545,0.5373417721518987,1580
52,-0.6,13,5,0.8550670499421711,1.2449893232490057,-0.14220944501036625,0.10878304622088941,1.1502898341620003,0.5223978919631094,1518
208,-0.2,26,5,0.8526428612149691,1.187549555695582,-0.22640357478735174,0.12579467662527022,1.4072632321185363,0.5348387096774193,1550
208,-0.4,52,3,0.8509422639218113,1.1902308526574508,-0.1967034885165333,0.13449373793086505,1.5486386711210791,0.5338928340865075,1549
104,-0.6,52,3,0.8490663626889048,1.101842550631103,-0.2067033943406854,0.13872201534147344,1.6199113272347012,0.5536507936507936,1575
208,-0.2,26,3,0.8483874725983496,1.181281516298256,-0.22640357478735174,0.12743054659642783,1.43331853066399,0.5367741935483871,1550
52,-0.6,26,3,0.8469402299724554,1.2206966791352392,-0.1592785602612491,0.12117975029419004,1.335055637834409,0.5172189733593242,1539
156,-0.2,26,5,0.8442753696908821,1.1845503408004516,-0.19537562701267308,0.12476693998907296,1.3910177198593265,0.5426356589147286,1548
156,-0.4,26,3,0.8419336735104849,1.170589642011656,-0.18167870408362563,0.12557734666640075,1.403819942442036,0.5488673139158576,1545
156,-0.6,13,3,0.8417220843508503,1.1847302946481864,-0.1370019601123822,0.1121845162128976,1.1996811847885493,0.5345285524568393,1506
52,-0.2,26,5,0.8393198732390433,1.163565028843224,-0.17587521345079804,0.12300199084755525,1.363340272724514,0.5271218889597958,1567
52,-0.6,52,3,0.8275549222252742,1.1454742609567974,-0.17398049993469633,0.12604004809244373,1.4111559279277306,0.5257731958762887,1552
52,-0.4,26,3,0.8258902109167513,1.1811440096956523,-0.16870550721747068,0.12078029354864372,1.3288945984311749,0.520434227330779,1566
104,-0.6,13,3,0.8037011380225733,1.0984247134063063,-0.12906229220719845,0.10593794444036653,1.109717066816732,0.5342105263157895,1520
156,-0.2,26,3,0.803161232528286,1.115288297080765,-0.19537562701267308,0.11967137337351375,1.3118647698282593,0.5497416020671835,1548
156,-0.2,52,3,0.7932151786852929,1.1053927343334773,-0.17227734934813632,0.12446875099948818,1.3863220120871538,0.5452196382428941,1548
52,-0.4,52,3,0.7916568019696556,1.0911086767601192,-0.18040183015983957,0.12297436060262168,1.362909195943229,0.526282457251425,1579
208,-0.2,52,3,0.7734255028999202,1.0704966413111974,-0.1967034885165333,0.12191356590757563,1.3464104272847357,0.5341935483870968,1550
208,-0.2,13,10,0.7721352020053177,1.0494525586875236,-0.221272342470629,0.10018996402919611,1.029763861359175,0.5366169799092677,1543
104,-0.2,52,5,0.7588163550020176,1.0576953982443218,-0.2513871925451553,0.12229699519226878,1.3523624466812176,0.539375,1600
104,-0.2,26,5,0.7534657753438004,1.0288910873209565,-0.2092636514871563,0.11447988140887344,1.2335631685374868,0.533375314861461,1588
208,-0.4,13,5,0.7470065178383185,1.0257405134205388,-0.16605251298646317,0.09842162834260337,1.0057001253064226,0.5323741007194245,1529
104,-0.8,4,3,0.7434893463565192,1.2016999154632826,-0.13238248098723515,0.08922974163483088,0.8845497989612561,0.5044368600682594,1465
208,-0.4,8,10,0.7379583135668012,1.0233865198271435,-0.16491153245637957,0.08494389661921864,0.8302613967620887,0.5297969875573019,1527
104,-0.4,52,3,0.7350666111848111,1.0148364336375828,-0.18763804365961756,0.11759209840815776,1.2802232971666445,0.539047619047619,1575
52,-0.2,52,3,0.7214223462912976,0.9858813058242618,-0.21423590090993938,0.1123905492589341,1.2027041715260114,0.5310126582278482,1580
104,-0.4,26,3,0.7152389623968362,0.9720238875045671,-0.1816787040836252,0.10782432259832331,1.1365431424727181,0.5393401015228426,1576
208,-0.6,8,3,0.7076348462802419,0.9815153383624885,-0.13202783450335576,0.08604632737381057,0.8440948668777128,0.5294897282968853,1509
52,-0.2,26,3,0.7019591841104059,0.9768489254750596,-0.18121316386459074,0.10366464619117077,1.0777762119233785,0.5213784301212508,1567
156,-0.6,8,3,0.6937411809212867,0.9684990057648828,-0.12749005314293715,0.08350983761672892,0.8124010123475418,0.5318725099601593,1506
104,-0.2,13,10,0.6789177732727871,0.9200567379418734,-0.1498251211686209,0.09259804715974118,0.9281880940862286,0.527479469361971,1583
208,-0.2,13,5,0.6721223887399507,0.9098559989172853,-0.221272342470629,0.09036724894283821,0.8991902885328149,0.5314322747893714,1543
104,-0.6,8,5,0.6616600986536212,0.8918605070520969,-0.15196667755639426,0.07990369883031656,0.7681533939513063,0.5324503311258278,1510
104,-0.2,52,3,0.6605168507516258,0.917940416584674,-0.2513871925451553,0.10705584012911729,1.1255791901847818,0.535,1600
104,-0.4,13,5,0.6583634592024283,0.8818831458093678,-0.21445546811428073,0.08917090829569951,0.8837952371348361,0.5243277848911652,1562
104,-0.2,26,3,0.6558887102057221,0.8925449848892738,-0.2092636514871563,0.10033651062027027,1.031769245245128,0.5396725440806045,1588
156,-0.4,13,5,0.6392055954383861,0.8724503415147857,-0.192923174452579,0.08591074572587987,0.8423887044319371,0.5403120936280884,1538
104,-0.4,8,10,0.6369219678824011,0.861390473858951,-0.12411391117035941,0.07701142812528938,0.7333433956105293,0.524240465416936,1547
208,-0.4,13,3,0.6319250505110375,0.8582686680745033,-0.16605251298646317,0.08600121675701788,0.8435270422086343,0.5362982341399608,1529
156,-0.2,13,10,0.615197340102021,0.8388795124159888,-0.22127234247062877,0.08155014370509583,0.7882380634395527,0.5343709468223087,1542
52,-0.4,13,5,0.6126828638030546,0.8527333321623406,-0.14050879009675277,0.08219960015044303,0.7962147697672812,0.5255332902391726,1547
52,-0.4,8,10,0.5764951958743774,0.7928404177215217,-0.13880507896894867,0.07009940894453237,0.6525453904250538,0.5202086049543677,1534
52,-0.6,13,3,0.5741065331154234,0.8258962874124766,-0.1590116619656885,0.07681346415795609,0.7309826299314965,0.5237154150197628,1518
104,-0.2,13,5,0.5666335940474501,0.7567884359505553,-0.15346075730959385,0.0792354685480321,0.7600576314922454,0.5224257738471257,1583
208,-0.2,13,3,0.562441670799091,0.7542312840281566,-0.221272342470629,0.07822570955821062,0.7478850147918092,0.5346727154893065,1543
52,-0.2,13,10,0.547527316351893,0.740715382608702,-0.2181815085529175,0.07340315465167402,0.6907483506299559,0.5225225225225225,1554
156,-0.6,4,10,0.5156415778841975,0.7379133518891233,-0.10317241903271968,0.057928819514985186,0.5181774982319178,0.5159574468085106,1504
52,-0.6,8,5,0.5128861063835525,0.7579104671364015,-0.10965108386960898,0.06332529348811144,0.5765416950464293,0.5159151193633952,1508
104,-0.4,13,3,0.5106220872606932,0.6782560182565821,-0.22140868025638472,0.07138130672507415,0.6672790278621068,0.5275288092189501,1562
156,-0.4,13,3,0.49537111535947076,0.6661622258630658,-0.192923174452579,0.06932227504113087,0.6436682677434562,0.5377113133940182,1538
208,-0.6,4,10,0.4950621427898785,0.6842141946836887,-0.09640262514131626,0.055098101113796316,0.488317039762473,0.5276114437791084,1503
208,-0.2,8,10,0.4824738557102461,0.6512568847192094,-0.1902492487250258,0.05932063810437804,0.5330484935503768,0.5257328990228013,1535
208,-0.4,8,5,0.4808079543585003,0.6500239004578106,-0.16491153245637957,0.06036998641405322,0.5443435011845559,0.5330713817943681,1527
156,-0.4,8,10,0.4628879479991097,0.6279353912720991,-0.18262707074719708,0.05751345259894758,0.5137637288648462,0.5326797385620915,1530
52,-0.8,4,3,0.45965061925621736,0.7754760418141994,-0.148012925119681,0.05908077232344011,0.530476677942318,0.4785859959211421,1471
104,-0.2,13,3,0.4567428198942676,0.6030177406101733,-0.16727427132038697,0.06584962013710371,0.6045026103033626,0.5300063171193936,1583
156,-0.2,13,5,0.41790003937215886,0.5611653646176639,-0.22127234247062877,0.05910956903198983,0.5307852359273812,0.5330739299610895,1542
52,-0.4,13,3,0.41454524650059654,0.5737848635526842,-0.1619873249461088,0.059546167101510505,0.5354700010787583,0.5223012281835812,1547
104,-0.2,8,10,0.403043314162391,0.5362293756670136,-0.13381115659332699,0.05301510867301973,0.46666991896740195,0.5229299363057325,1570
104,-0.4,8,5,0.3788195300522507,0.502435139614182,-0.15462995642592348,0.05095314394315009,0.4455101362033824,0.5274725274725275,1547
208,-0.4,8,3,0.355366801785368,0.4740869957041725,-0.18299935311387228,0.04855721069821706,0.42125536827165955,0.5291421087098886,1527
208,-0.2,8,5,0.33134400098345734,0.4403371664806786,-0.1902492487250258,0.04539871777860238,0.3898195012107428,0.5322475570032573,1535
156,-0.2,13,3,0.32083173876259025,0.42662246306120927,-0.22127234247062877,0.048199483917091834,0.41766437377694654,0.5337224383916991,1542
104,-0.6,8,3,0.3120207313793398,0.41616772712001887,-0.15907106418000982,0.044154433995992504,0.37760159098462,0.5198675496688742,1510
52,-0.2,13,5,0.30194789983097214,0.4060602640955259,-0.2181815085529175,0.045434244443117944,0.39016971774145914,0.5231660231660231,1554
156,-0.4,8,5,0.27400345968549566,0.36221885196854714,-0.18262707074719708,0.0396199389009646,0.3338591509037945,0.5366013071895425,1530
208,-0.2,8,3,0.2609538659837971,0.3460235798216608,-0.19827808165224758,0.03886015535663723,0.32664864162036755,0.5276872964169381,1535
156,-0.2,8,10,0.25968843076787823,0.349257868220954,-0.19219802238698247,0.037874110566423536,0.3173411605014078,0.525599481529488,1543
52,-0.6,8,3,0.25916218319034684,0.37206137813110834,-0.15166037322088977,0.0384947027961251,0.3231924457851707,0.5145888594164456,1508
156,-0.6,4,5,0.2313920487632556,0.32476702828370096,-0.12900014269229276,0.03393672115457069,0.28073614808503433,0.5139627659574468,1504
52,-0.2,8,10,0.20475673530936828,0.2759285014239193,-0.1646832083550035,0.0327431206543789,0.2698148157234599,0.5074433656957928,1545
52,-0.4,8,5,0.19374015565924296,0.2630049053507082,-0.142648796083797,0.03189171196445084,0.26207382520371447,0.5182529335071708,1534
104,-0.2,8,5,0.1932378360384079,0.25328318215358075,-0.16492533118229946,0.03191578581143917,0.26229214195535544,0.5254777070063694,1570
156,-0.4,8,3,0.1789256201027281,0.23489372020810304,-0.19098020555127893,0.030287142135148937,0.24759602459025443,0.5248366013071896,1530
104,-0.4,8,3,0.17428400990124301,0.23018960605847116,-0.1897924350249135,0.030104942691739467,0.24596118598641747,0.5223012281835812,1547
52,-0.2,13,3,0.15604501362713016,0.2096788496335443,-0.2181815085529175,0.028695588340643452,0.23337782611057878,0.5173745173745173,1554
156,-0.2,8,5,0.15079360382859025,0.19827649921845703,-0.19219802238698247,0.02748334336790581,0.22264245270431826,0.5340246273493195,1543
104,-0.6,4,10,0.13141883236275165,0.17660224447649628,-0.15531433187832933,0.025274695664992297,0.2032908502382902,0.5089820359281437,1503
156,-0.2,8,3,0.12400927675376804,0.16413849253379703,-0.19934417470380983,0.024867082242134186,0.19974856440736466,0.5236552171095269,1543
208,-0.6,4,5,0.0957726256565921,0.12947075061648664,-0.16554984419218377,0.022125035591879838,0.17615293767041695,0.5123087159015303,1503
156,-0.6,4,3,0.06317626851520838,0.08789315486633557,-0.19341069557272328,0.019205097296970175,0.15146895059911492,0.5199468085106383,1504
208,-0.6,4,3,0.045131689569678536,0.06141146169813893,-0.2008447764228738,0.017664996882382544,0.13863104668013726,0.5149700598802395,1503
104,-0.2,8,3,0.028571786865829667,0.037295931162613684,-0.2313318898323895,0.015046327818772465,0.11708661117428432,0.5191082802547771,1570
52,-0.4,8,3,0.016471312406783248,0.022102795385245025,-0.20839094763883126,0.013866473769184262,0.10749549529478464,0.5169491525423728,1534
52,-0.6,4,10,0.0009505714807076602,0.0013607369733715242,-0.15662634294565647,0.014323761687643044,0.11120433127623297,0.4916833000665336,1503
52,-0.2,8,5,-0.08840377826398847,-0.11887203124560251,-0.22297665625908125,0.0037058455314609162,0.027804243750444657,0.5106796116504855,1545
52,-0.2,8,3,-0.1994232185580528,-0.2668468322246071,-0.3178178162745777,-0.008031850255883044,-0.05803708429283638,0.511326860841424,1545
104,-0.4,4,10,-0.20903271994760256,-0.2704111325586849,-0.21778255901675558,-0.0038126499726544028,-0.02792410087583408,0.5081116158338741,1541
208,-0.4,4,10,-0.27524662886012397,-0.3501533049445176,-0.26679850246399495,-0.007392267403006358,-0.053524872592058514,0.5233092580433355,1523
208,-0.2,4,10,-0.2978069220762925,-0.37002495194485413,-0.2844271868980517,-0.009791057507077316,-0.07035230878685905,0.5251141552511416,1533
156,-0.4,4,10,-0.31783640494952564,-0.40713316435879504,-0.26005359603545186,-0.01156049904366152,-0.08259842137489248,0.508519003931848,1526
104,-0.2,4,10,-0.3209629857072862,-0.41199336875728604,-0.22488881754263035,-0.01243976708509753,-0.08863165808360984,0.5092889173606663,1561
208,-0.2,4,3,-0.33915936258285195,-0.4337352425065343,-0.3726187270416521,-0.01659673845172338,-0.11669297432000458,0.5133724722765819,1533
104,-0.6,4,5,-0.3600092123590724,-0.4735777895496246,-0.2443704582224806,-0.017819347724719048,-0.12480249155785506,0.49833666001330673,1503
52,-0.4,4,10,-0.37148481117756244,-0.4849411988161224,-0.25395012190053823,-0.01688514629734783,-0.11861180695127993,0.4954128440366973,1526
208,-0.2,4,5,-0.39687796095318834,-0.4988223605024926,-0.3508085427280757,-0.019625166713367337,-0.1366625687424975,0.5107632093933464,1533
156,-0.2,4,3,-0.40513719055029573,-0.5240685967657835,-0.37235234098440395,-0.022565923410726385,-0.1556790689284191,0.5172413793103449,1537
156,-0.2,4,10,-0.40632584855833226,-0.5190585279230325,-0.29109012885469976,-0.018619740930007622,-0.1300765106366718,0.5107351984385166,1537
208,-0.4,4,3,-0.4151197086899874,-0.5375680674772279,-0.3828254627920492,-0.02206011950094222,-0.15243431682661235,0.5101772816808929,1523
156,-0.4,4,5,-0.417241624855155,-0.5324869446866235,-0.3554790843353359,-0.020923182416395902,-0.14510141780314523,0.5104849279161205,1526
156,-0.4,4,3,-0.42181205185459403,-0.5418759446045714,-0.37641890855550497,-0.0237298433971469,-0.16310487323901535,0.5176933158584535,1526
208,-0.4,4,5,-0.44677993073963507,-0.568296851714175,-0.35335879734188125,-0.02275127543442379,-0.15686541593358772,0.5062376887721602,1523
156,-0.2,4,5,-0.45248198401227535,-0.5801187493072892,-0.3720857944416808,-0.02422662154019095,-0.1662570697234198,0.5100845803513337,1537
104,-0.4,4,5,-0.5169828909837125,-0.6676999595167963,-0.336046568852178,-0.03112827923532213,-0.2089993736109077,0.5016223231667748,1541
104,-0.2,4,5,-0.5351744298845754,-0.6890265030174966,-0.33707142969671744,-0.03195704469464378,-0.2140021309386233,0.5035233824471492,1561
52,-0.6,4,5,-0.545296891484911,-0.7655339208274418,-0.3328017655402189,-0.03070305477603652,-0.20642187430576875,0.4823685961410512,1503
104,-0.6,4,3,-0.6031921344875261,-0.7901461791838799,-0.36106687959044836,-0.04051033047592201,-0.26405558602455714,0.499001996007984,1503
104,-0.2,4,3,-0.6834929289858082,-0.8864640493631162,-0.41892656980011445,-0.047039428242570236,-0.3003844447293843,0.5009609224855862,1561
104,-0.4,4,3,-0.7098806653774867,-0.9204314788262116,-0.42579774805675596,-0.04976397008187228,-0.31507900778312115,0.4970798182998053,1541
52,-0.2,4,10,-0.723543333081188,-0.8999563179235888,-0.38453034184347545,-0.04614611434758864,-0.29550744285632746,0.4918883841661259,1541
52,-0.4,4,5,-0.7244561732655828,-0.9429790237779286,-0.4055771557169404,-0.047148641867247765,-0.3009786823774996,0.49148099606815204,1526
52,-0.6,4,3,-0.7332009782487432,-1.0389059441303141,-0.4088908410079657,-0.04811873403993194,-0.3062378738731105,0.47305389221556887,1503
52,-0.4,4,3,-0.8932245534630602,-1.1826633528459325,-0.4729596111085389,-0.06340556127875974,-0.3847090433136142,0.4803407601572739,1526
52,-0.2,4,5,-1.017062829753668,-1.2760588581853969,-0.5016226455559816,-0.07189562847642439,-0.4248785406793272,0.4873458792991564,1541
52,-0.2,4,3,-1.1100288988346296,-1.4286077304428875,-0.5453175967213141,-0.08280380970814516,-0.4731447499040419,0.47696301103179756,1541
