ma_window,z_window,buy_threshold,short_threshold,hold_hours,top_n,Sharpe,Sortino,Total_Return,Max_DD,n_trades,Win_Rate
50,200,0.7,0.97,8,20,0.5788122771017307,0.8030193484353073,0.18319461045861396,-0.1266431608944455,399,0.48872180451127817
100,100,0.8,0.97,8,10,0.46170210879045936,0.6616967312556791,0.20998228392191276,-0.13024365625734458,394,0.5
100,100,0.8,0.95,8,10,0.45413479446393407,0.6536997884848955,0.19850248303705698,-0.1399938407592468,397,0.5088161209068011
100,100,0.8,0.92,8,10,0.4274896564928167,0.6825752415732552,0.14095098951670515,-0.13006618587165997,400,0.495
50,100,0.8,0.95,8,20,0.339947720976329,0.4522576096191993,0.10188037631946711,-0.16147700391191433,402,0.5024875621890548
50,100,0.8,0.97,8,20,0.27875832514712434,0.3739292586748826,0.07529656183129219,-0.17663407823952915,402,0.5099502487562189
50,200,0.7,0.97,8,10,0.2592482216441935,0.3636378153359097,0.05008456775100312,-0.18702021736081864,399,0.49373433583959897
100,100,0.8,0.9,8,10,0.24738938345734013,0.4394533652975378,0.06939644159652558,-0.13887227476597297,401,0.46384039900249374
100,100,0.8,0.95,8,20,0.22784459894435133,0.32215135422859564,0.09133895769996125,-0.13244564912324808,397,0.4836272040302267
50,200,0.7,0.9,8,20,0.19402778673872764,0.253539059826822,0.029354917377559575,-0.12138557643800252,402,0.4975124378109453
100,100,0.8,0.97,8,20,0.16420531214964407,0.2334545822778167,0.06574704217554506,-0.13019979471639354,394,0.4796954314720812
100,100,0.8,0.92,8,20,0.13888229503745494,0.21140114402324214,0.035557656276079985,-0.13468786507387864,400,0.47
50,200,0.7,0.95,8,20,0.13357339282501626,0.174140726376917,0.0023874499418250483,-0.17506756541335533,399,0.48621553884711777
100,100,0.5,0.97,8,10,0.13042009926424658,0.17739100595826165,0.05923033619236251,-0.1865834243654544,409,0.5036674816625917
100,100,0.7,0.97,8,10,0.12417110730983365,0.1675023864111985,0.056575958558885864,-0.17685231899722853,405,0.49876543209876545
50,100,0.8,0.95,8,10,0.10482960987758355,0.13964985542931013,-0.0017230842514374123,-0.18857883568609668,402,0.48507462686567165
50,100,0.7,0.95,8,20,0.10266097460883548,0.13253217093285166,0.006300769941929296,-0.20912457040837773,411,0.5060827250608273
50,100,0.6,0.85,8,20,0.08234575789951626,0.13509672973502215,0.006538738907663211,-0.11255520487379578,415,0.4530120481927711
50,100,0.7,0.85,8,20,0.07378602466332106,0.12021063158173603,0.005340789121680123,-0.1043335381220335,415,0.44819277108433736
100,100,0.7,0.95,8,10,0.06393751078345235,0.08532053391392432,0.036604897774289435,-0.15745445383950263,405,0.5037037037037037
100,100,0.5,0.95,8,10,0.06013254159131885,0.08100463401575486,0.035768667090857464,-0.16707317625904972,409,0.5061124694376528
50,100,0.6,0.95,8,20,0.05974028352741608,0.0779444310218761,-0.008274574333026363,-0.21925758653820704,412,0.49514563106796117
50,100,0.8,0.97,8,10,0.0446187978816896,0.05955854908142209,-0.02963535344821633,-0.22664150992231824,402,0.49502487562189057
100,100,0.6,0.97,8,10,0.03656377659831401,0.0493371038196644,0.02357823115380797,-0.18796992996289363,409,0.49877750611246946
100,100,0.7,0.9,8,10,0.028635360606717775,0.04580123318726047,0.006709270520797617,-0.12399817818989378,406,0.4802955665024631
50,200,0.7,0.92,8,20,0.023359502825371598,0.03057942749007965,-0.020710233393729904,-0.13394594208653654,400,0.5025
50,100,0.7,0.97,8,20,0.009633539784259713,0.012705589683073169,-0.02802144960751607,-0.24161087175884344,411,0.5109489051094891
100,100,0.7,0.92,8,10,0.008493230666119744,0.012116613692568935,-0.0020013205810730517,-0.11061691477173408,406,0.5024630541871922
100,100,0.5,0.9,8,10,-0.0053343467507914345,-0.008574856940694014,-0.0015528479606651269,-0.12857040514626283,409,0.4841075794621027
50,100,0.5,0.95,8,20,-0.01526734499331295,-0.01963613371297092,-0.032598844067432964,-0.18176858552115405,415,0.4987951807228916
50,100,0.9,0.97,8,20,-0.01649852685908964,-0.016258226334652914,-0.09387833697188308,-0.2640062314213978,327,0.48623853211009177
50,100,0.9,0.97,8,10,-0.030734355630680384,-0.0302902123499775,-0.10189527730354941,-0.26113855582264434,327,0.4923547400611621
100,100,0.5,0.92,8,10,-0.036803606808812624,-0.05253373028769019,-0.01431217986462563,-0.11793463875727694,409,0.5061124694376528
100,100,0.6,0.95,8,10,-0.03989508349340696,-0.05320471015636075,0.0011950070810529123,-0.16817582669036746,409,0.5012224938875306
50,100,0.6,0.97,8,20,-0.04565770313755218,-0.06043445216140663,-0.04538694664856757,-0.2442706876954538,412,0.4975728155339806
100,100,0.8,0.9,8,20,-0.04818729736670203,-0.08279756131112251,-0.019108274848378515,-0.16100695265570608,401,0.4389027431421446
50,100,0.6,0.9,8,20,-0.05596643082722429,-0.07821512215840348,-0.028787750165625514,-0.1574500856105847,413,0.46731234866828086
50,100,0.7,0.95,8,10,-0.05704280460240392,-0.07432033421775402,-0.05046671041670714,-0.2186245476652524,411,0.4793187347931874
50,100,0.8,0.92,8,20,-0.07777533833192164,-0.09467321389663692,-0.05256886840403996,-0.13946264010222642,405,0.48641975308641977
100,100,0.5,0.95,8,20,-0.09153429603098047,-0.12007220763199868,-0.013050330021583068,-0.17596228388836,409,0.4889975550122249
50,100,0.7,0.9,8,20,-0.09788529791909521,-0.13360484421015664,-0.03885193583908786,-0.15876019923261409,412,0.47815533980582525
50,100,0.9,0.95,8,20,-0.10599754630651283,-0.10628720131331655,-0.13376537493931895,-0.28027818961832907,338,0.46745562130177515
50,200,0.5,0.97,8,20,-0.10947935186328876,-0.1347794761348676,-0.06735677706527365,-0.19116744742947422,403,0.5062034739454094
50,100,0.5,0.97,8,20,-0.11154877554276203,-0.14547092205464884,-0.06647431762391842,-0.20503330893916183,415,0.5012048192771085
50,100,0.9,0.95,8,10,-0.11449258030397312,-0.11510658695054346,-0.13849411050998373,-0.28416729555389786,338,0.47041420118343197
100,100,0.6,0.9,8,10,-0.13156012742836581,-0.20957908754309026,-0.03207226479160674,-0.1287151855576123,409,0.4792176039119804
100,100,0.5,0.97,8,20,-0.14161902070954788,-0.1888317906154309,-0.03396797433989007,-0.19916870388733654,409,0.49144254278728605
50,100,0.5,0.85,8,20,-0.14869449687410746,-0.21799314170727452,-0.036639013188118574,-0.10664595674315469,416,0.46153846153846156
100,100,0.5,0.9,8,20,-0.15376916484978653,-0.2294375186295953,-0.03200374698269837,-0.1568598343974167,409,0.46454767726161367
50,100,0.6,0.95,8,10,-0.15727834500875132,-0.20474739805397832,-0.08310551777203956,-0.23234701306396988,412,0.4733009708737864
100,100,0.6,0.92,8,10,-0.15789968065450694,-0.2213114118291916,-0.0479645244334399,-0.13280668652585648,409,0.5012224938875306
50,100,0.5,0.9,8,20,-0.16263760970299607,-0.21787125454357628,-0.05469158248688988,-0.15008098829484162,416,0.4831730769230769
50,100,0.7,0.97,8,10,-0.16563207215645778,-0.21599738223543175,-0.0930617772540614,-0.26444541482011263,411,0.49391727493917276
50,100,0.7,0.85,8,10,-0.1720962526514602,-0.2770180780408369,-0.03972103837047314,-0.1359630121771448,415,0.43855421686746987
50,100,0.6,0.85,8,10,-0.18155461661289352,-0.29559013061747386,-0.04172160560035043,-0.14320086662562015,415,0.43855421686746987
50,100,0.7,0.92,8,20,-0.18261476488737366,-0.22533750666686672,-0.0716831969953935,-0.18172438136659386,411,0.49148418491484186
50,100,0.8,0.9,8,20,-0.18998111771776563,-0.2673349705718035,-0.06789665984036808,-0.13714927751411787,408,0.46568627450980393
50,100,0.6,0.92,8,20,-0.19626281858994132,-0.2513899342682815,-0.0736128131431063,-0.18950021611782186,412,0.4878640776699029
100,100,0.8,0.85,8,10,-0.19915993472016255,-0.36323764676569736,-0.0315989269945004,-0.10610678478855584,405,0.42962962962962964
50,200,0.8,0.97,8,20,-0.20326204043627538,-0.24608037379191405,-0.14722009170469186,-0.2342824770126366,388,0.48195876288659795
100,100,0.5,0.85,8,10,-0.22255152545166382,-0.3851046470222179,-0.034195483288399275,-0.09508672544449215,409,0.4449877750611247
100,100,0.7,0.85,8,10,-0.22572890166076945,-0.3925771020933408,-0.034166903955127115,-0.08656740649041006,406,0.4433497536945813
50,100,0.5,0.92,8,20,-0.2261630860444203,-0.28932274469441926,-0.08050938503841476,-0.17201089099964428,415,0.4963855421686747
50,100,0.6,0.97,8,10,-0.24453251783292346,-0.3176276400833538,-0.1175279133087811,-0.2697590083852063,412,0.4878640776699029
100,100,0.5,0.92,8,20,-0.24499359039880036,-0.323819934678413,-0.06231489467487694,-0.13910648813164128,409,0.4743276283618582
50,200,0.7,0.9,8,10,-0.245308612785283,-0.3206348293325865,-0.08579503171237723,-0.16324857895102407,402,0.4925373134328358
100,100,0.5,0.85,8,20,-0.2592836867174354,-0.4499691469218689,-0.035994248311118415,-0.0999519515050391,409,0.45232273838630804
100,100,0.6,0.95,8,20,-0.27020445768184154,-0.3504006959709033,-0.06567928198769668,-0.18607522796655662,409,0.4792176039119804
50,100,0.5,0.95,8,10,-0.27239345640794127,-0.35268150088731287,-0.12077110650294554,-0.20995713749499467,415,0.4746987951807229
100,100,0.9,0.97,8,10,-0.2875182088208356,-0.27830372117999613,-0.19106878999093735,-0.2472104768188661,325,0.47692307692307695
50,200,0.7,0.95,8,10,-0.2880475496486672,-0.3787030765871754,-0.13714797520871636,-0.25746636338781115,399,0.49122807017543857
50,100,0.6,0.9,8,10,-0.30842794446226923,-0.4528672267570488,-0.08869309724854635,-0.19572574498970008,413,0.43099273607748184
100,100,0.7,0.95,8,20,-0.31331359469406583,-0.40118131241974964,-0.08120478122444053,-0.18805005078183878,405,0.48148148148148145
100,100,0.6,0.97,8,20,-0.31506862003030794,-0.41576527630247334,-0.08755210822394133,-0.21019704509937487,409,0.48166259168704156
50,100,0.8,0.92,8,10,-0.31770160549226334,-0.39571841436497285,-0.12579204351813034,-0.16937221272074476,405,0.4641975308641975
50,100,0.7,0.9,8,10,-0.3250838613443391,-0.46871473570067673,-0.09348203216099826,-0.1970189895746941,412,0.4393203883495146
50,200,0.6,0.97,8,20,-0.32554556389402867,-0.3270564476920884,-0.1578922177396429,-0.2534778492253055,402,0.48507462686567165
50,100,0.8,0.85,8,20,-0.3267951293228989,-0.5103420951705039,-0.06985321565546365,-0.12085583718596948,413,0.44794188861985473
100,100,0.7,0.9,8,20,-0.3300925113625117,-0.49131022055664486,-0.07088702649405698,-0.16828818433879733,406,0.45320197044334976
50,100,0.7,0.92,8,10,-0.33055540726485155,-0.42651508971684426,-0.11326741169955734,-0.21521849199056275,411,0.46228710462287104
100,100,0.6,0.9,8,20,-0.33110025465191284,-0.4895932028415822,-0.07002641903816698,-0.15642976847039491,409,0.45965770171149145
100,100,0.9,0.97,8,20,-0.3333454272190717,-0.3211073772795688,-0.21313281635546122,-0.25380594627883635,325,0.47692307692307695
100,200,0.7,0.9,8,20,-0.34378904542328237,-0.47233796189258764,-0.09667639016607932,-0.11907052880306446,396,0.494949494949495
100,200,0.9,0.9,8,10,-0.34425620171880716,-0.41585173322998836,-0.14626065689113976,-0.1969149075267611,374,0.5053475935828877
100,100,0.7,0.92,8,20,-0.34955242503367856,-0.46320045485033695,-0.08964108797964365,-0.14855755776018764,406,0.4605911330049261
50,200,0.8,0.97,8,10,-0.3537591270128467,-0.4308562260814055,-0.2047607286194577,-0.28594864965683586,388,0.49226804123711343
50,100,0.5,0.97,8,10,-0.3561229244519515,-0.46036481012703434,-0.1540166340794249,-0.27060080749173254,415,0.4891566265060241
100,200,0.9,0.9,8,20,-0.36609696509570105,-0.44051437773219654,-0.15319807144721875,-0.18942772410306086,374,0.5080213903743316
100,100,0.9,0.92,8,10,-0.3749730885657705,-0.4860848881111503,-0.19095479876416566,-0.30063970813881047,357,0.43977591036414565
100,100,0.7,0.97,8,20,-0.3798960556332214,-0.49487211534904696,-0.1107817495466269,-0.21404385738437737,405,0.47901234567901235
50,200,0.5,0.9,8,20,-0.4012338884273309,-0.472575232362214,-0.1070713574915666,-0.18856572676550643,403,0.5086848635235732
50,100,0.6,0.92,8,10,-0.40384990939039206,-0.532300810736131,-0.13103890364777204,-0.22062703904456682,412,0.4563106796116505
100,200,0.9,0.92,8,10,-0.41075923326119373,-0.42441886540105583,-0.18655620756985114,-0.22057770083992623,363,0.509641873278237
100,100,0.9,0.95,8,10,-0.41156164669091766,-0.39238456386469295,-0.2390287858246568,-0.2899257428356694,333,0.4774774774774775
100,100,0.6,0.92,8,20,-0.4132555663547666,-0.5363364426324534,-0.10300780485937688,-0.15786279538784553,409,0.4669926650366748
100,100,0.6,0.85,8,10,-0.4133411467290351,-0.6941979935872797,-0.06611797351843263,-0.10322832224043677,409,0.4400977995110024
50,200,0.7,0.85,8,20,-0.42102018861116935,-0.5419054673287694,-0.08756148183395962,-0.10571058190306382,402,0.47761194029850745
100,200,0.5,0.9,8,20,-0.42125467855057724,-0.5390755429732529,-0.10074253053001925,-0.12269045359028607,396,0.5075757575757576
100,200,0.9,0.92,8,20,-0.42664427308414227,-0.43982372748699045,-0.19220190824441508,-0.21598678670862337,363,0.512396694214876
50,200,0.7,0.92,8,10,-0.4335265032777075,-0.5698965636559153,-0.14304542880187865,-0.1985583342274041,400,0.4975
100,100,0.9,0.95,8,20,-0.4346448429256485,-0.4118325314073868,-0.24987487075443426,-0.29987178141116344,333,0.4804804804804805
100,100,0.9,0.92,8,20,-0.4427648915410458,-0.5678280607690438,-0.21495124094047624,-0.31778740701358,357,0.43977591036414565
50,200,0.8,0.95,4,20,-0.46932630969327355,-0.638762869308159,-0.24432475406873533,-0.32491460686862306,776,0.4690721649484536
50,100,0.8,0.9,8,10,-0.47355688287715364,-0.686152689957597,-0.13746863397846598,-0.16795299293414245,408,0.4338235294117647
50,100,0.5,0.85,8,10,-0.47516675309098483,-0.7016795769871197,-0.09564420143734698,-0.14771065561333607,416,0.43990384615384615
100,200,0.6,0.9,8,20,-0.4760169583489631,-0.6207754635503264,-0.11416545706126657,-0.13435392017322345,396,0.5050505050505051
100,100,0.7,0.85,8,20,-0.4849436153428062,-0.847103521335755,-0.07066717932756417,-0.09793572096953673,406,0.43103448275862066
50,100,0.5,0.9,8,10,-0.4858072025884318,-0.6898963193405686,-0.13112918705582655,-0.2032222428451832,416,0.4375
50,200,0.8,0.9,4,20,-0.4931853716012777,-0.6356251222456288,-0.1946694975101868,-0.24738395962340487,789,0.4423320659062104
100,200,0.5,0.92,8,20,-0.4949040142557021,-0.6091801716293328,-0.12349935160806869,-0.16171165801190013,396,0.49242424242424243
100,200,0.5,0.97,8,20,-0.5085656059339215,-0.6323384716020017,-0.17240390939875339,-0.21672159395724644,396,0.47474747474747475
50,100,0.5,0.92,8,10,-0.5099417639462828,-0.6712131502396462,-0.15794478362101538,-0.22863815353216832,415,0.4602409638554217
100,100,0.6,0.85,8,20,-0.5151646021622637,-0.8605705149812033,-0.07568960832683214,-0.10892433201629947,409,0.4474327628361858
100,200,0.5,0.9,8,10,-0.5162471045970348,-0.7056538014695336,-0.12531859612248997,-0.16760235266712842,396,0.494949494949495
50,200,0.5,0.95,8,20,-0.5336712435884128,-0.6144628261827743,-0.17653111924603804,-0.21144192276623752,403,0.5062034739454094
100,100,0.8,0.85,8,20,-0.5355898975147754,-0.9844418842276248,-0.08178532590329002,-0.11612586938984049,405,0.41975308641975306
50,200,0.8,0.92,4,20,-0.5495735906343466,-0.7221116770082446,-0.22232897137432506,-0.2728631379936629,783,0.45338441890166026
100,200,0.5,0.95,8,20,-0.556749627051573,-0.6501852558727172,-0.16958847556053247,-0.20835871713032617,396,0.4797979797979798
100,200,0.8,0.9,8,20,-0.5658151682842038,-0.7340293155279287,-0.1577583871947229,-0.1577583871947229,390,0.4948717948717949
50,200,0.5,0.97,8,10,-0.5763809312638196,-0.7344426275055451,-0.21818580997627934,-0.26373806970225355,403,0.48635235732009924
100,200,0.7,0.92,8,20,-0.5772267376230034,-0.6926869835420884,-0.16198260167631895,-0.20238378645921995,396,0.48484848484848486
100,200,0.7,0.97,8,20,-0.582382587965386,-0.7388320581236464,-0.2144695643296881,-0.25620551373831624,396,0.4621212121212121
100,200,0.7,0.9,8,10,-0.5875860706596922,-0.8243310325476975,-0.14820850583214706,-0.17319547364001509,396,0.4823232323232323
50,200,0.6,0.9,8,20,-0.5926145103539541,-0.5323650999521974,-0.1916218016888821,-0.2659324713328429,402,0.48009950248756217
100,200,0.6,0.97,8,20,-0.5940395301817621,-0.7251228760120867,-0.20256819067564602,-0.24307935692329397,396,0.47474747474747475
100,200,0.9,0.9,4,10,-0.5981530073947688,-0.9263638618513397,-0.24279878686355283,-0.2538184935320017,744,0.46236559139784944
100,200,0.9,0.9,4,20,-0.6032215918863298,-0.9287411465645022,-0.24510578794845383,-0.2559686832687891,744,0.45698924731182794
100,200,0.6,0.9,8,10,-0.6103850200148214,-0.840321043118687,-0.14434295470689262,-0.1690608197850777,396,0.4898989898989899
50,200,0.8,0.97,4,20,-0.6164366278919422,-0.8394541343834806,-0.3058852509294072,-0.3630150881689198,775,0.4735483870967742
100,200,0.7,0.85,8,20,-0.618377330236892,-0.7284772059564697,-0.11408196828307182,-0.13800344211807525,396,0.4898989898989899
50,200,0.8,0.95,4,10,-0.6230581038803997,-0.8556706813781813,-0.2959540590333988,-0.36875220603384506,776,0.46134020618556704
100,200,0.5,0.85,8,20,-0.6236653825721556,-0.7304048468972976,-0.10722234085662852,-0.14318204788768574,396,0.5075757575757576
100,100,0.7,0.97,4,10,-0.6238383702993928,-0.7803988906171327,-0.22261078045502258,-0.3161588074370568,812,0.4667487684729064
100,100,0.8,0.92,4,10,-0.6249398054220905,-0.9485459932882975,-0.19828263008881053,-0.24474184163500734,802,0.470074812967581
50,200,0.5,0.92,8,20,-0.6260591943659453,-0.728186694338595,-0.16777625778560445,-0.20578128103330018,403,0.5086848635235732
50,200,0.8,0.95,8,20,-0.6283649266642408,-0.7185728522610961,-0.27943656189113,-0.3576075896159927,389,0.4755784061696658
100,200,0.5,0.92,8,10,-0.6335273908458154,-0.8198754647052938,-0.1617785679934559,-0.20620388287973712,396,0.49747474747474746
50,100,0.8,0.85,8,10,-0.6344713441877808,-0.9810880258147994,-0.12591851017817712,-0.15590839462542438,413,0.4406779661016949
100,200,0.6,0.92,8,20,-0.6354145875555286,-0.746230282360029,-0.1596277109963795,-0.1964944958213648,396,0.49242424242424243
100,200,0.6,0.85,8,20,-0.6445248452076442,-0.7577358374711741,-0.11161200989609898,-0.14663028687845892,396,0.5
100,200,0.8,0.9,8,10,-0.651235440895901,-0.8686513435426303,-0.17564533250527337,-0.1797326848005304,390,0.4846153846153846
100,100,0.8,0.97,4,10,-0.6554936490953425,-0.8532158443047394,-0.2449955012778382,-0.306134302493163,792,0.47853535353535354
100,100,0.8,0.95,4,10,-0.6596440515895633,-0.8735860060005934,-0.2307636244650586,-0.2844212413367797,797,0.47176913425345046
100,200,0.7,0.95,8,20,-0.6609079229876123,-0.7926138833909776,-0.21872673861861658,-0.25577199240628123,396,0.45707070707070707
50,200,0.8,0.9,8,20,-0.6616294291792469,-0.6987288347392221,-0.21756493978635139,-0.24035000233930603,395,0.4936708860759494
100,200,0.6,0.95,8,20,-0.6710420988672074,-0.7666892072536395,-0.20511806888160378,-0.2401599643041905,396,0.4797979797979798
50,200,0.6,0.97,8,10,-0.6711139217616459,-0.6976708362664581,-0.2785526082093076,-0.32923138578313216,402,0.472636815920398
100,200,0.9,0.95,8,10,-0.6776771010120904,-0.673703562975206,-0.2936611465705292,-0.3265295289161433,346,0.5057803468208093
100,100,0.7,0.95,4,10,-0.6818172446899509,-0.8648105205104462,-0.22789288601140245,-0.30206055136951815,812,0.4630541871921182
100,200,0.9,0.95,8,20,-0.6834824873209133,-0.6811575615441725,-0.29444593819609266,-0.32028983116347565,346,0.5057803468208093
100,100,0.9,0.9,8,10,-0.7062236515613678,-0.9023636394762979,-0.2954623531472452,-0.33215865393261534,372,0.43010752688172044
100,200,0.5,0.95,8,10,-0.7113606658741982,-0.902480432311239,-0.22213036170364542,-0.2704588466643796,396,0.4722222222222222
100,100,0.7,0.92,4,10,-0.714091387792063,-1.01532495235502,-0.20880324919705895,-0.24693692509829623,813,0.46371463714637146
50,200,0.5,0.85,8,20,-0.7166232846665463,-0.8968090455625849,-0.1333914595815916,-0.149858689481421,403,0.4987593052109181
50,100,0.9,0.92,8,20,-0.7232996204075045,-0.6908303155876735,-0.3459189512044196,-0.43529432895366893,355,0.4422535211267606
50,200,0.8,0.97,4,10,-0.7318603497538569,-1.0056268271330124,-0.3449785974821995,-0.39513076588749274,775,0.46064516129032257
100,200,0.5,0.97,8,10,-0.7327243079320086,-0.9837264769935868,-0.2487800860029864,-0.2919932098369321,396,0.4797979797979798
50,200,0.8,0.9,4,10,-0.7344560380047033,-0.9564320153612631,-0.2561990585532571,-0.3045739228690886,789,0.4372623574144487
50,100,0.9,0.92,8,10,-0.7387016110276796,-0.7069723470242567,-0.3512379314642845,-0.43160866463061875,355,0.4450704225352113
50,200,0.6,0.95,8,20,-0.7395629070036841,-0.703911890608649,-0.2684080393072238,-0.30706061729533773,402,0.48258706467661694
50,200,0.6,0.92,8,20,-0.7421578735843988,-0.6766112873481471,-0.2389424177372238,-0.2795234599050289,402,0.4900497512437811
50,200,0.6,0.85,8,20,-0.7594613455184185,-0.9242072130425885,-0.14386278860176993,-0.16050305988542335,402,0.472636815920398
50,200,0.8,0.92,4,10,-0.7642842506374343,-1.0099912990993087,-0.28002547721198867,-0.324364081902623,783,0.4495530012771392
100,200,0.9,0.97,8,20,-0.7756092862992138,-0.8256316216163608,-0.34739276578573053,-0.34739276578573053,340,0.49117647058823527
100,200,0.9,0.97,8,10,-0.7781980572597169,-0.8261234609148169,-0.3499580623505292,-0.3499580623505292,340,0.49117647058823527
100,200,0.6,0.92,8,10,-0.7836743070188934,-0.9668403080887278,-0.19762104156962268,-0.23631907535807173,396,0.49242424242424243
100,200,0.5,0.85,8,10,-0.7844493985735485,-0.9721670528359393,-0.13291337029569927,-0.16596329300449397,396,0.4797979797979798
50,200,0.7,0.95,4,20,-0.7854943788723197,-1.0881066668854675,-0.28571104502678213,-0.34356535439996627,798,0.4699248120300752
50,200,0.7,0.85,8,10,-0.7941271542770594,-0.9976539241053884,-0.15328364541818218,-0.17099669836701992,402,0.46766169154228854
100,100,0.9,0.9,8,20,-0.7978639489677704,-1.011383803580552,-0.32205507705050385,-0.3524124227355123,372,0.4274193548387097
50,200,0.7,0.97,4,20,-0.8004551351332515,-1.1438368715272254,-0.30446404924353565,-0.3599813900521165,798,0.47619047619047616
100,200,0.8,0.9,4,20,-0.8028961307079606,-1.1987626881484876,-0.22101381538592613,-0.2330221323427677,782,0.4398976982097187
100,200,0.6,0.85,8,10,-0.8231562318758876,-1.022530662077778,-0.13901139298973075,-0.1690507915255709,396,0.4722222222222222
50,200,0.8,0.95,8,10,-0.8247070780297396,-0.9469865245318971,-0.3376240704695871,-0.40948256954566753,389,0.48586118251928023
100,100,0.5,0.97,4,10,-0.8270091749932902,-0.9980531060422219,-0.2706430852921138,-0.3190341026002136,819,0.4627594627594628
50,200,0.7,0.92,4,20,-0.8300191339949027,-1.175906586816133,-0.2424847693923916,-0.29819585239082025,800,0.46375
100,200,0.8,0.92,8,20,-0.833781787368148,-0.8965515715036741,-0.25090656871587846,-0.2628013860106384,389,0.48586118251928023
100,200,0.7,0.85,8,10,-0.8359263228117145,-1.0249953038127444,-0.14779083755456002,-0.172372824845774,396,0.4722222222222222
100,200,0.7,0.92,8,10,-0.8420216440524282,-1.0284487774684032,-0.22191744140643077,-0.24727901454000012,396,0.48484848484848486
50,200,0.7,0.9,4,20,-0.8503153933887467,-1.1818018279636926,-0.2334045659721269,-0.2754983460143273,802,0.4551122194513716
100,200,0.6,0.95,8,10,-0.8541718095669675,-1.057481144871032,-0.2596551110031352,-0.30082695350747735,396,0.4696969696969697
100,100,0.6,0.97,4,10,-0.8569698446491005,-1.0343222370696306,-0.28218766488830427,-0.3270004392917861,818,0.460880195599022
100,200,0.8,0.97,8,20,-0.8578357657469233,-0.9702952978275976,-0.3437434188634878,-0.35231273289810106,388,0.47680412371134023
100,200,0.6,0.97,8,10,-0.8582336665058613,-1.1272397109489243,-0.28383546766894396,-0.3203414886550603,396,0.4772727272727273
50,200,0.8,0.92,8,20,-0.8648114033461338,-0.9294292994823735,-0.281106533181154,-0.3230925607647158,392,0.4897959183673469
100,200,0.9,0.85,8,10,-0.8655326142005322,-0.8325092699269406,-0.2463760008121726,-0.28660328454035244,389,0.5012853470437018
100,200,0.9,0.85,8,20,-0.8680206057510947,-0.8275610153170555,-0.24702607164022505,-0.2837390111034759,389,0.5038560411311054
100,100,0.8,0.9,4,10,-0.8821696473974,-1.3867027995516767,-0.24566617140410507,-0.2669484961867489,805,0.4496894409937888
50,200,0.8,0.9,8,10,-0.8873779133240968,-0.9421076915651657,-0.27203888170928725,-0.2932376245312712,395,0.4860759493670886
100,100,0.7,0.9,4,10,-0.893151183270612,-1.3318848520742936,-0.2312409745395294,-0.24908130134928186,813,0.44157441574415746
100,200,0.7,0.95,8,10,-0.9108028911464042,-1.1328664563194917,-0.2866694666748646,-0.3149210139911539,396,0.45454545454545453
100,200,0.8,0.85,8,20,-0.9113418217592957,-1.0037318578505352,-0.17022877786527335,-0.1927339436347949,395,0.4911392405063291
100,200,0.7,0.97,8,10,-0.9117231404212606,-1.1967588678241732,-0.310206849706944,-0.32896167833917567,396,0.4696969696969697
100,100,0.5,0.95,4,10,-0.916563354752034,-1.1154039632541872,-0.27928494482944777,-0.31402335290965333,819,0.4603174603174603
100,200,0.8,0.92,8,10,-0.9300522431538292,-1.011468431136759,-0.2729728537813222,-0.2874379105782763,389,0.493573264781491
100,200,0.8,0.9,4,10,-0.9428990996169986,-1.399831892657229,-0.2519524147799367,-0.26455661437945577,782,0.4437340153452685
100,100,0.6,0.95,4,10,-0.944512588407304,-1.1485009817244027,-0.2901182932076152,-0.3243345347614853,818,0.45843520782396086
50,200,0.7,0.97,4,10,-0.9701243563683226,-1.403167368280601,-0.35613273957088143,-0.38974994165228927,798,0.45363408521303256
50,100,0.6,0.95,4,20,-0.9825977261247248,-1.2235437140685759,-0.3240713313893674,-0.3603676517407116,825,0.46424242424242423
100,200,0.8,0.97,8,10,-1.0241852774213438,-1.1801724683756387,-0.3923749727786824,-0.39813687160554123,388,0.4845360824742268
50,200,0.7,0.95,4,10,-1.024265404027639,-1.4423196835026892,-0.35117902459626216,-0.3894870046359621,798,0.4523809523809524
100,100,0.8,0.92,4,20,-1.0253128576947712,-1.5519218782804494,-0.2871907414871716,-0.3319556393055979,802,0.46633416458852867
100,200,0.6,0.9,4,20,-1.0289463225905056,-1.447212003413049,-0.22710007484605665,-0.23933849944342078,794,0.4269521410579345
50,100,0.6,0.97,4,20,-1.0311495845712435,-1.3178738386270128,-0.34654855037621013,-0.37713868703006437,825,0.463030303030303
100,200,0.8,0.85,8,10,-1.031422691579145,-1.1724925204047199,-0.18839918579906345,-0.22207750255852443,395,0.4810126582278481
100,200,0.8,0.95,8,20,-1.0324756994684774,-1.096657768622229,-0.3670380663389764,-0.3782596508940511,388,0.47164948453608246
100,200,0.7,0.9,4,20,-1.053891575011463,-1.4671519278825824,-0.25252286387502565,-0.2745216470880639,794,0.43073047858942065
50,100,0.6,0.95,4,10,-1.057349684694801,-1.3137553098973997,-0.35987229922692243,-0.3911229551909058,825,0.4581818181818182
50,200,0.6,0.9,8,10,-1.064217238233083,-0.9642675973184661,-0.304726223534324,-0.32790275279994874,402,0.4601990049751244
50,100,0.6,0.97,4,10,-1.0698728672713598,-1.354288039583896,-0.3749159778640694,-0.4049938984944851,825,0.4690909090909091
50,200,0.8,0.92,8,10,-1.0699937758035813,-1.1534615084014666,-0.3293218333181943,-0.36849190970044465,392,0.4897959183673469
100,200,0.8,0.92,4,20,-1.070467031261405,-1.4054372898973824,-0.30908134022437417,-0.32436632282720357,779,0.4454428754813864
100,100,0.7,0.92,4,20,-1.0817594218329938,-1.5493635938608838,-0.27479941620514214,-0.3060026994445554,813,0.4612546125461255
50,200,0.5,0.92,4,20,-1.0873417281759699,-1.4503581606253764,-0.27801696900824857,-0.31679210609159314,807,0.4473358116480793
100,200,0.9,0.92,4,10,-1.0998727001122786,-1.4146142184757733,-0.4241877717024517,-0.4241877717024517,723,0.45228215767634855
50,200,0.5,0.9,8,10,-1.1012994603593038,-1.2738445886237983,-0.2491848971488413,-0.2704486408777359,403,0.47642679900744417
100,100,0.5,0.92,4,10,-1.101591035314658,-1.4576217642999598,-0.27813151973425077,-0.30652003168128594,819,0.4603174603174603
50,100,0.9,0.9,8,20,-1.101997956659555,-1.2883613899527884,-0.377862389074063,-0.4223533774174293,372,0.42473118279569894
100,100,0.8,0.95,4,20,-1.1082257598952183,-1.4795494575470278,-0.34230053575370467,-0.3621207603891662,797,0.47176913425345046
100,200,0.5,0.9,4,20,-1.1134125341496552,-1.5670824784464346,-0.24123325130031859,-0.2527244752050962,794,0.42947103274559195
50,200,0.5,0.97,4,20,-1.11508870430864,-1.4838430894257848,-0.34708179554298013,-0.3820436175196509,807,0.46592317224287483
100,100,0.6,0.92,4,10,-1.119569873726436,-1.466941349998775,-0.28708221693452285,-0.315118729893722,818,0.45965770171149145
50,100,0.9,0.9,8,10,-1.122080782205338,-1.3195880645601603,-0.38310112145966113,-0.4286046570272606,372,0.43010752688172044
100,200,0.9,0.92,4,20,-1.1300721966686957,-1.4513776769397626,-0.43345005720837426,-0.43351988753619286,723,0.45228215767634855
50,200,0.5,0.95,4,20,-1.1303060903521713,-1.4570060303833618,-0.33289268610519607,-0.3719789651181469,807,0.459727385377943
100,100,0.7,0.9,4,20,-1.1353481794873006,-1.7265771417192197,-0.26537676251055253,-0.28345230647799924,813,0.43911439114391143
100,200,0.6,0.92,4,20,-1.1426284622560614,-1.5415835594939584,-0.266359375276799,-0.28635020385552856,794,0.4357682619647355
50,200,0.7,0.92,4,10,-1.147675538662213,-1.6674714752572075,-0.31194600720213284,-0.34967791931018666,800,0.4525
50,200,0.9,0.97,8,10,-1.154882575649586,-1.1274071153627605,-0.51397018282818,-0.5733817140186622,331,0.4743202416918429
50,100,0.7,0.95,4,10,-1.1576389612192455,-1.4291088068735325,-0.38642081072121603,-0.4190278034102234,823,0.46051032806804376
50,200,0.5,0.95,8,10,-1.1631435523786047,-1.3677645656032609,-0.3350376987999425,-0.36506610082431057,403,0.4838709677419355
50,100,0.6,0.92,4,20,-1.1633361615214208,-1.453901858878693,-0.3223361656736765,-0.33646262722337283,825,0.4509090909090909
100,200,0.8,0.92,4,10,-1.1651095982482604,-1.522941368611052,-0.3309086442899696,-0.3474389848710234,779,0.4454428754813864
100,200,0.8,0.95,8,10,-1.1748105254276644,-1.2698684474579192,-0.4039090427611086,-0.4194020627837023,388,0.47680412371134023
100,200,0.5,0.92,4,20,-1.1773482097187855,-1.6743174047627734,-0.26616550071916545,-0.2859313914891095,794,0.43702770780856426
50,100,0.7,0.95,4,20,-1.1786890849190712,-1.420497423272136,-0.3758272931371405,-0.39000728444181343,823,0.4690157958687728
100,100,0.8,0.97,4,20,-1.183135155744118,-1.5694181113645624,-0.3796505961451804,-0.4065323863339003,792,0.47853535353535354
50,200,0.9,0.97,8,20,-1.1836368616262656,-1.164925006412493,-0.5224539261018006,-0.5801103485682835,331,0.459214501510574
50,200,0.7,0.9,4,10,-1.1843674550979852,-1.6831284218584825,-0.30022589047719783,-0.3364182104649891,802,0.4389027431421446
50,200,0.5,0.9,4,20,-1.1891822766458706,-1.5505145746451685,-0.28125483387996775,-0.3018820973540409,807,0.44114002478314746
100,100,0.7,0.95,4,20,-1.195307414424335,-1.498673948082375,-0.33776293116754674,-0.35725175949312904,812,0.45320197044334976
50,200,0.8,0.85,8,20,-1.2005104481981275,-1.329253907137153,-0.24454817054168043,-0.2596891260150356,397,0.4811083123425693
100,200,0.7,0.92,4,20,-1.2009890390829954,-1.6142692642280274,-0.2986669402413069,-0.3249226605237292,794,0.43828715365239296
50,100,0.5,0.95,4,20,-1.2012415255184319,-1.4118417220335422,-0.3660647061800527,-0.37503872418357176,829,0.4583835946924005
100,100,0.8,0.9,4,20,-1.2078528095303407,-1.9013808374682917,-0.307875839091461,-0.33093244046777526,805,0.4372670807453416
50,100,0.8,0.95,4,10,-1.2096570173589833,-1.524531937206291,-0.4411974834726464,-0.4554280713950152,802,0.4613466334164589
50,200,0.6,0.95,8,10,-1.2181234110789996,-1.1838837793071966,-0.3966567691626264,-0.42939230586154664,402,0.4701492537313433
50,100,0.5,0.97,4,20,-1.224540902142705,-1.4812700987549972,-0.38295302728858227,-0.39344614274031775,829,0.4571773220747889
50,100,0.9,0.9,4,10,-1.23235213701815,-1.3892409598614253,-0.48647448566436224,-0.5614929377821166,747,0.44712182061579653
50,100,0.8,0.95,4,20,-1.2358648893154536,-1.5533823036357093,-0.4349512898019663,-0.44324892412848027,802,0.47256857855361595
50,200,0.9,0.9,8,20,-1.236722988602904,-1.1574776780719478,-0.4257135155341506,-0.4310203943359675,371,0.4743935309973046
50,200,0.6,0.85,8,10,-1.239757646738688,-1.4575699421858057,-0.22293511403373611,-0.23865557376101332,402,0.44776119402985076
100,200,0.6,0.97,4,20,-1.240910938042238,-1.6032422130884745,-0.3576190072803591,-0.37058337265218444,794,0.45843828715365237
50,200,0.6,0.92,8,10,-1.2460366526898337,-1.1537341007662283,-0.35943996062264205,-0.38558742733129614,402,0.4701492537313433
100,100,0.7,0.97,4,20,-1.250107133708619,-1.574110802703811,-0.3641914435759659,-0.38650007261733343,812,0.45689655172413796
50,100,0.9,0.9,4,20,-1.2511639030884671,-1.4094851129273007,-0.49159416843964354,-0.5683975441576967,747,0.45113788487282463
50,100,0.7,0.97,4,10,-1.251320093883435,-1.5631880217261178,-0.4212435439594806,-0.4489758359903909,823,0.4690157958687728
50,100,0.7,0.97,4,20,-1.2527164635359038,-1.538494108867182,-0.40473767019223994,-0.42000565331287243,823,0.4641555285540705
50,200,0.6,0.92,4,20,-1.2553882545461275,-1.6757965440661382,-0.31776920877950354,-0.3549077513625619,806,0.45409429280397023
100,100,0.5,0.9,4,10,-1.2563421554956624,-1.7193458601244211,-0.2820262213533725,-0.29611217988380634,819,0.43956043956043955
50,200,0.9,0.9,8,10,-1.263325362726986,-1.1753257653830926,-0.43077905679653083,-0.4360391258365438,371,0.48247978436657685
100,100,0.6,0.9,4,10,-1.2676346334841502,-1.7307969681037658,-0.2890290783337345,-0.30297764751102796,818,0.4388753056234719
50,200,0.9,0.95,8,10,-1.2683841864770071,-1.210131918961678,-0.5001634512564266,-0.5312685703268253,342,0.47368421052631576
50,100,0.9,0.85,8,10,-1.2776513394534341,-1.5424876647419703,-0.3296729631978417,-0.3577570535777711,403,0.4441687344913151
50,100,0.5,0.97,4,10,-1.2777720664783792,-1.5427340871107582,-0.41857537468463235,-0.4439132224324802,829,0.4632086851628468
50,100,0.5,0.95,4,10,-1.2784084191035,-1.5112781104461677,-0.4057130023409605,-0.43472574227594907,829,0.45235223160434257
50,200,0.9,0.95,8,20,-1.283865058559084,-1.2331816980242238,-0.504972636417067,-0.5339476126096339,342,0.4619883040935672
100,200,0.5,0.97,4,20,-1.2844277655391667,-1.7037244809943208,-0.3603313262998704,-0.3733308830616623,794,0.4609571788413098
50,100,0.9,0.85,8,20,-1.2903318867049836,-1.5393368404588363,-0.32786007779288473,-0.3587750997382707,403,0.43672456575682383
100,200,0.6,0.9,4,10,-1.3001802540307192,-1.817023436767355,-0.2837858568032582,-0.2936415291885598,794,0.4420654911838791
50,200,0.6,0.97,4,20,-1.3037731274898845,-1.739606631781342,-0.3961930740776277,-0.4303118859617866,806,0.46898263027295284
50,200,0.5,0.85,8,10,-1.3116237694366357,-1.5706001385991153,-0.22871591957537174,-0.2425562969869729,403,0.45905707196029777
100,200,0.5,0.9,4,10,-1.3128834721354758,-1.8416176548071244,-0.2848736097054865,-0.29422357981267366,794,0.44584382871536526
50,200,0.9,0.92,8,20,-1.3297881952340964,-1.2424004139558893,-0.44988685174058163,-0.4583453915027549,357,0.47058823529411764
50,200,0.6,0.95,4,20,-1.3310647689799746,-1.7217696639907607,-0.3830952146749905,-0.42156954143117087,806,0.46153846153846156
50,100,0.6,0.9,4,20,-1.3329659704284154,-1.6706400406117403,-0.30018446439614177,-0.3124712336159461,827,0.44014510278113667
50,200,0.5,0.92,8,10,-1.3354143099606888,-1.5471468497952598,-0.3158570882535977,-0.3399810709877845,403,0.4838709677419355
50,200,0.5,0.97,4,10,-1.3380101928508634,-1.8113004066620766,-0.41737473071851994,-0.4421947995523986,807,0.4436183395291202
50,100,0.6,0.92,4,10,-1.3411554231335925,-1.6575677200752226,-0.3692092761460122,-0.39057467478789765,825,0.4448484848484848
50,200,0.9,0.92,8,10,-1.3411807205442288,-1.2462078037308186,-0.45127210831768294,-0.4597093483747404,357,0.4789915966386555
50,200,0.6,0.9,4,20,-1.3457601041433433,-1.74132207501279,-0.31976144543018015,-0.34347830198849816,806,0.4392059553349876
50,100,0.7,0.92,4,20,-1.3516870616056118,-1.6071015442203018,-0.3671975916486132,-0.3837302987411154,824,0.44902912621359226
100,200,0.6,0.95,4,20,-1.3525567369067475,-1.6626554038564039,-0.35799531984487176,-0.3782936852571961,794,0.4521410579345088
100,100,0.9,0.92,4,10,-1.3537877467428436,-1.603120079102874,-0.4881973420123845,-0.5307882274681806,718,0.4763231197771588
100,200,0.5,0.97,4,10,-1.353847799598105,-1.837892263726875,-0.40099250749896,-0.4103278397619545,794,0.4596977329974811
50,100,0.5,0.92,4,20,-1.3555675167669343,-1.5927187905830187,-0.3527368165571757,-0.36661958609442047,829,0.44752714113389624
100,200,0.7,0.9,4,10,-1.3650840817344738,-1.8732922480848857,-0.3157439647881085,-0.3288878437524545,794,0.43828715365239296
50,100,0.8,0.97,4,10,-1.3677003966111614,-1.7212118567331802,-0.494034902018318,-0.5059990910208765,799,0.46808510638297873
50,200,0.8,0.85,8,10,-1.3724243077089129,-1.5255060389544512,-0.2751104913353577,-0.2905936500422087,397,0.4659949622166247
50,200,0.9,0.95,4,10,-1.383134073382606,-1.4008663960241667,-0.5755263077420569,-0.600092688074927,674,0.48516320474777447
100,200,0.6,0.97,4,10,-1.3893452794298702,-1.8407152763355215,-0.4133050890585225,-0.4221782791790014,794,0.45717884130982367
100,200,0.5,0.95,4,20,-1.3905425884242497,-1.7565398044887257,-0.3584084592583514,-0.37878291068106684,794,0.45591939546599497
50,200,0.9,0.95,4,20,-1.4030099405490064,-1.4194432585204584,-0.5811000544150058,-0.6053438546135963,674,0.4836795252225519
100,100,0.5,0.97,4,20,-1.4035524645143809,-1.6910330247099152,-0.37733097911462143,-0.3919512492576759,819,0.44932844932844934
100,200,0.5,0.92,4,10,-1.413280414910662,-1.9976153202306717,-0.3196305835349099,-0.3355024476828332,794,0.44962216624685136
50,100,0.8,0.97,4,20,-1.4158380590862245,-1.7838946614773161,-0.49121494362053464,-0.49862920469315397,799,0.47309136420525655
100,200,0.7,0.97,4,20,-1.4171253277743137,-1.8764497819247181,-0.40789060928988063,-0.4273314683975218,794,0.45465994962216627
100,100,0.9,0.92,4,20,-1.4336571343256093,-1.7016546390829974,-0.504045592905656,-0.5474349312484825,718,0.4735376044568245
100,100,0.5,0.95,4,20,-1.439048128511773,-1.719667683384801,-0.36852969061257934,-0.37850443074918994,819,0.4444444444444444
100,200,0.6,0.92,4,10,-1.442850872815804,-1.942104118922376,-0.33152822563544104,-0.34781133294033806,794,0.44836272040302266
50,200,0.5,0.95,4,10,-1.4486954662497882,-1.90261133945263,-0.41734428956764225,-0.44405602879798534,807,0.4423791821561338
100,100,0.6,0.97,4,20,-1.460173252578773,-1.7576210471455083,-0.3938572762377299,-0.4093741951410056,818,0.44987775061124696
50,100,0.7,0.92,4,10,-1.4604336899846877,-1.7809282652241418,-0.3955492100098089,-0.41890220744117757,824,0.44538834951456313
50,100,0.5,0.9,4,20,-1.4615248206865366,-1.748120160146376,-0.32837856961462264,-0.3419382793593846,831,0.43922984356197353
50,200,0.9,0.97,4,10,-1.461963902993013,-1.449145375905075,-0.6217805810405167,-0.6391203761720359,650,0.48615384615384616
50,200,0.9,0.85,8,10,-1.4663617023361162,-1.5436004122200992,-0.3824791592098654,-0.38555629095824395,388,0.46649484536082475
100,100,0.9,0.85,8,10,-1.4693807261323273,-1.931753405479675,-0.3221570808991022,-0.32506485589218814,401,0.4339152119700748
100,100,0.5,0.9,4,20,-1.472169543094313,-2.0434762644105873,-0.30119344288928995,-0.3150056964937539,819,0.43223443223443225
50,100,0.8,0.92,4,20,-1.4753058738851745,-1.781191934022663,-0.42583219917571513,-0.43483032200297966,809,0.4561186650185414
50,200,0.6,0.97,4,10,-1.4753665364967616,-1.99734591080178,-0.44992214094116056,-0.4746376749375678,806,0.4478908188585608
100,100,0.6,0.95,4,20,-1.4792269337504154,-1.764058837367662,-0.38172659497149686,-0.3944873887749639,818,0.4449877750611247
100,100,0.6,0.9,4,20,-1.4866780523303633,-2.0534050855418666,-0.30871194569306737,-0.32379106933402635,818,0.4352078239608802
100,200,0.8,0.97,4,20,-1.490050691066308,-1.9356966619400802,-0.48414103472512093,-0.5081120352021007,775,0.46580645161290324
50,200,0.9,0.97,4,20,-1.491202428985475,-1.4773840379613288,-0.6291712230846109,-0.6430657662796051,650,0.48615384615384616
50,200,0.9,0.85,8,20,-1.5025064610095564,-1.5720515092790373,-0.3869359461800216,-0.38855608245075957,388,0.47164948453608246
50,200,0.5,0.92,4,10,-1.5045311414927223,-2.0397834210326313,-0.36861781863932785,-0.39486030019409046,807,0.4436183395291202
100,200,0.8,0.97,4,10,-1.5064225423619688,-1.9578367404608201,-0.4971747450568037,-0.5201997753035651,775,0.4632258064516129
50,100,0.8,0.92,4,10,-1.5071744673769312,-1.826614939262454,-0.4398544797066063,-0.4529168442023601,809,0.44499381953028433
100,200,0.5,0.95,4,10,-1.5157272040319498,-1.9674800812483577,-0.40498771090744856,-0.4208961877788281,794,0.4508816120906801
100,200,0.7,0.92,4,10,-1.5216351578674183,-2.0237339946697874,-0.36552229884703735,-0.3787312707213717,794,0.4420654911838791
100,200,0.7,0.95,4,20,-1.5276222774117327,-1.9428864150011185,-0.40838519933171,-0.4315415322454016,794,0.44710327455919396
50,100,0.7,0.9,4,20,-1.527943414675307,-1.8699909756699122,-0.33853941666147613,-0.35199875498643673,826,0.437046004842615
100,100,0.6,0.92,4,20,-1.5426015380538518,-2.007541340886594,-0.345616991634597,-0.3652276465048123,818,0.45354523227383864
50,100,0.9,0.97,4,10,-1.5432218615142237,-1.5196191866604385,-0.6490566235022381,-0.6667728000968105,645,0.47131782945736433
100,100,0.5,0.92,4,20,-1.5471016172098575,-2.0394619656761352,-0.34011409973712525,-0.3581145440552256,819,0.4517704517704518
50,200,0.9,0.9,4,20,-1.548722848961336,-1.615659719355704,-0.5511075429551616,-0.5583646217739684,732,0.4494535519125683
50,100,0.9,0.97,4,20,-1.549870133899337,-1.5287791371354666,-0.648294914071009,-0.6614441937354376,645,0.47131782945736433
100,200,0.6,0.95,4,10,-1.5504589286316233,-1.963276084967505,-0.4173889628883981,-0.43270054186634843,794,0.44710327455919396
50,200,0.9,0.9,4,10,-1.5580468666920853,-1.621894197885401,-0.5508278366913189,-0.5580894374181484,732,0.4494535519125683
100,200,0.7,0.97,4,10,-1.560008150783866,-2.082871109539379,-0.4597367723115987,-0.46519759563774843,794,0.45465994962216627
50,100,0.5,0.92,4,10,-1.5607744739456504,-1.8139592079095628,-0.40577955653292297,-0.4277667725969414,829,0.44028950542822676
50,100,0.6,0.9,4,10,-1.5637798740675424,-1.920393611279987,-0.34815063904824073,-0.368300231040535,827,0.4280532043530834
50,100,0.9,0.95,4,10,-1.588989523029963,-1.5227903209049385,-0.6576698595873217,-0.6923623342187226,667,0.46476761619190404
50,100,0.9,0.95,4,20,-1.5890081802765441,-1.523866455600181,-0.6557204452566148,-0.687471167468414,667,0.4662668665667166
100,200,0.6,0.85,4,20,-1.5916807495397114,-2.041287702800288,-0.26698827064653907,-0.27412848297392967,794,0.42191435768261965
50,200,0.6,0.95,4,10,-1.5985550337507097,-2.0977334593592243,-0.4512556585975974,-0.47788733543797124,806,0.445409429280397
100,200,0.5,0.85,4,20,-1.6076153378485458,-2.077353660282689,-0.2684500468220381,-0.2740578677791773,794,0.41309823677581864
50,200,0.8,0.85,4,20,-1.6194120572056163,-2.039161869682327,-0.30947408608212457,-0.32687942587513863,797,0.43914680050188204
50,200,0.5,0.9,4,10,-1.6239349938747336,-2.131158073241307,-0.36631819960850787,-0.39038498833117763,807,0.4312267657992565
50,200,0.6,0.92,4,10,-1.6241400234337797,-2.2066963066173573,-0.3933625137436245,-0.41892983106486015,806,0.4466501240694789
50,100,0.9,0.92,4,10,-1.624502816371839,-1.5827066689390397,-0.6335636053203263,-0.6621083261912479,708,0.4491525423728814
50,100,0.6,0.85,4,20,-1.626694271707727,-2.279930931054257,-0.28312877614515597,-0.29650551817044735,830,0.41686746987951806
50,100,0.9,0.92,4,20,-1.6276860819210415,-1.5892757920644371,-0.6331946172925206,-0.6585339157316001,708,0.4548022598870056
100,200,0.9,0.97,4,20,-1.6628015591076002,-1.8299350538064114,-0.6509092447624822,-0.6509092447624822,672,0.45535714285714285
50,200,0.7,0.85,4,20,-1.6628054700582005,-2.0862284162921996,-0.30150368537977146,-0.3109886232263548,805,0.4409937888198758
100,100,0.9,0.85,8,20,-1.6629809757494052,-2.149404586227979,-0.34517059272142747,-0.3476607119112286,401,0.4389027431421446
50,200,0.5,0.85,4,20,-1.6689503395847463,-2.126757404331958,-0.2839463752143816,-0.29512445067792836,807,0.44114002478314746
100,200,0.9,0.97,4,10,-1.6719298296323912,-1.8411584706764894,-0.653620487187654,-0.653620487187654,672,0.45535714285714285
100,200,0.8,0.95,4,20,-1.6836479159360331,-2.0564497629379517,-0.494726762438793,-0.5234288447499931,776,0.4574742268041237
50,100,0.7,0.9,4,10,-1.6912681904355367,-2.081557608235112,-0.37434664916151805,-0.3959659182838703,826,0.4297820823244552
100,200,0.7,0.95,4,10,-1.6996899929502314,-2.1746247082994667,-0.45837076628827245,-0.4710423706473432,794,0.43954659949622166
50,200,0.9,0.92,4,20,-1.7080113508230466,-1.7898646255720054,-0.5800490000369292,-0.5862943347839132,709,0.46403385049365303
50,200,0.9,0.92,4,10,-1.720952495999825,-1.795665651148252,-0.5809292850686817,-0.5871615285866972,709,0.46403385049365303
100,200,0.8,0.95,4,10,-1.7233759982569188,-2.1120419367106447,-0.509901426655673,-0.5400730465707255,776,0.4497422680412371
50,200,0.6,0.9,4,10,-1.729907505375889,-2.2562383379023925,-0.3906885102930835,-0.41488100819273754,806,0.4280397022332506
50,100,0.5,0.9,4,10,-1.730594116244443,-2.0297393827712407,-0.3839156852596247,-0.4068045444157766,831,0.4259927797833935
50,100,0.8,0.9,4,20,-1.731654515326722,-2.0817796405920386,-0.41577043660612634,-0.42870271892521594,816,0.4387254901960784
50,100,0.8,0.9,4,10,-1.733341070273644,-2.1023772260108804,-0.4233413564248001,-0.44065881635831483,816,0.43014705882352944
50,100,0.5,0.85,4,20,-1.7450290639208343,-2.205756842511883,-0.3105049094411665,-0.32197474371796475,832,0.41947115384615385
100,200,0.7,0.85,4,20,-1.7541235383912726,-2.243898793207353,-0.299376979619873,-0.30426128353163984,794,0.4168765743073048
100,200,0.5,0.85,4,10,-1.8062418494498214,-2.320956093924481,-0.30013145741473035,-0.3042942605395599,794,0.43828715365239296
50,200,0.6,0.85,4,20,-1.8218427619958757,-2.32720022958345,-0.31008320544281687,-0.32202959409136034,806,0.4317617866004963
100,200,0.6,0.85,4,10,-1.8335777868491594,-2.3430913786299246,-0.3043922545399036,-0.30981739825643695,794,0.43954659949622166
100,200,0.9,0.95,4,10,-1.8356053586919967,-2.116232934017709,-0.634178416664667,-0.634178416664667,693,0.45165945165945165
100,100,0.7,0.85,4,10,-1.8468716867471422,-2.4973514096679756,-0.28939477539479364,-0.29087062848844325,814,0.42874692874692877
100,200,0.9,0.95,4,20,-1.8538708932897654,-2.1391610556985867,-0.6371800006827235,-0.6372247201991825,693,0.455988455988456
50,100,0.7,0.85,4,20,-1.88128399652209,-2.604126317206962,-0.3165555184034411,-0.3306688279087804,830,0.42289156626506025
100,200,0.8,0.85,4,20,-1.8879523791634727,-2.3769804405461112,-0.3358383432635421,-0.34123898449165724,793,0.43883984867591425
100,100,0.9,0.9,4,10,-1.8982230332311651,-2.1788612173812956,-0.5565827032060207,-0.5748539461607602,747,0.4457831325301205
100,100,0.5,0.85,4,10,-1.9127362317340304,-2.5989849369341838,-0.29823248550443715,-0.29975702266571325,819,0.4236874236874237
50,100,0.6,0.85,4,10,-1.9200704208680819,-2.6650928688494138,-0.3259554577085275,-0.3457927006660928,830,0.41325301204819276
50,200,0.8,0.85,4,10,-1.9277062380827072,-2.41688427159848,-0.3541355364395289,-0.37123493674500807,797,0.424090338770389
50,200,0.7,0.85,4,10,-1.9402277270617463,-2.4562571122397427,-0.3372753557255198,-0.34680808944599106,805,0.42732919254658386
100,100,0.6,0.85,4,10,-1.9908167485162152,-2.6143565583127097,-0.3121039626497032,-0.3135983650698393,818,0.4229828850855746
100,200,0.7,0.85,4,10,-1.9938775404690574,-2.524901332665906,-0.33541887396423264,-0.3392675294847698,794,0.4357682619647355
100,100,0.5,0.85,4,20,-2.0012687305356365,-2.7694513632918265,-0.29539771892804534,-0.29680312411414544,819,0.40293040293040294
100,100,0.9,0.9,4,20,-2.004964448197027,-2.3042099237904963,-0.573821872975852,-0.593285560081803,747,0.4364123159303882
100,100,0.7,0.85,4,20,-2.01554155960076,-2.7468009330363072,-0.2957241865270208,-0.29748370715146677,814,0.4103194103194103
100,200,0.9,0.85,4,10,-2.0287511764648665,-2.321459210595892,-0.46551903949368734,-0.46989550276302106,779,0.45186136071887034
100,200,0.8,0.85,4,10,-2.0402798298426257,-2.5610387241123838,-0.3575457896736458,-0.36201253119624743,793,0.4514501891551072
50,200,0.5,0.85,4,10,-2.043907816670424,-2.5759251486519625,-0.3368483406428434,-0.3481375622610626,807,0.42627013630731103
100,200,0.9,0.85,4,20,-2.0453449355909052,-2.3412973777171873,-0.46938425024803887,-0.4740076083460243,779,0.4557124518613607
50,100,0.5,0.85,4,10,-2.0885074312279803,-2.623827338246319,-0.3610494538878277,-0.3798538747025211,832,0.41225961538461536
100,100,0.9,0.97,4,10,-2.100856572033167,-2.0037872233964173,-0.711030697158209,-0.7149757276099462,651,0.47465437788018433
100,100,0.6,0.85,4,20,-2.103321074303975,-2.7836614399437725,-0.31103903455494086,-0.3129350060481473,818,0.4070904645476773
50,100,0.7,0.85,4,10,-2.126558086086151,-2.9619015983907953,-0.3528585660175221,-0.37335923259094506,830,0.40963855421686746
50,200,0.6,0.85,4,10,-2.1447805661994366,-2.723590712003366,-0.3513946355511902,-0.3631685704198875,806,0.4218362282878412
100,100,0.8,0.85,4,10,-2.1484958309897952,-2.9452963894107076,-0.3434982551771336,-0.3434982551771336,812,0.43596059113300495
50,200,0.9,0.85,4,20,-2.1664520422207922,-2.4648712293993817,-0.5353301378534292,-0.5375090544283161,776,0.44716494845360827
100,100,0.9,0.97,4,20,-2.1851688156718265,-2.088321401084609,-0.7209965820816617,-0.7274651249177646,651,0.47772657450076805
100,100,0.9,0.95,4,10,-2.205573642663145,-2.122058250917358,-0.7038640250765017,-0.7107372378305362,666,0.46396396396396394
50,200,0.9,0.85,4,10,-2.2263652401726417,-2.5189952857590705,-0.5425426458450177,-0.54504471565301,776,0.44458762886597936
100,100,0.9,0.95,4,20,-2.282768768858693,-2.19787452139061,-0.7126430995890167,-0.7220252066289624,666,0.46396396396396394
50,100,0.8,0.85,4,20,-2.3739254103372565,-3.243664913163052,-0.40798081429659505,-0.4175889141072716,825,0.41333333333333333
100,100,0.8,0.85,4,20,-2.4187441288030853,-3.2442671303981703,-0.36723972375464065,-0.36723972375464065,812,0.41502463054187194
50,100,0.8,0.85,4,10,-2.498854589794675,-3.4269121223472334,-0.42788293523021403,-0.4414010905876795,825,0.4084848484848485
50,100,0.9,0.85,4,20,-2.5921769906491128,-2.8763485105892066,-0.6209368688063315,-0.6386592100952877,803,0.43088418430884184
50,100,0.9,0.85,4,10,-2.6193026730079016,-2.932651822444479,-0.6273880311211268,-0.643687502731448,803,0.42839352428393523
100,100,0.9,0.85,4,10,-2.9834794461042717,-3.4421448670244894,-0.5943547071463313,-0.5943547071463313,797,0.4316185696361355
100,100,0.9,0.85,4,20,-3.0696200373375615,-3.4966080253561116,-0.5987679829376135,-0.5987679829376135,797,0.41656210790464243
