lookback,sigma,flip_hold_days,top_n,Sharpe,Sortino,Total_Return,Max_DD,n_trades
20,4.0,3,5,0.927012633561862,0.5994364005983156,5.008971003011794,-0.20814117113050334,127
20,4.0,3,20,0.927012633561862,0.5994364005983156,5.008971003011794,-0.20814117113050334,127
20,4.0,3,10,0.927012633561862,0.5994364005983156,5.008971003011794,-0.20814117113050334,127
20,4.0,1,10,0.8428801642001976,0.9044757889099908,4.40522888021123,-0.15840439039000564,127
20,4.0,1,5,0.8428801642001976,0.9044757889099908,4.40522888021123,-0.15840439039000564,127
20,4.0,1,20,0.8428801642001976,0.9044757889099908,4.40522888021123,-0.15840439039000564,127
20,4.0,2,20,0.8407450308624669,0.8117401333382767,5.368774280206763,-0.2158594531148661,127
20,4.0,2,5,0.8407450308624669,0.8117401333382767,5.368774280206763,-0.2158594531148661,127
20,4.0,2,10,0.8407450308624669,0.8117401333382767,5.368774280206763,-0.2158594531148661,127
20,4.0,0,5,0.8321245123636588,0.5349703140754365,1.4361081710259924,-0.1920957600369121,127
20,4.0,0,20,0.8321245123636588,0.5349703140754365,1.4361081710259924,-0.1920957600369121,127
20,4.0,0,10,0.8321245123636588,0.5349703140754365,1.4361081710259924,-0.1920957600369121,127
20,4.0,4,5,0.7444067315132014,0.5038202135959934,3.445749819890075,-0.32916421905536675,127
20,4.0,4,20,0.7444067315132014,0.5038202135959934,3.445749819890075,-0.32916421905536675,127
20,4.0,4,10,0.7444067315132014,0.5038202135959934,3.445749819890075,-0.32916421905536675,127
20,4.0,5,10,0.5245558593821757,0.3232213564398484,1.5406875747090294,-0.3400887971575214,127
20,4.0,5,20,0.5245558593821757,0.3232213564398484,1.5406875747090294,-0.3400887971575214,127
20,4.0,5,5,0.5245558593821757,0.3232213564398484,1.5406875747090294,-0.3400887971575214,127
40,5.0,1,5,0.45203041069869826,0.30396322388646185,0.891687517307691,-0.37389086067798805,287
40,5.0,1,20,0.44392161087673027,0.299210444140463,0.8591918488252328,-0.3758994650356674,287
40,5.0,1,10,0.44392161087673027,0.299210444140463,0.8591918488252328,-0.3758994650356674,287
40,5.0,2,5,0.24967227575844778,0.15577017790571374,0.20529232877605574,-0.5092004419429645,287
40,5.0,2,10,0.24585685843236213,0.15323499943842853,0.1943669667531589,-0.5084680797139145,287
40,5.0,2,20,0.24585685843236213,0.15323499943842853,0.1943669667531589,-0.5084680797139145,287
60,5.0,1,20,0.16486787685085308,0.13986939650232588,-0.03142078403363391,-0.6480464673573858,464
60,5.0,1,10,0.16125907210381868,0.13686547448357525,-0.039983841180020074,-0.649127000207619,464
60,5.0,1,5,0.15674805072249567,0.13281376574392914,-0.050829201429376414,-0.6570809743502246,464
40,5.0,3,5,0.12453655993385673,0.06656023043718733,-0.153727324019443,-0.5005121505357947,287
40,5.0,3,10,0.11929077751153844,0.06386331735332812,-0.1649300109433357,-0.5010193134049505,287
40,5.0,3,20,0.11929077751153844,0.06386331735332812,-0.1649300109433357,-0.5010193134049505,287
40,5.0,0,5,0.02894055497186539,0.016715367121194757,-0.11343737263663356,-0.4873982350292664,287
40,5.0,0,20,0.017632962718180267,0.010187825669258977,-0.12783338160361557,-0.48952029916485906,287
40,5.0,0,10,0.017632962718180267,0.010187825669258977,-0.12783338160361557,-0.48952029916485906,287
40,5.0,4,5,0.008165487794540089,0.004344177134626293,-0.4242157293089541,-0.5873597897733923,287
40,5.0,4,10,-0.0019464957381863958,-0.0010344721429412275,-0.43936724501592894,-0.588165221929582,287
40,5.0,4,20,-0.0019464957381863958,-0.0010344721429412275,-0.43936724501592894,-0.588165221929582,287
60,5.0,5,5,-0.041184188772106674,-0.03479057594870757,-0.5881655549342808,-0.875404135677155,464
60,5.0,5,20,-0.043148421746528005,-0.03645956575264844,-0.5911794657303766,-0.8745204013306631,464
60,5.0,5,10,-0.043853791260383704,-0.03708174391106032,-0.5919421508720468,-0.8751457109905401,464
60,5.0,2,20,-0.09183306557167263,-0.07011335550186042,-0.5409185292986405,-0.8525778018667878,464
60,5.0,2,5,-0.0993137920831435,-0.07606042767985048,-0.5492684680409334,-0.8532557892742001,464
60,5.0,2,10,-0.10029526256596437,-0.0764891755597157,-0.5517021825484276,-0.8533984612577697,464
60,5.0,0,20,-0.13593008349637037,-0.11053275667361159,-0.33916699191402366,-0.7095160067416613,464
60,5.0,4,5,-0.1369975362314804,-0.10874611367121317,-0.677282695115233,-0.9050884420893994,464
60,5.0,0,10,-0.13837143308236444,-0.11244643667682833,-0.34184874085935935,-0.7096177370713649,464
60,5.0,4,20,-0.14076989716332325,-0.11168815269085057,-0.6809921353643875,-0.9044098413506327,464
60,5.0,4,10,-0.14088823485212013,-0.11178671445539727,-0.6811561770943443,-0.9049821156870265,464
60,5.0,0,5,-0.14919785919587775,-0.12093593359779191,-0.35428085794195785,-0.7142794531065699,464
60,5.0,3,20,-0.153403101906815,-0.11678095132588129,-0.6523267837505852,-0.882989693163887,464
60,5.0,3,10,-0.15652751864548284,-0.1192015058025279,-0.6553992169437074,-0.8835962331779248,464
60,5.0,3,5,-0.15788298509929652,-0.11992882042557958,-0.6573058893696782,-0.8850326638839526,464
40,5.0,5,5,-0.1721679791818861,-0.0929873374942742,-0.6644633123382493,-0.6876206871645498,287
120,5.0,1,5,-0.1737518124865321,-0.15767526053482014,-0.6054274318397866,-0.7787658554258323,561
120,5.0,1,20,-0.17471315231154697,-0.15903220682740954,-0.6056325780176776,-0.7783948085322705,561
120,5.0,1,10,-0.17504554876369371,-0.159364342691059,-0.6063675856202357,-0.7783692102533449,561
40,5.0,5,10,-0.1817912377935329,-0.09808672470072027,-0.6729046296178287,-0.6931148348301344,287
40,5.0,5,20,-0.1817912377935329,-0.09808672470072027,-0.6729046296178287,-0.6931148348301344,287
20,3.5,4,5,-0.22130238326503213,-0.1972117946514921,-0.7970540406756979,-0.8985079561899033,640
20,3.5,4,10,-0.2260622640788219,-0.20178316825783085,-0.7996955778396869,-0.8971254836519686,640
20,3.5,4,20,-0.22818243366392107,-0.2037330472487429,-0.8009519538211954,-0.8974448391383378,640
20,3.5,3,20,-0.26501302201687366,-0.2299448029780737,-0.7915869305966075,-0.879523181291505,640
20,3.5,3,5,-0.26544803371382764,-0.22857599693369426,-0.7940770172548758,-0.8828407039686068,640
20,3.5,3,10,-0.2711056421589131,-0.23497968926619117,-0.7960819817042913,-0.8818709634757209,640
10,2.5,2,5,-0.2785610142925591,-0.4009149610037249,-0.8694139828884683,-0.8878683093578986,959
10,2.5,2,20,-0.2821007177160219,-0.40627615120682536,-0.8708399053634829,-0.8840822333169673,959
10,2.5,2,10,-0.2822652057850524,-0.40630727223176344,-0.8709189028433617,-0.8844118939459282,959
20,3.5,5,5,-0.2867157283294239,-0.2645221280508667,-0.854020208934527,-0.9018280836947992,640
20,3.5,5,10,-0.2876386605346666,-0.2659559840238971,-0.8540430053812061,-0.9021356165704788,640
20,3.5,1,20,-0.2879726601557573,-0.2655108891503649,-0.695974670716792,-0.8250409090707546,640
20,3.5,5,20,-0.2880474423998182,-0.26658567860514776,-0.8539345246289431,-0.901505011594737,640
20,3.5,1,5,-0.2902533731604932,-0.2673341122261829,-0.6986784457945703,-0.8297419078250559,640
120,5.0,2,20,-0.29042391363108794,-0.249110954924293,-0.7637948138608909,-0.890888224506554,561
120,5.0,2,5,-0.29142702049952934,-0.2489305777580315,-0.7651643010134117,-0.8908631133925077,561
20,3.5,1,10,-0.2932816714708728,-0.2704726176749909,-0.70020781149047,-0.8274650550317932,640
120,5.0,2,10,-0.2935387487948508,-0.25128083317222305,-0.7664825165695628,-0.8910350811387575,561
10,2.5,3,5,-0.3120116953625514,-0.42065722239609016,-0.8985634234160016,-0.9056247454401318,959
20,3.5,2,20,-0.31468893084249083,-0.2705414357087741,-0.7761863732431201,-0.87688259886906,640
20,3.5,2,5,-0.319376678607122,-0.27442614408744426,-0.7799427852750369,-0.8800721122298579,640
20,3.5,2,10,-0.321046173488554,-0.2757659339206685,-0.7806341121625167,-0.8787649397836391,640
10,2.5,3,10,-0.3219598833920357,-0.43318174910855806,-0.902109060489493,-0.9085149342567361,959
10,2.5,3,20,-0.3256916529220224,-0.43697507014866943,-0.9038939282640243,-0.910183002277255,959
10,2.5,4,5,-0.3274124873521478,-0.449996958317042,-0.9337393244459226,-0.937211801836213,959
10,2.5,4,10,-0.3290917662739573,-0.45289603039740894,-0.9338761219485813,-0.9367622165873178,959
10,2.5,4,20,-0.3317589058555531,-0.45643541567184837,-0.9347365002524196,-0.9375850421449596,959
10,2.5,5,5,-0.3590685797130532,-0.5276500035150137,-0.9520424856328911,-0.9550695786127713,959
10,2.5,5,10,-0.37449238597540063,-0.5524226898085955,-0.955173483006817,-0.9580029464744987,959
120,5.0,4,10,-0.37594277575769286,-0.34563243484124845,-0.8786250478669657,-0.9462645809438339,561
10,2.5,5,20,-0.37711370988368953,-0.5561771391923567,-0.9557261664590316,-0.9585207443781111,959
120,5.0,4,5,-0.37805837648979157,-0.3470031210160532,-0.8793713749773892,-0.9471513024642644,561
120,5.0,4,20,-0.3803498103585997,-0.34970151600359844,-0.8803744181878408,-0.9472859551030179,561
10,2.5,1,20,-0.4218620521219734,-0.5844403927043368,-0.8544862899841108,-0.8588049882678074,959
10,2.5,1,10,-0.42544479569550087,-0.5902268537335806,-0.8561256082701492,-0.8603956532615368,959
10,2.5,1,5,-0.4265770475356981,-0.5898378544351904,-0.8572607335266136,-0.861497089159821,959
40,4.0,1,5,-0.43599707396918924,-0.3861524943540873,-0.8068252047312179,-0.9008547502939479,723
40,4.0,1,20,-0.4384552087148044,-0.3893551672546197,-0.8069702435523516,-0.9009680790878477,723
120,5.0,3,20,-0.4397033467481024,-0.384289810141447,-0.8777177762366762,-0.9449217403342834,561
120,5.0,3,10,-0.4400327479913593,-0.38479936511630236,-0.8777796360470824,-0.9446588139231892,561
40,4.0,1,10,-0.4441226158799366,-0.3938918635688945,-0.8108919793852642,-0.902579360831209,723
120,5.0,3,5,-0.44762145277481097,-0.38948154229856863,-0.8814694338860434,-0.9464806652572955,561
120,5.0,0,20,-0.48781384112719645,-0.4215399978383667,-0.6413162391018677,-0.7500766059807757,561
120,5.0,0,10,-0.4919699528806258,-0.42503689278811735,-0.6437953947327104,-0.7495531538219651,561
120,5.0,5,10,-0.49980156306144286,-0.45814864547427747,-0.927317973750218,-0.9486842176326031,561
120,5.0,0,5,-0.5002253949787322,-0.43041652246455253,-0.6502508841053465,-0.7510690668574206,561
120,5.0,5,20,-0.5038057628830165,-0.4615800293166275,-0.9283292597879464,-0.9496506708069237,561
120,5.0,5,5,-0.5097066157377137,-0.46660805097834,-0.929789941871322,-0.9507570919532913,561
20,3.0,4,5,-0.5392472555055556,-0.5985366922849191,-0.9373387533414569,-0.9578805105710054,1035
40,3.5,2,5,-0.5477800121679554,-0.5659874057814097,-0.8913665259855781,-0.924742753766905,952
20,3.0,4,10,-0.5660943500077058,-0.6308696677688286,-0.9426315855908528,-0.9594213359850468,1035
20,3.0,3,5,-0.5674910139224231,-0.6276975280094126,-0.9271992772898635,-0.9379558907783323,1035
40,4.0,2,5,-0.5682410849416313,-0.5140409514528638,-0.873572812323736,-0.9386061080243968,723
20,3.0,2,5,-0.5697845133014859,-0.6071941831084833,-0.8902013220150952,-0.9316890303868384,1035
20,3.0,2,10,-0.5767221992506357,-0.6142132619968127,-0.8911175713965619,-0.9333758451804071,1035
20,3.0,4,20,-0.5781099338549067,-0.644138263625944,-0.9447556663677161,-0.9598472577048345,1035
20,3.0,2,20,-0.5821157258016093,-0.6210572087774636,-0.8922528393259048,-0.9325921104582395,1035
40,4.0,2,20,-0.5875982053309942,-0.5325763880760255,-0.8793371806089798,-0.9409595523814218,723
40,4.0,2,10,-0.5965506797542793,-0.5403872106634015,-0.8829220442584244,-0.9421386988997935,723
20,3.0,3,10,-0.6039881977118804,-0.6694708356144858,-0.9341834219405847,-0.9407498098692852,1035
40,3.5,2,20,-0.6064006710233028,-0.6258561050203126,-0.9076138546764989,-0.9349818477792584,952
40,3.5,2,10,-0.6078811897924207,-0.6277704295617332,-0.9084810477290236,-0.9351267543648238,952
40,3.5,1,5,-0.611107001071116,-0.6234611955985885,-0.8891529503662623,-0.9347079443411681,952
20,3.0,3,20,-0.6125600605286247,-0.6789939781507351,-0.9356471873732163,-0.9404236086060619,1035
20,3.0,5,5,-0.6419150897259572,-0.7594428390723148,-0.9595933067237864,-0.9689548351957054,1034
40,3.5,1,20,-0.6525845184297157,-0.6655851977709706,-0.8999490901060777,-0.9403944387151547,952
20,3.0,5,10,-0.6556369846497769,-0.777146864081346,-0.9615046226935056,-0.9689882757198198,1034
40,3.5,1,10,-0.6577643799377357,-0.6701394922651669,-0.9019496102028932,-0.9417857148749808,952
20,3.0,5,20,-0.6586600234843147,-0.7803808132208816,-0.9617218638677554,-0.9686880660774075,1034
40,3.5,3,5,-0.6615070727656529,-0.7048117091806504,-0.9504344990540305,-0.9528811501894288,952
40,4.0,4,5,-0.6833322936586376,-0.6457722550528826,-0.9530963296731181,-0.9690732645452057,723
40,4.0,4,20,-0.6898018465100111,-0.6530232169681541,-0.953941946108832,-0.9697358985457905,723
40,4.0,4,10,-0.6970804767952319,-0.6587422579239877,-0.9553431998319624,-0.97051964302591,723
60,3.5,3,5,-0.7044674307330182,-0.7827023560977423,-0.9624678171657935,-0.9653607487222516,999
60,3.5,2,5,-0.705245412085498,-0.758722461838501,-0.9380025639553132,-0.9444959760917304,999
40,3.5,4,5,-0.7181091381227093,-0.7539388829590117,-0.9687233644970025,-0.9704417148830881,952
20,3.0,1,5,-0.726913164526223,-0.780139992732515,-0.9062939842655323,-0.9451223394706286,1035
40,3.5,3,20,-0.7281921452042337,-0.778353118435582,-0.9593953819876362,-0.9613997062225643,952
40,3.5,3,10,-0.7329442300459813,-0.7778017172841541,-0.9607047963614579,-0.9626444853137142,952
20,3.0,1,10,-0.7341963484816273,-0.7888591107499862,-0.906818176906111,-0.9450625918177988,1035
20,3.0,1,20,-0.7398003168364992,-0.794178950369714,-0.9078029265689347,-0.944727770465366,1035
60,3.5,2,10,-0.7417215871346586,-0.7950740007373084,-0.9445103238747788,-0.9526748292583889,999
60,3.5,3,10,-0.7538938069337465,-0.8389390065617068,-0.9679249549507185,-0.9703972574652772,999
40,4.0,5,5,-0.7541427855931748,-0.7400147327575042,-0.9678815905868544,-0.978258341155818,723
40,4.0,5,20,-0.7550061513815971,-0.7417981100007113,-0.9679400758447801,-0.978355211694126,723
40,4.0,3,5,-0.7579250043731541,-0.7071262905818622,-0.9523254388036771,-0.9668485381830391,723
60,3.5,2,20,-0.7592723704622251,-0.8134924641854152,-0.9471470294112785,-0.9553758058714847,999
40,4.0,5,10,-0.75980391937459,-0.7444799028300528,-0.96867273160066,-0.9787105571360326,723
60,3.5,4,5,-0.7651370425384335,-0.858675494277875,-0.9756962304067309,-0.9756962304067309,999
60,3.5,3,20,-0.7690335227840588,-0.8541088578463771,-0.9696167230359032,-0.9719586262794825,999
40,4.0,3,20,-0.7720090046408062,-0.7254341666092041,-0.9535900899166855,-0.9673292316568937,723
40,3.5,4,20,-0.7729597437117359,-0.8128521726562496,-0.973998743949464,-0.9754272629590891,952
60,4.0,1,5,-0.7736597837814527,-0.7334474510654123,-0.9278893128892575,-0.9506909820027709,822
40,3.5,4,10,-0.777539455541189,-0.8164364807263559,-0.9745597390668657,-0.9759574367889361,952
40,4.0,3,10,-0.7814336948659762,-0.7287445498972135,-0.9558063334600424,-0.9687198888784408,723
60,3.5,4,10,-0.7946805516950898,-0.8916765486687335,-0.9781050667677599,-0.9781050667677599,999
60,4.0,1,10,-0.7955207176150044,-0.7544046295015042,-0.9313186326046129,-0.9521688730854733,822
60,4.0,1,20,-0.7982971706921275,-0.7559316427037045,-0.9317346497809194,-0.9527303678568997,822
60,3.5,5,5,-0.8011070949116169,-0.8937182466995285,-0.9826935381909481,-0.9842528788325867,999
60,3.5,4,20,-0.8141320691108953,-0.9133596506396743,-0.9796283460000642,-0.9796283460000642,999
40,3.5,5,5,-0.8242230221776675,-0.8860649853373423,-0.9817179074575273,-0.982531540556739,952
60,4.0,2,5,-0.8354608860041313,-0.779120127315377,-0.9550191437738362,-0.9686321911745669,822
20,3.5,0,5,-0.8460922758449679,-0.784824884839286,-0.7968258131890962,-0.8370370424100706,640
60,3.5,5,10,-0.8477144969167217,-0.9473801990965345,-0.985482936303216,-0.9867909475922603,999
120,4.0,4,5,-0.8520545343289933,-0.8631055867540984,-0.9883963071432125,-0.9890338184924933,860
20,3.5,0,10,-0.8533642354221365,-0.7944431888269595,-0.798174305517167,-0.8345826840594173,640
20,3.5,0,20,-0.855262646713181,-0.7956254134115558,-0.7989495417010293,-0.8348993620923466,640
60,3.5,5,20,-0.860428962620507,-0.9606509063379601,-0.9862577174805661,-0.9874959197126495,999
60,4.0,2,10,-0.8670426220835838,-0.808817462675203,-0.9588328468479905,-0.9707398913011558,822
60,4.0,2,20,-0.876154306755702,-0.8181231130882426,-0.9596734399361861,-0.9716422921810398,822
120,4.0,4,10,-0.877579447546164,-0.8892237556505559,-0.9895669350810256,-0.9901401316810837,860
40,4.0,0,5,-0.8808278324770928,-0.7157107829028835,-0.857605995159877,-0.8809031159939825,723
40,3.5,5,10,-0.8842864398871262,-0.9504216337633602,-0.9853352673121727,-0.9859879120725132,952
40,3.5,5,20,-0.8846696148392179,-0.9531212240806073,-0.9852894353189362,-0.9859441198034831,952
40,4.0,0,20,-0.8854440779335552,-0.7210258299321913,-0.8579803346795181,-0.8808469667999446,723
120,4.0,4,20,-0.8898632736450671,-0.9018328347672069,-0.990087393964531,-0.9906319963533183,860
40,4.0,0,10,-0.8958908186646559,-0.7281265039030542,-0.8614663344832253,-0.8834815619238394,723
120,4.0,3,5,-0.9100806004116775,-0.9270624116371601,-0.9887327868748041,-0.9890283692015522,860
60,4.0,4,5,-0.931114273676762,-0.9295292991661626,-0.984838930946515,-0.9853022101653421,822
120,4.0,2,5,-0.9416827193743339,-0.8824179932758461,-0.9796027389051976,-0.9838374411144708,860
120,4.0,3,10,-0.9435795095431707,-0.9620979338373707,-0.9899951234329853,-0.9902575898176758,860
60,3.5,1,5,-0.9486139679467808,-0.9778884155608089,-0.9560523469331011,-0.9638619358945578,999
60,4.0,4,10,-0.9493808407471725,-0.9494096095368537,-0.9856767541639786,-0.9861144318843671,822
120,4.0,3,20,-0.9512027898152555,-0.9701057095412987,-0.9903102221721468,-0.9905644223052413,860
60,4.0,4,20,-0.9538441426681021,-0.9539311073771191,-0.9859103631089825,-0.9863409024033688,822
60,4.0,3,5,-0.9555738772300578,-0.951031890554864,-0.980879910149209,-0.9823681366966439,822
120,4.0,5,5,-0.960891414500843,-0.9822210243052347,-0.9939994501658296,-0.9941311364865083,860
120,4.0,5,10,-0.9811646782569121,-1.0001592028959345,-0.9945551153017598,-0.9946746071570475,860
120,4.0,2,10,-0.9822259796373339,-0.9200434469413186,-0.9821298442376689,-0.986044751114261,860
120,4.0,2,20,-0.9893615093221585,-0.9268158768039475,-0.9825254818361425,-0.9864018934333725,860
60,4.0,3,10,-0.9900953032240588,-0.9884190779353207,-0.9826130001583181,-0.9839663303438229,822
120,4.0,5,20,-0.9926243985002406,-1.0116899642364503,-0.9948306718911769,-0.994944116461732,860
60,3.5,1,10,-0.9943900335569588,-1.0215746238695222,-0.9610443683406675,-0.968007955312826,999
60,4.0,3,20,-0.9946208732368798,-0.9920490563027418,-0.9828916886239053,-0.9842233268834731,822
60,3.5,1,20,-1.006666533830989,-1.0315795011198043,-0.962247734457818,-0.9689552112381256,999
120,3.5,2,5,-1.016145803786097,-1.0117019398832192,-0.9837742730360243,-0.9845086550214117,1022
120,3.5,4,5,-1.024774524984933,-1.013236039444519,-0.9952405006299171,-0.9955585381756207,1022
60,4.0,5,5,-1.0387778417276705,-1.054178567350948,-0.9909403158703269,-0.9920089347992969,822
120,3.5,4,10,-1.041397771091476,-1.0291396248973192,-0.9954831612810683,-0.9957849838444953,1022
120,3.5,3,5,-1.0443030536593394,-1.0343182068286196,-0.9930954180423354,-0.9933383421653446,1022
120,3.5,2,10,-1.0482902103762053,-1.0458413508354372,-0.9852289131146452,-0.9860813204955784,1022
120,3.5,4,20,-1.0582714052420654,-1.0459163531211024,-0.9957984870504597,-0.9960792390293576,1022
60,4.0,5,20,-1.0593367670493037,-1.0771540305260878,-0.9915643383158358,-0.9925593517870624,822
120,3.5,2,20,-1.0600962776955605,-1.058901016730293,-0.9857429506641263,-0.9865333188668833,1022
60,4.0,5,10,-1.0631309130201916,-1.081235404382391,-0.99165653039389,-0.9926406695125124,822
60,3.0,4,5,-1.0678138082589264,-1.1462726432425738,-0.9921153349543669,-0.9928802216414631,1187
120,3.5,3,10,-1.070167262012686,-1.059762510240892,-0.9935902764763253,-0.9938157899795709,1022
120,3.5,3,20,-1.0853398983203297,-1.0757486554338234,-0.993966837605594,-0.9941791025468488,1022
120,3.5,5,5,-1.0956991722390437,-1.105938507965499,-0.9972828959623756,-0.9973370688169335,1021
60,3.0,4,10,-1.0961885400100173,-1.179084355353691,-0.9931038084734757,-0.9936594701256217,1187
120,3.5,5,10,-1.096798798460819,-1.1088935071641668,-0.9973192707415721,-0.9973727183660337,1021
60,3.0,5,5,-1.0974823786455672,-1.181668707477047,-0.9946813789077129,-0.9950885171625586,1186
60,3.0,4,20,-1.1061346086391843,-1.1918630644973545,-0.9933570731677039,-0.9938722913450069,1188
120,4.0,1,5,-1.1089378841507191,-1.0311960161471114,-0.9763876390707361,-0.9768515003518535,860
120,3.5,5,20,-1.1104327962112188,-1.1234774137747814,-0.9974761847271703,-0.997526503844809,1021
60,3.0,3,5,-1.119414865626652,-1.151630425758623,-0.9909908923429578,-0.9920542004565851,1187
60,3.0,5,10,-1.129485135756725,-1.2245006400231107,-0.9954868852951557,-0.9958323623676837,1186
60,3.0,5,20,-1.1365819270505468,-1.2350279152684478,-0.9956165275245413,-0.9959375071507393,1187
120,4.0,1,10,-1.1462821087255217,-1.0654077088077378,-0.9786589114458066,-0.9790781539225265,860
120,4.0,1,20,-1.1487979062782974,-1.0676117298523558,-0.9787911095496751,-0.9792077550145161,860
60,3.0,2,5,-1.1667826031574844,-1.2378665950429575,-0.9842284730688489,-0.9849951148504966,1187
60,3.0,3,10,-1.1745329837966103,-1.2135007915209923,-0.9926568273609703,-0.993523511981033,1187
60,3.0,1,5,-1.1766135555338793,-1.222827805066566,-0.9723257540535728,-0.9739917428915412,1187
60,3.0,3,20,-1.18518872885164,-1.2234859770132007,-0.9929357621219806,-0.9937510760093733,1188
60,3.0,2,10,-1.2088684994978312,-1.2810204246158625,-0.9862728872694764,-0.986940151650823,1187
60,3.0,2,20,-1.225685148825754,-1.298300924144786,-0.9868238449745557,-0.9874312099618123,1188
60,3.0,1,10,-1.2268652838166658,-1.2751742847201573,-0.9758491219797106,-0.9769463939252298,1187
60,3.0,1,20,-1.2340434127926163,-1.2786704071799344,-0.9761466037612001,-0.9771774695991656,1188
60,4.0,0,5,-1.2669963537892208,-1.0892899008276766,-0.9329501123338574,-0.9514814985319021,822
120,3.0,4,5,-1.306696634625287,-1.432208784432053,-0.9976755615488924,-0.9978591424271336,1195
60,2.5,4,5,-1.3090223243324635,-1.7178207595333168,-0.9904750083925221,-0.9904750083925221,1359
60,4.0,0,10,-1.3108441644266888,-1.1237075098244442,-0.9371048184389178,-0.9541154992824643,822
60,4.0,0,20,-1.3146385317101186,-1.1253743875295996,-0.9374528100612642,-0.9543693728137735,822
120,3.0,4,10,-1.3147489132570975,-1.430221220477424,-0.9977109888730915,-0.9978825951628857,1195
40,3.0,3,5,-1.3168236658090624,-1.419945541029665,-0.9942541593482978,-0.9949502132262469,1180
40,2.5,4,5,-1.3169136522112508,-1.7337026558729862,-0.9909391581950985,-0.9915828831863738,1364
40,3.5,0,5,-1.3178221456357968,-1.1807988975996215,-0.9394017267537116,-0.9524833802310415,952
120,3.5,1,5,-1.327405667346969,-1.2833345098886635,-0.9891621913501227,-0.9899455050188136,1022
120,3.0,4,20,-1.3307562161813482,-1.4467645860257947,-0.9978384059025068,-0.9980004597862783,1195
20,3.0,0,5,-1.3569671941233288,-1.272123404347636,-0.9402173278687003,-0.9505189297322688,1035
120,3.5,1,10,-1.363316652098385,-1.3176355397105453,-0.9901450487088327,-0.9908350483000515,1022
40,3.0,2,5,-1.367056556514955,-1.4924991787075812,-0.9906369307567039,-0.9912075799412834,1180
120,3.5,1,20,-1.3707128337852788,-1.325595843978995,-0.990315033148777,-0.990924168118542,1022
40,3.5,0,20,-1.374225571623608,-1.22872846521371,-0.9441136707350811,-0.9552370620143759,952
40,3.5,0,10,-1.3747804698796309,-1.2274016456961996,-0.944622418786708,-0.9557214827080099,952
20,3.0,0,10,-1.3769076679970074,-1.289640603909091,-0.9414426440509808,-0.9498009588066236,1035
20,3.0,0,20,-1.3888861487090165,-1.2992818444633127,-0.9427794256407628,-0.9506149538120409,1035
40,3.0,3,10,-1.3942000584792693,-1.4889816828228528,-0.9953682345638946,-0.9959293288386891,1180
40,3.0,3,20,-1.4018843597278348,-1.5029794521013964,-0.9953445115095918,-0.9959084796065031,1180
40,3.0,4,5,-1.4255250962897967,-1.5603501669273279,-0.9970918858619214,-0.9972024499345036,1180
40,3.0,5,5,-1.428210107773018,-1.5924509536372988,-0.9979015622978231,-0.9980449624094719,1179
60,2.5,5,5,-1.4353266389709298,-1.8722216344577158,-0.995711035642322,-0.995711035642322,1358
40,3.0,2,10,-1.442509691421166,-1.5617537498699887,-0.992357794855535,-0.9928235628660835,1180
60,2.5,3,5,-1.4517652673951114,-1.7829427363866677,-0.9903820548698038,-0.9907677033134382,1360
120,3.0,5,5,-1.4551805135201468,-1.6190920141612344,-0.9989127580950344,-0.9989562835439089,1194
40,3.0,2,20,-1.4557807486372545,-1.5780421889060567,-0.9925337648570792,-0.992988808057709,1180
40,2.5,5,5,-1.4564735724973552,-1.8704092292936925,-0.995699619971717,-0.9958073887502374,1363
40,2.5,4,10,-1.4602982536658062,-1.8938172013624524,-0.9937307285774204,-0.9937421651085676,1365
20,2.5,3,5,-1.4625655658554915,-1.709825655627516,-0.991006391920198,-0.9914835260141949,1314
120,3.0,5,10,-1.4678998366126248,-1.6239359004840408,-0.9989945202642044,-0.9990347725361549,1194
40,3.0,1,5,-1.4682492812751995,-1.5417363071145629,-0.9878143686117861,-0.9883985569619782,1180
60,2.5,4,10,-1.478790693472911,-1.9323507518452583,-0.9943307484663305,-0.9944043713307279,1360
40,2.5,4,20,-1.4829079488521781,-1.9229719767909772,-0.9941832824649961,-0.9942114775239419,1366
40,2.5,3,5,-1.4836371551846428,-1.8989186221189578,-0.9921948635978465,-0.9930101622757901,1365
60,2.5,4,20,-1.4911175876134026,-1.9488785547962955,-0.9945268468380334,-0.9946071661748361,1362
120,3.0,5,20,-1.497793053145039,-1.6585523274568974,-0.9991001561259281,-0.9991361794877549,1194
20,2.5,4,5,-1.4993253614367597,-1.7676159783605403,-0.9944809072465218,-0.994778096115058,1314
40,3.0,4,10,-1.5031499270544126,-1.6390226241635588,-0.9976799971432689,-0.9977682017157387,1180
40,3.0,4,20,-1.511806817679103,-1.6516425012148455,-0.9977139567019558,-0.997800870160345,1180
120,3.0,2,5,-1.5188888598304648,-1.6480880237567979,-0.9951060197967664,-0.995493221537073,1195
40,3.0,5,10,-1.5319461001197192,-1.7017605508851683,-0.9985105944116436,-0.9986123753353465,1179
120,3.0,2,10,-1.5323435152005902,-1.6634672216562556,-0.9953233748121537,-0.9957477582388807,1195
20,2.5,2,5,-1.5371804019339417,-1.8090826098680142,-0.9852726833766207,-0.9853021419574516,1314
40,3.0,1,10,-1.5389738691345585,-1.6016886835472788,-0.9897040937269607,-0.9900596721184013,1180
10,2.5,0,20,-1.5390645074238896,-1.6427569215559015,-0.925561336773661,-0.9286548697538521,959
120,3.0,2,20,-1.5406781591767136,-1.6719975635347006,-0.995418519151932,-0.9958342686430052,1195
40,3.0,5,20,-1.5418535717566406,-1.718396862215451,-0.9985374073380864,-0.9986373559573842,1179
120,3.0,3,5,-1.5442782118792415,-1.6052490749806545,-0.9982483719822198,-0.9983325530914801,1195
40,3.0,1,20,-1.5488515519047068,-1.6141795428417247,-0.9898271158098675,-0.9901784455229313,1180
10,2.5,0,10,-1.552660148785487,-1.660838250582239,-0.9269950173681563,-0.9300289692380762,959
60,2.5,2,5,-1.558882337162029,-1.9408501193990912,-0.9860264834898813,-0.9860973759637426,1360
120,3.0,3,10,-1.5673331450266945,-1.6227114505227058,-0.9983580886275116,-0.998437638956292,1195
10,2.5,0,5,-1.5743732083417359,-1.6852971011981164,-0.9297510001424888,-0.933042033333223,959
20,2.5,3,10,-1.5790129345860677,-1.8544752936335553,-0.9930264647007079,-0.9934014248735721,1315
120,3.0,1,5,-1.583936625215652,-1.6827399400209402,-0.9911717834422353,-0.992255257651018,1195
120,3.0,3,20,-1.587464368764946,-1.642869838591639,-0.9984747728262408,-0.9985486698252933,1195
120,3.0,1,20,-1.5896316426093153,-1.6867249530750086,-0.9912985307528612,-0.9924217199451136,1195
120,2.5,4,5,-1.5926908998415252,-1.9648770394242783,-0.9982323540272959,-0.9983676988741904,1335
20,2.5,4,10,-1.592818684195324,-1.8843686891862128,-0.9956126543340652,-0.9958352835878259,1315
40,2.5,2,5,-1.5960742770467096,-2.0434194887927597,-0.9885618758052108,-0.9888056658569455,1365
120,2.5,4,20,-1.6038376897621267,-1.9596375531562815,-0.9982224102113801,-0.998341776491072,1337
120,3.0,1,10,-1.6043455789013346,-1.7032667822721081,-0.9917160947685916,-0.9927853846277289,1195
20,2.5,5,5,-1.6146026910584637,-1.916786168934093,-0.9974009283252652,-0.9976319592308057,1313
60,2.5,5,10,-1.6201509818333073,-2.0993614142486536,-0.997699239411589,-0.997699239411589,1359
20,2.5,1,5,-1.6234375384635589,-1.9101549364464716,-0.9770944798913725,-0.978007743706962,1314
40,2.5,3,10,-1.6352274374986824,-2.0601223309870598,-0.9946357763736395,-0.994862975149371,1366
120,2.5,4,10,-1.636706958524009,-2.0033078693955266,-0.9984346103490204,-0.9985491822492856,1335
20,2.5,4,20,-1.6463718952823054,-1.9482791275787439,-0.9962390833226421,-0.9964225958511338,1316
20,2.5,2,10,-1.6466110278519315,-1.9320675834171819,-0.9876484220026109,-0.9878461481817128,1315
20,2.5,3,20,-1.6512528205477035,-1.93112186130473,-0.9942384799776156,-0.9945370786222998,1316
10,2.0,5,5,-1.655791195419832,-2.3544951620242065,-0.9944816362426869,-0.9954954601013429,1427
40,2.5,5,10,-1.665481166836539,-2.109509893923416,-0.9977580600965896,-0.9977923593317798,1364
60,2.5,3,10,-1.6661461373680315,-2.0411178387779447,-0.9947648983756111,-0.9949566407156316,1361
60,2.5,5,20,-1.6758605982919053,-2.16674663015065,-0.9980744883091676,-0.9980744883091676,1361
40,2.5,3,20,-1.6793631249033227,-2.1223896553977784,-0.9952053580139226,-0.9953990057676536,1367
60,2.5,3,20,-1.6908453041924314,-2.0698753344069387,-0.9949907960857094,-0.9951456431228319,1363
20,2.5,2,20,-1.6956877198840867,-1.9933983604864114,-0.9889007569465981,-0.9890568158065781,1316
10,2.0,4,5,-1.7016874105072919,-2.3361347644445356,-0.9937638619352246,-0.9953024695290533,1428
120,4.0,0,5,-1.7067127992567668,-1.445533746084468,-0.9741738400068235,-0.9757357203709977,860
40,2.5,5,20,-1.727605486843366,-2.189572600133716,-0.9981890161736949,-0.9982130610989732,1365
20,2.5,5,10,-1.7310955916805588,-2.0459412692775696,-0.9980935992339296,-0.9982568054110917,1314
20,2.5,1,10,-1.7322491670784381,-2.026597241784363,-0.9805242325606862,-0.9812164986187335,1315
120,4.0,0,10,-1.7515680827304394,-1.482181076777005,-0.9757504933234836,-0.9769517732207712,860
120,4.0,0,20,-1.7546771487258894,-1.4830461303590277,-0.9758463283687098,-0.9771985176031103,860
60,2.5,2,20,-1.7600731430428376,-2.1810463105064892,-0.9912444743314325,-0.9912444743314325,1363
60,2.5,2,10,-1.7613305958161323,-2.176484139187441,-0.9915305376905459,-0.991568259662194,1361
40,2.5,2,10,-1.7654150945574787,-2.2303088854935345,-0.9921395608490692,-0.992244407168217,1366
40,2.5,2,20,-1.771002622752485,-2.24117751749467,-0.9921615619557052,-0.9922502367882705,1367
20,2.5,1,20,-1.7820149686935283,-2.0802825388043407,-0.9823757672204205,-0.9829673232578262,1316
120,2.5,5,5,-1.7949926157225753,-2.2311701114306435,-0.9993527022975212,-0.9994264531577033,1334
20,2.5,5,20,-1.7975474737237342,-2.1222347479802584,-0.998464697492814,-0.99859325190044,1315
120,2.5,3,5,-1.8270870671375892,-2.173108130992333,-0.9980494263066603,-0.9983539530318045,1336
120,2.5,3,10,-1.849703608452898,-2.1933597955302653,-0.9981337026317885,-0.9984250720005169,1336
120,2.5,5,10,-1.8570525404467533,-2.2853617020932098,-0.9995041249228105,-0.9995606232130803,1334
120,2.5,3,20,-1.8582590264795262,-2.2031150752032365,-0.9981780746651722,-0.9984533977632325,1338
120,2.5,5,20,-1.8606615753948472,-2.287995810464287,-0.9995033441194174,-0.9995567569829423,1336
60,3.5,0,5,-1.86084487365086,-1.7078976591946986,-0.9790372062301105,-0.9822700393298749,999
10,2.0,5,10,-1.8908222585935872,-2.650414336075397,-0.9970563619620088,-0.9974090522909952,1434
10,2.0,4,10,-1.895850167049467,-2.5983734098815243,-0.9959442384441477,-0.9966485018101161,1435
120,2.5,2,5,-1.9091062456368169,-2.3111468646202,-0.9964526860805085,-0.9968007073118323,1336
60,3.5,0,10,-1.9260241142256433,-1.7609266273509327,-0.9808080170676852,-0.9835119717294527,999
120,2.5,2,20,-1.935701792446916,-2.359408893511342,-0.9966698979470147,-0.9969807187025274,1338
60,3.5,0,20,-1.941526147544762,-1.77363734036358,-0.9812951463841498,-0.983928939826567,999
10,2.0,3,5,-1.9576499993938161,-2.606093293332113,-0.994289540947672,-0.995395606287523,1429
120,2.5,2,10,-1.974690363152426,-2.3923708063711975,-0.9970441613563639,-0.9973341539050076,1336
120,2.5,1,20,-1.9868758547304473,-2.331389604701488,-0.9947005623994518,-0.9958901162348884,1338
120,2.5,1,5,-1.9884539393750298,-2.3219183267678174,-0.9946886950786198,-0.9960672638484848,1336
10,2.0,2,5,-1.988799254780921,-2.5852607368139675,-0.9896916044963087,-0.9908840996469273,1429
60,3.0,0,5,-2.00972612133124,-1.9221448693523255,-0.9850494143901924,-0.9852551833554183,1187
120,2.0,4,5,-2.016161396522691,-2.569157438950317,-0.9988793621236955,-0.9989014231762723,1431
10,2.0,4,20,-2.0246209905057957,-2.76475747621237,-0.9971287792515302,-0.9975750110376546,1443
120,2.5,1,10,-2.0345807928191135,-2.375608378789637,-0.9953192742350232,-0.9964137435151886,1336
60,2.5,1,5,-2.059457631395522,-2.3569153962029645,-0.9910687156372205,-0.9910687156372205,1360
60,3.0,0,10,-2.0669691848276552,-1.9757373547020827,-0.9862609233101337,-0.9864500179494619,1187
10,2.0,5,20,-2.0801784058721924,-2.8751260932574354,-0.99828654523553,-0.9984464192401487,1442
60,3.0,0,20,-2.0822317572040374,-1.9910074216886111,-0.9865725936083248,-0.9867287495963051,1188
40,2.5,1,5,-2.0975618327292618,-2.4835981231565434,-0.9918859813089186,-0.9920280895430554,1365
120,2.0,3,5,-2.1309821523695582,-2.561252578118328,-0.9983141966908465,-0.998430782753342,1432
120,2.0,5,5,-2.131117252942781,-2.702310513573993,-0.9994200375041329,-0.9994324232119,1430
60,2.0,4,5,-2.146483685471472,-2.905954703733541,-0.9983861133676389,-0.9984443830262907,1443
120,2.0,4,20,-2.1563706870126813,-2.727518472764907,-0.9991528404741364,-0.9992038947221544,1437
120,2.0,4,10,-2.16444723704806,-2.7166614374539195,-0.9992026839024116,-0.9992564300393934,1433
20,2.0,4,5,-2.1896761634853843,-2.8992877444279994,-0.9980282253966412,-0.9981812951282637,1456
60,2.5,1,10,-2.2077718658833176,-2.5315337054378526,-0.9934612118857636,-0.9934612118857636,1361
10,2.0,3,10,-2.219021145883157,-2.960505281262155,-0.9964460650692388,-0.9969502267078727,1436
40,2.0,5,5,-2.219925635618976,-2.8294311305858377,-0.9992207439379164,-0.9992207439379164,1443
60,2.5,1,20,-2.223094536876439,-2.533731692886596,-0.993491682054398,-0.993491682054398,1363
40,2.0,4,5,-2.230635587592988,-2.80870282148607,-0.9988718991638081,-0.9988722841080686,1444
40,2.5,1,10,-2.2379991828703187,-2.646004777638172,-0.9936489640132253,-0.9937273901703615,1366
40,2.5,1,20,-2.252477746849248,-2.666369413364559,-0.9936932898230516,-0.9937583805402896,1367
120,2.0,3,10,-2.2725157560690077,-2.712541434818114,-0.9987600573694349,-0.9988747083932021,1434
120,2.0,5,10,-2.273993739839797,-2.876079407911742,-0.9996090813635597,-0.9996383701500774,1432
10,2.0,2,10,-2.2752592943728462,-2.9633498847598236,-0.9932520459721379,-0.993910259622241,1436
120,2.0,5,20,-2.294545285395378,-2.927642563233409,-0.999625850139746,-0.9996492750925265,1436
20,2.0,5,5,-2.309407685052207,-2.954189105975782,-0.999397745831706,-0.9994336808086579,1455
60,2.0,5,5,-2.318507528937866,-3.133529254682282,-0.9993381239850035,-0.9993698392979669,1442
120,3.5,0,5,-2.3185483555383537,-2.0577130291077737,-0.9940852193747863,-0.9940852193747863,1022
120,2.0,3,20,-2.323160438480566,-2.8115003108910535,-0.9988722102339734,-0.9989575799624327,1438
20,2.0,3,5,-2.33138590585659,-2.9228217611440552,-0.997594787076638,-0.9978525955320381,1457
10,2.0,3,20,-2.3355002569631544,-3.108125772831059,-0.9972614883985018,-0.9976405009265019,1444
120,2.0,2,5,-2.3367547060806966,-2.806293801423015,-0.9966659664407426,-0.9966659664407426,1432
60,2.0,3,5,-2.3391996569046962,-3.0448724069109803,-0.9981477485996645,-0.9981784719858076,1444
40,2.0,3,5,-2.3455947772917796,-2.9363779353206847,-0.9981915832927666,-0.9981915832927666,1445
10,2.0,2,20,-2.353274689685621,-3.0960788709545928,-0.9940050438003304,-0.994547433008483,1444
120,3.5,0,10,-2.358137504433765,-2.0844860238603578,-0.9942959869060857,-0.9942959869060857,1022
120,3.5,0,20,-2.363148096574464,-2.0861102558604716,-0.9943350205979039,-0.9943350205979039,1022
10,2.0,1,5,-2.3701348099541937,-3.0059885939469084,-0.9875131832543145,-0.9884793748383092,1429
60,2.0,4,20,-2.4098515698381395,-3.221083433217332,-0.9992002924169894,-0.99923505677541,1448
40,3.0,0,5,-2.4179113338693377,-2.326520754494979,-0.9923095983348399,-0.9923095983348399,1180
60,2.0,4,10,-2.419446648351003,-3.240896336726966,-0.99919939748229,-0.9992307639934593,1446
120,2.0,1,5,-2.4619050367453768,-3.08597484181166,-0.9944585604729872,-0.9944585604729872,1432
40,2.0,5,10,-2.47944904559008,-3.137215298725452,-0.9995792878715158,-0.9995792878715158,1446
40,3.0,0,10,-2.4846438539421865,-2.382811005497371,-0.9929702969639194,-0.9929702969639194,1180
40,2.0,4,10,-2.488342593085237,-3.089785106517708,-0.9993249121143859,-0.9993250505256699,1447
40,3.0,0,20,-2.4918497209122967,-2.3900748885610836,-0.9929516350255488,-0.9929516350255488,1180
120,2.0,2,10,-2.5334443100415784,-3.0161923033340576,-0.9977006776409187,-0.9977460998654295,1434
60,2.0,5,10,-2.53853783960733,-3.3794034699344104,-0.9996656546392761,-0.9996793793671023,1445
20,2.0,2,5,-2.548558569132172,-3.2370159867232116,-0.9965105163812389,-0.9965105163812389,1457
120,3.0,0,5,-2.5548383148556146,-2.4859950167865863,-0.9957838793140793,-0.9959886168058615,1195
120,2.0,2,20,-2.5563252749525147,-3.0997844573952587,-0.9978296758521383,-0.9978855913495821,1438
60,2.0,2,5,-2.5629365490424525,-3.3197719949566724,-0.9971339579971865,-0.9971496291722797,1444
40,2.0,2,5,-2.5748854512784574,-3.2448310763636403,-0.9970891010949063,-0.9970891010949063,1445
40,2.0,3,10,-2.580972759676917,-3.1907309978897125,-0.9988278806880195,-0.9988278806880195,1448
60,2.0,3,10,-2.5880800082836015,-3.3082763936288115,-0.9989935463178388,-0.9990043701363152,1447
40,2.0,4,20,-2.5956708343015693,-3.2172682946920794,-0.9995107794329378,-0.9995160834132558,1448
60,2.0,5,20,-2.596888093621115,-3.471711976562608,-0.9997177837627547,-0.9997283942817049,1447
120,3.0,0,20,-2.599943496013579,-2.516849221048204,-0.9959010050362742,-0.9961233385037009,1195
120,3.0,0,10,-2.6027710482679383,-2.5250789049558775,-0.9959718312065938,-0.9961903229937621,1195
10,2.0,1,10,-2.620475716303516,-3.293505162586035,-0.9903340915558884,-0.9911489171755195,1436
20,2.0,4,10,-2.637898205464013,-3.501085993854692,-0.9993063407739057,-0.9993237666132926,1462
120,2.0,1,10,-2.649692218032384,-3.3086382289390546,-0.9957916916509144,-0.9958687204836902,1434
40,2.0,5,20,-2.657790565045738,-3.3672445895654026,-0.9997440313289195,-0.9997440313289195,1447
60,2.0,3,20,-2.667260732654763,-3.389045851050802,-0.9991735704834234,-0.9991800374057436,1449
20,2.0,4,20,-2.674421856947877,-3.5468359610425315,-0.9994185691393764,-0.9994331756210763,1467
20,2.5,0,5,-2.6849587727824265,-3.0007318158201137,-0.98604107716195,-0.9860750571128829,1314
20,2.0,5,10,-2.7010102895697936,-3.4376633801752257,-0.9997879550812137,-0.9997926967923648,1461
10,2.0,1,20,-2.7120460684460173,-3.3718461750702753,-0.9914476102485362,-0.9921706821638899,1444
120,2.0,1,20,-2.7172772706257002,-3.41611598583467,-0.9962525787194816,-0.9963301439655854,1438
40,2.0,3,20,-2.740751522370891,-3.3927639938605902,-0.9991931392434336,-0.9991931392434336,1449
20,2.0,3,10,-2.7936684866526806,-3.5306861748888188,-0.9990355516167351,-0.9990471162580817,1463
20,2.0,5,20,-2.815287314115726,-3.5866326368069537,-0.9998608112473822,-0.9998639237617692,1466
20,2.5,0,10,-2.828267275447505,-3.133466501544678,-0.9875793153777455,-0.9876859709878699,1315
40,2.0,1,5,-2.85645548577059,-3.5508068619859636,-0.9958570671686326,-0.9958570671686326,1445
20,2.5,0,20,-2.8600373753485906,-3.153814933915281,-0.9880184954255082,-0.9881213798251581,1316
40,2.0,2,10,-2.866741689443051,-3.5838078484320026,-0.9981787685874164,-0.9981787685874164,1448
20,2.0,3,20,-2.9002463443110433,-3.65822515685539,-0.9992795680746989,-0.9992882067296807,1468
60,2.0,1,5,-2.9254825229978607,-3.816420707349873,-0.9966017202290518,-0.9966415249565382,1444
60,2.0,2,10,-2.932702129983307,-3.6937811556160467,-0.9985947932539898,-0.9985950828200454,1447
60,2.0,2,20,-2.949657005081752,-3.7536826076846257,-0.9986542005157147,-0.9986585349821819,1449
60,2.5,0,5,-2.973814479628712,-2.973974669361163,-0.9942404763127809,-0.9942404763127809,1360
20,2.0,1,5,-2.977585450294824,-3.5477674223046978,-0.9959601471395718,-0.9959690314615413,1457
120,2.5,0,20,-3.004176831238651,-2.975569552949268,-0.9956160449417818,-0.9961798090416104,1338
120,2.5,0,5,-3.0135258684276325,-2.995125370708178,-0.9960785261387883,-0.9966097101780949,1336
20,2.0,2,10,-3.0188135284224735,-3.7709789299780963,-0.9982804504100335,-0.9982804504100335,1463
40,2.0,2,20,-3.043345746156849,-3.8024822259308744,-0.9987655138112742,-0.9987655138112742,1449
120,2.5,0,10,-3.0503784998651886,-3.0320887755031496,-0.9960662607159826,-0.9965455514931995,1336
20,2.0,2,20,-3.101151746744062,-3.888916208860195,-0.9985873395567826,-0.9985873395567826,1468
60,2.5,0,20,-3.122024591124731,-3.096451431719713,-0.9950221177992155,-0.9950221177992155,1363
60,2.5,0,10,-3.1281157968415942,-3.1131988671209037,-0.9951690691738267,-0.9951690691738267,1361
40,2.0,1,10,-3.141098135726115,-3.8823079621123706,-0.99697400361974,-0.99697400361974,1448
60,2.0,1,10,-3.304394395980553,-4.156915530467376,-0.9981207870532561,-0.9981341606520381,1447
40,2.0,1,20,-3.33008303895969,-4.114055704694649,-0.9978376539251078,-0.9978376539251078,1449
60,2.0,1,20,-3.3934751949475594,-4.25539600667569,-0.9983730528692172,-0.998380878945384,1449
40,2.5,0,5,-3.485996661672197,-3.9654960790514284,-0.995422084853205,-0.995422084853205,1365
20,2.0,1,10,-3.4914451450928965,-4.077585138155462,-0.9978873169186947,-0.9978873169186947,1463
20,2.0,1,20,-3.5684009112959507,-4.144262540867353,-0.9981925420074224,-0.9981925420074224,1468
40,2.5,0,10,-3.6510826362641917,-4.123264592668721,-0.9960299829492097,-0.9960299829492097,1366
40,2.5,0,20,-3.66282801536088,-4.113686095655381,-0.9960111738991886,-0.9960111738991886,1367
10,2.0,0,5,-3.8443248172869207,-4.910362155255646,-0.9914187053550256,-0.9917110415485567,1429
10,2.0,0,10,-4.1400839354912575,-5.212034460228695,-0.9925723947021028,-0.9926061740215324,1436
10,2.0,0,20,-4.207872656708005,-5.272369240156977,-0.9928070580039557,-0.9928070580039557,1444
60,2.0,0,5,-4.268214835125947,-5.226685828832515,-0.9958106396972504,-0.9958106396972504,1444
120,2.0,0,5,-4.302395341622493,-4.927412846922793,-0.9969722498425735,-0.9969880836951778,1432
20,2.0,0,5,-4.442243561931357,-5.135078297475072,-0.9961981405529092,-0.9961981405529092,1457
120,2.0,0,10,-4.500062843786144,-5.056020993039906,-0.9972679587233045,-0.9972707748080085,1434
120,2.0,0,20,-4.518530184860355,-5.026695264298454,-0.9972948245942351,-0.9972948245942351,1438
40,2.0,0,5,-4.5303453719007605,-5.47566066371895,-0.9964470787778932,-0.9964470787778932,1445
60,2.0,0,10,-4.757299021159789,-5.600079478689339,-0.9971282161953349,-0.9971282161953349,1447
60,2.0,0,20,-4.823215150198717,-5.653199687227703,-0.9973391287294006,-0.9973391287294006,1449
40,2.0,0,10,-4.965428350631965,-5.7961300688545165,-0.9972243973189319,-0.9972243973189319,1448
20,2.0,0,10,-5.061593467290313,-5.678932677106379,-0.9976378444268381,-0.9976378444268381,1463
40,2.0,0,20,-5.086153812390797,-5.8789603360402465,-0.9974476227373917,-0.9974476227373917,1449
20,2.0,0,20,-5.18334615084245,-5.732796702112226,-0.9978304920920956,-0.9978304920920956,1468
10,3.0,0,5,,,0.0,0.0,0
10,3.0,0,10,,,0.0,0.0,0
10,3.0,0,20,,,0.0,0.0,0
10,3.0,1,5,,,0.0,0.0,0
10,3.0,1,10,,,0.0,0.0,0
10,3.0,1,20,,,0.0,0.0,0
10,3.0,2,5,,,0.0,0.0,0
10,3.0,2,10,,,0.0,0.0,0
10,3.0,2,20,,,0.0,0.0,0
10,3.0,3,5,,,0.0,0.0,0
10,3.0,3,10,,,0.0,0.0,0
10,3.0,3,20,,,0.0,0.0,0
10,3.0,4,5,,,0.0,0.0,0
10,3.0,4,10,,,0.0,0.0,0
10,3.0,4,20,,,0.0,0.0,0
10,3.0,5,5,,,0.0,0.0,0
10,3.0,5,10,,,0.0,0.0,0
10,3.0,5,20,,,0.0,0.0,0
10,3.5,0,5,,,0.0,0.0,0
10,3.5,0,10,,,0.0,0.0,0
10,3.5,0,20,,,0.0,0.0,0
10,3.5,1,5,,,0.0,0.0,0
10,3.5,1,10,,,0.0,0.0,0
10,3.5,1,20,,,0.0,0.0,0
10,3.5,2,5,,,0.0,0.0,0
10,3.5,2,10,,,0.0,0.0,0
10,3.5,2,20,,,0.0,0.0,0
10,3.5,3,5,,,0.0,0.0,0
10,3.5,3,10,,,0.0,0.0,0
10,3.5,3,20,,,0.0,0.0,0
10,3.5,4,5,,,0.0,0.0,0
10,3.5,4,10,,,0.0,0.0,0
10,3.5,4,20,,,0.0,0.0,0
10,3.5,5,5,,,0.0,0.0,0
10,3.5,5,10,,,0.0,0.0,0
10,3.5,5,20,,,0.0,0.0,0
10,4.0,0,5,,,0.0,0.0,0
10,4.0,0,10,,,0.0,0.0,0
10,4.0,0,20,,,0.0,0.0,0
10,4.0,1,5,,,0.0,0.0,0
10,4.0,1,10,,,0.0,0.0,0
10,4.0,1,20,,,0.0,0.0,0
10,4.0,2,5,,,0.0,0.0,0
10,4.0,2,10,,,0.0,0.0,0
10,4.0,2,20,,,0.0,0.0,0
10,4.0,3,5,,,0.0,0.0,0
10,4.0,3,10,,,0.0,0.0,0
10,4.0,3,20,,,0.0,0.0,0
10,4.0,4,5,,,0.0,0.0,0
10,4.0,4,10,,,0.0,0.0,0
10,4.0,4,20,,,0.0,0.0,0
10,4.0,5,5,,,0.0,0.0,0
10,4.0,5,10,,,0.0,0.0,0
10,4.0,5,20,,,0.0,0.0,0
10,5.0,0,5,,,0.0,0.0,0
10,5.0,0,10,,,0.0,0.0,0
10,5.0,0,20,,,0.0,0.0,0
10,5.0,1,5,,,0.0,0.0,0
10,5.0,1,10,,,0.0,0.0,0
10,5.0,1,20,,,0.0,0.0,0
10,5.0,2,5,,,0.0,0.0,0
10,5.0,2,10,,,0.0,0.0,0
10,5.0,2,20,,,0.0,0.0,0
10,5.0,3,5,,,0.0,0.0,0
10,5.0,3,10,,,0.0,0.0,0
10,5.0,3,20,,,0.0,0.0,0
10,5.0,4,5,,,0.0,0.0,0
10,5.0,4,10,,,0.0,0.0,0
10,5.0,4,20,,,0.0,0.0,0
10,5.0,5,5,,,0.0,0.0,0
10,5.0,5,10,,,0.0,0.0,0
10,5.0,5,20,,,0.0,0.0,0
20,5.0,0,5,,,0.0,0.0,0
20,5.0,0,10,,,0.0,0.0,0
20,5.0,0,20,,,0.0,0.0,0
20,5.0,1,5,,,0.0,0.0,0
20,5.0,1,10,,,0.0,0.0,0
20,5.0,1,20,,,0.0,0.0,0
20,5.0,2,5,,,0.0,0.0,0
20,5.0,2,10,,,0.0,0.0,0
20,5.0,2,20,,,0.0,0.0,0
20,5.0,3,5,,,0.0,0.0,0
20,5.0,3,10,,,0.0,0.0,0
20,5.0,3,20,,,0.0,0.0,0
20,5.0,4,5,,,0.0,0.0,0
20,5.0,4,10,,,0.0,0.0,0
20,5.0,4,20,,,0.0,0.0,0
20,5.0,5,5,,,0.0,0.0,0
20,5.0,5,10,,,0.0,0.0,0
20,5.0,5,20,,,0.0,0.0,0
