,A,B,C,D,E
2024-04-01,0.009464940991521948,0.0,0.0,0.0011794792838044758,0.0
2024-04-02,-0.010296313352622271,0.006378925496235154,0.0,-0.0018140578845852102,0.0
2024-04-03,0.016341052258205608,-0.013600303485746236,-0.05842153387431695,0.00046036607141467043,0.0
2024-04-04,-0.03798689556824804,-0.011708069150077072,0.0,-0.0033398469526085784,0.0
2024-04-05,0.018563007730364605,0.0043157485592923974,0.0,0.005592414039332165,0.0
2024-04-08,-0.001604907390197102,0.0041912870630075975,0.0,0.0026579624862006976,0.0
2024-04-09,-0.04465123183608904,0.009478279778472175,0.0,-0.002685683045117829,0.0
2024-04-10,0.03547429430609212,-0.009341534530168472,0.0,-0.0022645038208193658,0.0
2024-04-11,0.021051411559414583,0.0039937391975829895,0.0,-0.0007557885143834565,0.0
2024-04-12,-0.042914236299660076,-0.02273205753986911,-0.14224536241035848,-0.004659968299813436,0.0
2024-04-15,-0.0533949773861824,-0.026446080214505296,0.0,-0.0054627379072549965,0.0
2024-04-16,0.00696320036725015,0.004073057146098868,0.0,-0.0027672308032084926,0.0
2024-04-17,-0.016770202924274075,0.0009679661106223532,0.0,-0.0006088813584917087,0.0
2024-04-18,-0.009619524825877607,-0.0002793238490944597,0.0,-0.006192688025264674,0.0
2024-04-19,-0.0741270000467315,0.012873323265667324,0.0,-0.01042108696434925,0.0
2024-04-22,0.04635892418110944,0.006509141641435833,0.0,0.009207559631605399,0.0
2024-04-23,0.037163256261518854,0.027296985970339048,0.0,0.011782010175186845,0.0
2024-04-24,-0.00371382999988748,0.000654004537485164,0.0,0.0036282875492373,0.0
2024-04-25,0.023144078475650115,-0.00047409865424599164,0.0,0.03993141519506228,0.0
2024-04-26,0.04323310427036317,-0.004076432024367383,0.0,-0.0018348967348051264,0.0
2024-04-29,0.010981871555270478,0.0,0.0,0.0024133099941874166,0.0
2024-04-30,-0.06487715060103327,0.0,0.0,-0.015602520646237296,0.0
2024-05-01,-0.03611874831752533,0.0,0.0,0.0004426743426361471,0.0
2024-05-02,0.05992306857458293,0.0,0.0269664642154801,0.004288216440980643,0.0
2024-05-03,0.022601315562075692,0.0,0.0,0.0049783556861491005,0.0
2024-05-06,0.03614606716267627,0.0,0.0,0.002193599325221415,0.0
2024-05-07,-0.02423689553945186,0.0,0.0,0.0017226764462828933,0.0
2024-05-08,0.01785819796095271,0.0,0.0,0.005593478312575189,0.0
2024-05-09,0.00784629605985529,0.0,0.0,0.0033379686679658733,0.0
2024-05-10,-0.027419028124152672,0.0,0.0,-0.003950659445151992,0.0
2024-05-13,-0.0027178090417168174,0.0,0.010821633562144002,0.004427936379588764,0.0
2024-05-14,0.03288788325463753,0.0,0.0,0.006116411013712667,0.0
2024-05-15,0.10348140847559385,0.0,0.0,-8.540556337484952e-05,0.0
2024-05-16,-0.059387324419539075,0.0,0.0,-0.0004841403753094131,0.0
2024-05-17,0.02566829322630539,0.0,0.0,0.002697931629969293,0.0
2024-05-20,0.038050330077585466,0.0,0.0,-0.002664482649471584,0.0
2024-05-21,-0.0035622418989308454,0.0,0.0,0.001071775662602094,0.0
2024-05-22,0.00017635097187928574,0.0,0.0,-0.003930923473840054,0.0
2024-05-23,-0.0234435410263129,0.0,0.0,-0.008525811721042902,0.0
2024-05-24,0.06592910208185726,0.0,0.0,0.0018745968315393626,0.0
2024-05-27,0.0,0.0,0.0,0.0,0.0
2024-05-28,0.008865168979307886,0.0,0.030892879725300835,-0.0036130570304620108,0.0
2024-05-29,-0.030399083333012427,0.0,0.13688647463152698,-0.006349978032495861,0.0
2024-05-30,-0.01267771816041297,0.0,0.0,0.0012406342294209666,0.0
2024-05-31,-0.04058613342099749,0.0,-0.03084424508052246,0.003818213660832318,0.0
2024-06-03,-0.0012194983650394785,0.0,0.0,0.01065234712619119,0.0
2024-06-04,-0.0038180255017683353,0.0,0.0,-0.003365258086636394,0.0
2024-06-05,0.029792820684007675,0.0,0.0,0.022677038383516215,0.0
2024-06-06,-0.015668128021493626,0.0,0.0,-0.010386953490304418,0.0
2024-06-07,-0.01900958684242456,0.0,0.0,0.004876224291443268,0.0
2024-06-10,0.01966211244009077,0.0,0.0,0.00043607946284023177,0.0
2024-06-11,-0.01566155249441486,0.0,0.007103136866895839,0.008553376404742161,0.0
2024-06-12,0.02851795983476175,0.0,0.0,0.001349254538388593,0.0
2024-06-13,-0.00862333284274162,0.0,0.016158902916840353,0.0012312801348338428,0.0
2024-06-14,-0.01604024924681207,0.0,0.0,-0.005813308256812522,0.0
2024-06-17,0.015265255777600333,0.0,0.0,0.0064542890549734045,0.0
2024-06-18,0.006955840148130837,0.0,0.0,0.003285780039630068,-0.0005523830526349117
2024-06-19,0.0,0.0,0.0,0.0,0.0
2024-06-20,-0.0023795722181137848,0.0,0.0,-0.0011611842203298212,-0.0034650286862821233
2024-06-21,-0.005544992731642756,0.0,0.0,0.005972523999907065,-0.00418200286699244
2024-06-24,-0.02990967172318975,0.0,0.0,-0.004565334516450301,0.0035036079577355217
2024-06-25,0.04839394335812339,0.0,-0.005489508044373384,0.003165267756653821,-0.005310659728243156
2024-06-26,-0.025510268491769367,0.0,0.0,-0.0017594242705994165,-0.001422300757092404
2024-06-27,0.04503011216781365,0.0,0.0,0.0011334047284364008,0.011138537078518251
2024-06-28,-0.04628014737653963,0.0,0.0,-0.0020315532770289156,-0.0031940578175119728
2024-07-01,0.0027620920727159546,0.0,-0.0017843143176373912,-0.003320190520135586,-0.012438760813753022
2024-07-02,8.22512733260785e-05,0.0,0.0,0.0031671213708261824,0.0017368647671744952
2024-07-03,0.006750875429413256,0.0,0.0,0.0007523260538843506,0.016125645903224777
2024-07-04,0.0,0.0,0.0,0.0,0.0
2024-07-05,-0.009415846820166524,0.0,0.0,0.006877273871149361,-0.0024640150922092077
2024-07-08,0.009735707905839613,0.0,0.0,0.00029072676190394027,-0.0051810673097188635
2024-07-09,0.002459162306980639,0.0,0.0,-0.0022018894353589835,0.0012331584243264009
2024-07-10,0.011336271320870844,0.0,0.0,0.007575362643477216,0.004390301106890839
2024-07-11,-0.0021431332574466883,0.0,0.0,0.006233739445771102,0.010010321713268345
2024-07-12,0.022298919736597804,0.0,0.0,0.002753965463703824,0.007826639455428941
2024-07-15,0.047877414579411186,0.0,0.0,0.0005098181943309299,-0.008228863031027434
2024-07-16,0.012225963083775077,0.0,0.0,0.0025611412748028336,0.013517467569703933
2024-07-17,-0.06298907785537942,0.0,0.0,-0.018876533231318927,-0.010500221102002993
2024-07-18,-0.026882757120677475,0.0,0.0,-0.007508919703647084,-0.005578772350981897
2024-07-19,0.04947203991444126,0.0,0.0,-0.00038287778426844413,0.0235784564031571
2024-07-22,0.010514763396391342,0.0,0.0,0.012170454424687201,0.010032705746002159
2024-07-23,-0.012787424516800644,0.0,0.0,-0.00014911778165823287,-0.011636730097637438
2024-07-24,-0.061530903781644455,0.0,0.0,-0.009219560092573093,0.012657121360089629
2024-07-25,-0.02866160640440512,0.0,0.0,-0.009454966282361008,-0.01067840829168636
2024-07-26,0.04878442441804136,0.0,0.015199471564087498,0.011099769145319998,0.015877120265984913
2024-07-29,-0.0267925669951721,0.0,0.0039564056511172795,0.005226884262332371,0.0015184710802639944
2024-07-30,-0.03475241621665615,0.0,0.0,-0.0008142580467741362,0.004420332147956008
2024-07-31,0.051359808437118175,0.0,0.0,0.006272336769083508,0.009533652130318027
2024-08-01,-0.01987238538012402,0.0,0.0,-0.004152502809272286,0.0
2024-08-02,-0.043808047495299526,-0.0005002571715830188,-0.03012458234049582,-0.011904647662810163,0.0
2024-08-05,-0.04275904358018028,-0.018281452064827054,0.0,-0.014758541172797473,0.0
2024-08-06,0.03797335448309642,0.0070777348530024035,0.0,0.012560969559595247,0.0
2024-08-07,-0.04904106066081729,-0.03307957279316922,0.0,-0.0015671019962594278,0.0
2024-08-08,0.05373776139447255,0.023832410057596953,-0.006447363270082834,0.014092104204555806,0.0
2024-08-09,0.007112770449828093,-0.0020560427945284458,-0.01988086300359717,0.0003751445667437653,0.0
2024-08-12,-0.002896375257759637,0.0006727211136744678,0.0,-0.002884687714467328,0.0
2024-08-13,0.05083871517113824,0.0022449640682867585,0.0,0.014789550456509213,0.0
2024-08-14,-0.0173778314968764,-0.005600570540308004,0.0,7.757188746688093e-06,0.0
2024-08-15,0.027306186580189212,0.0,0.0,-0.0041300290404334816,0.0
2024-08-16,0.010399836062727314,0.0,0.0,0.005591208762569648,0.0
2024-08-19,0.01884483838861108,0.0,0.0,0.005986106210325972,0.0
2024-08-20,-0.015283245248224313,0.0,0.0,0.004654932487025686,0.0
2024-08-21,0.02542074867348924,0.0,0.0,0.0019295074589011237,0.0
2024-08-22,-0.015531469930279701,0.0,0.0,0.008766642351508902,0.0
2024-08-23,0.047398624164281304,0.0,0.0,0.007497469060905152,0.0
2024-08-26,-0.022419514236501552,0.0,0.0,0.006661937505929896,0.0
2024-08-27,-0.0014018874304139227,0.0,0.0,-0.0033727204165913253,0.0
2024-08-28,-0.02778404316989059,0.0,0.0,0.002023996693429588,0.0
2024-08-29,-0.013052567783254415,0.0,0.0,0.0023343707952464404,0.0
2024-08-30,0.00544790602217819,0.0,0.07907919761725499,0.003982651927577186,0.0
2024-09-02,0.0,0.0,0.0,0.0,0.0
2024-09-03,-0.07360431809528403,0.0,0.0,-0.010289740136802986,0.0
2024-09-04,0.008651127107290074,0.0,0.0,-0.0021694077502124823,0.0
2024-09-05,-0.02023583279919841,0.0,0.0,-0.0017719611267699568,0.0
2024-09-06,-0.03893685535264449,0.0,0.0,-0.008498561642569992,0.0
2024-09-09,0.03392862105953615,0.0,0.0,0.009872441728887285,0.0
2024-09-10,0.005827261485908214,0.0,0.0,-0.004349199960716878,0.0
2024-09-11,0.03359704275968011,0.0,0.0,0.0011327735924253268,0.0
2024-09-12,0.020526539914690684,0.0,0.0,0.004647136731811755,0.0
2024-09-13,0.032666882851545884,0.0,0.0,0.00597018163339617,0.0
2024-09-16,0.0067165900786104234,0.0,0.0,0.0014520158576888276,0.0
2024-09-17,0.0016760217601509977,0.0,0.0,-0.00342457088407684,0.0
2024-09-18,0.0035152769313510244,0.0,0.0,-0.00354386265710663,0.0
2024-09-19,0.04619938315181988,0.0,0.0,-0.000240793903990036,0.0
2024-09-20,0.03156203437451043,0.0,0.0,0.0021413234465467125,0.0
2024-09-23,0.009374314024579883,0.0,-0.03272209073773327,0.00756134733093332,0.0
2024-09-24,0.0137324679453437,0.0,0.0,-0.003919549328870507,0.0
2024-09-25,0.01025378118983104,0.0,0.0,-0.00582216908226037,0.0
2024-09-26,0.013022385842150869,0.0,0.0,0.0035126977102073477,0.0
2024-09-27,0.011328141851029145,0.0,0.0,0.0032849016722953156,0.0
2024-09-30,-0.010904925736297139,0.0,0.0,0.008566411000592055,0.0
2024-10-01,0.002399034453812482,0.0,0.0,-0.002694607260302939,0.0
2024-10-02,0.009373169417109034,0.0,0.0,0.0011816560163578293,0.0
2024-10-03,0.006514660416793156,0.0,0.0,-0.0027306057955757425,0.0
2024-10-04,0.018493878790939507,0.0,0.0,0.004332444934171813,0.0
2024-10-07,-0.00935570795751089,0.0,0.0,-0.005266627063676219,0.0
2024-10-08,0.026287714237371924,0.0,0.0,0.004434559450060713,0.0
2024-10-09,-0.005081905356423372,0.0,0.0,0.0027993642736417754,0.0
2024-10-10,0.0029250522060958626,0.0,0.0,-0.0035012710143074877,0.0
2024-10-11,0.009161656482140217,0.0,0.0,0.010301757154397947,0.0
2024-10-14,0.008354073673133894,0.0,0.0,0.010281316214180745,0.0
2024-10-15,-0.0013160633892640935,0.0,0.0,-0.009480916232279158,0.0
2024-10-16,0.018880499545732295,0.0,0.0,0.0023839951179313187,0.0
2024-10-17,-0.02427800393100877,0.0,0.0,-0.0035207222983932025,0.0
2024-10-18,0.00780639727271883,0.0,0.0,0.0020913244648942076,0.004226527107862256
2024-10-21,0.0053886700913753525,0.0,0.0,-0.00211660019900618,-0.005891829699415596
2024-10-22,0.0038728991191693428,0.0,0.0,-0.00043626362851409737,-0.01912766788006015
2024-10-23,-0.0007763263745171942,0.0,-0.022151045270222148,0.0006905957376564059,-0.005823894807421626
2024-10-24,-0.0006665363613416017,0.0,0.0,-0.002293636427050931,-0.00944591843247633
2024-10-25,0.002248247244123841,0.0,0.0,0.001846589254031293,0.008066796827118639
2024-10-28,0.01790440681593805,0.0,-0.05287776126547789,0.0026483802407016566,0.012090390630960623
2024-10-29,0.005631177768874801,0.0,0.0,0.0031243690724877737,-0.0052347915926992394
2024-10-30,-0.00848121523278061,0.0,-0.00395871624763369,-0.003394125868337195,0.0014478627998578525
2024-10-31,0.027531134699253675,0.0,0.005439940263443681,-0.007387541273337913,-0.01394438614753892
2024-11-01,-0.030575531274061634,0.0,0.005568967243955908,-1.009779090032644e-05,-0.00880629176530795
2024-11-04,-0.018579851354011818,0.0,-0.007615285656264299,0.0006771890614624836,0.011406517890782989
2024-11-05,0.032873002961537605,0.0,0.0,0.012667499446154412,0.02353382817666651
2024-11-06,0.0445415832978635,0.0,0.0,0.01166288420767731,0.0618644542453208
2024-11-07,0.09835490949251062,0.0,0.008181404134880124,0.003127339374874175,0.006993456792462864
2024-11-08,0.02035430609980564,0.0,-0.0260729926165199,0.005224335355585334,-0.00025527409526413897
2024-11-11,0.0004777545012540547,0.0,-0.012917252227167837,0.0026797702833590373,-0.03399265881354058
2024-11-12,-0.021151441756348612,0.0,0.0,-0.0055045452048077086,-0.02895312633240643
2024-11-13,-0.02656822456601498,0.0,0.0,-0.005054553759034851,-0.01100928910162391
2024-11-14,4.765548164741018e-05,0.0,0.0,-0.006420114549466763,0.0034787629063943726
2024-11-15,0.05453281978307813,0.0,0.0,-0.006555033833061452,-0.013173129944307527
2024-11-18,-0.01628230348179891,0.0,0.0,0.002761169346038928,0.01990627922281596
2024-11-19,0.054305035087626984,0.0,0.0,0.000817383749360329,0.013088346360268455
2024-11-20,0.019312802699499594,0.0,0.0,0.005009099882096952,-0.00951942760846547
2024-11-21,0.002727508421084688,0.0,0.0077186236386455765,0.009823233453595648,0.005489781924846742
2024-11-22,-0.025847403633291202,0.0,0.0,-0.0031253038062912923,0.00378081773882806
2024-11-25,-0.04079844626658791,0.0,0.0,0.0019018358428170038,0.006368747118949913
2024-11-26,-0.016181821700226275,0.0,0.0,0.006658313393444553,0.006671451884753848
2024-11-27,0.011059114354093189,0.0,0.0,0.0024786690626750797,0.0042213120755719424
2024-11-28,0.0,0.0,0.0,0.0,0.0
2024-11-29,-0.013464198971108302,0.0,0.0,0.007182191802598532,-0.003511985482883187
2024-12-02,-0.017607443543103476,0.0,0.0,-0.0007247078211007656,-0.01793574378582577
2024-12-03,0.010932965243080614,0.0,0.0,-0.0028735046011498975,-0.0006433347915799535
2024-12-04,0.007276725470715348,0.0,0.0,-0.001712616048557001,-0.0020676274877875966
2024-12-05,-0.0007505877210761485,0.0,0.0,-0.0007247187605972496,-0.0025421966069090036
2024-12-06,0.0004149532352117763,0.0,0.0,-0.002854879129676393,-0.0054691468189807125
2024-12-09,-0.015389564724745355,0.0,0.0,-0.0036375148136945233,-0.008972132476537307
2024-12-10,-0.008081377046558083,0.0,0.0,-0.0024784101429511395,0.0001245737171368111
2024-12-11,0.0019658426258897434,0.0,0.0,0.0010086089632422301,0.001296619578215062
2024-12-12,-0.0055641827657385255,0.0,0.0,-0.003522424591878867,-0.006061115792401285
2024-12-13,0.007057787387360468,0.0,0.0,-0.002840928433537723,-0.012860538578082567
2024-12-16,0.02501516940265227,0.0,0.0,-0.005975795787357075,-0.0037391540514599255
2024-12-17,0.006532716856970397,0.0,0.0,-0.0030532969950333687,-0.005958088738059653
2024-12-18,0.08788453050339792,0.0,0.0,-0.021023965549347157,-0.0323485992385623
2024-12-19,0.06629118178023498,0.0,0.0,-0.004111593254419817,-0.008815684109245315
2024-12-20,-0.07855904750700589,0.0,0.0,0.014427505212137213,0.020337455217163302
2024-12-23,-0.05612089084897276,0.0,0.0,-0.0020045633261116646,0.001289668601190419
2024-12-24,-0.029589600916852057,0.0,0.0,0.010620120086113615,0.010501906229317992
2024-12-25,0.0,0.0,0.0,0.0,-0.0025
2024-12-26,-0.0027974500457855463,0.0,0.0,0.0003149082206695407,-0.0005487726931150775
2024-12-27,0.021971941177527585,0.0,0.0,0.004976479188012738,-0.010096153401881266
2024-12-30,0.0002979147535830482,0.0,0.0,0.003885946497837802,-0.017025676931382697
2024-12-31,-0.00523892903791541,0.0,0.0,-0.006781902474384251,-0.00761700509850073
2025-01-01,0.0,0.0,0.0,0.0,0.0
2025-01-02,0.032852949613834455,0.0,0.0,-0.00546591495397737,0.0062887505779517395
2025-01-03,-0.01785840081336695,0.0,0.0,0.007144687876209007,0.015484738051993784
2025-01-06,0.002343411255708247,0.0,0.0,0.002651686487628148,0.014140793335798747
2025-01-07,0.02125902713502935,0.0,0.0,-0.001582282551403638,-0.014417578542743337
2025-01-08,-0.00984112882030071,0.0,0.0,0.001462581782651318,0.005904619242753539
2025-01-09,0.0,0.0,0.0,0.0,0.0
2025-01-10,-0.009404505463497165,0.0,0.0,-0.007883068077442478,-0.02112638407465972
2025-01-13,0.00273520942320244,-0.017467905557191354,0.021520667475966905,0.005003525771226962,0.0006277404884995064
2025-01-14,0.016834934943348773,0.029897442487749903,0.0,0.0035830323448649086,0.0082789417146412
2025-01-15,0.03860608986609772,0.022914010536182073,0.0,0.002772820188021157,0.031082879592859974
2025-01-16,0.014597339088083689,0.020181894024306212,0.0,0.011142087068166205,0.00029312464288190577
2025-01-17,0.03154133742928084,0.003120138512802639,0.0,-0.0011885776418542526,0.008473763849688032
2025-01-20,0.0,0.0,0.0,0.0,0.0
2025-01-21,0.0097153377345565,0.0379023616026853,0.0,0.009376658705711324,-0.00337243344687741
2025-01-22,0.022030296881481608,0.004581474768760052,0.0,-0.009350340760448867,-0.010346997621818076
2025-01-23,0.00043954818758657496,0.008048559495874729,0.0,0.011501702961437961,0.006048646625069809
2025-01-24,-0.015149649258137204,0.0,-0.028344535254440827,-0.00889870403867166,-0.009470347357061737
2025-01-27,-0.07979026170070068,0.0,0.0,-0.006684433138896794,-0.0048152825744308455
2025-01-28,0.03807259496952202,0.0,0.0,0.004816137473090609,0.0
2025-01-29,0.010876637647954273,0.0,0.0,0.003190824401214607,0.0
2025-01-30,0.026321270992880192,0.0,0.014189563537545502,0.01435933826871022,0.0
2025-01-31,-0.007223364261019311,0.0,0.027823224683013063,-0.0005257622369470099,0.0
2025-02-03,0.0016991265177726813,0.0,-0.004531273079918652,-0.00270386434051543,0.0
2025-02-04,0.05630186542470734,0.0,0.0,0.0029679421536802685,0.0
2025-02-05,-0.005423479547511195,0.0,0.0,0.0017325119833866407,0.0
2025-02-06,0.01930965283644274,0.0,0.0,-0.001609046824075085,0.0
2025-02-07,0.009481664600981581,0.0,0.008998044389327588,-0.00347330615780654,0.0
2025-02-10,0.02433353494097589,0.0,0.0,-0.0002996619098709565,0.0
2025-02-11,-0.0376810516917888,0.0,0.0,0.0008143522984073954,0.0
2025-02-12,0.02342417537729526,0.0,0.05292125794124389,0.0024241502623569364,0.0
2025-02-13,0.07609274596503451,0.0,0.0,0.007824101357707933,0.0
2025-02-14,0.02923372625468094,0.0,0.043764555959337446,-0.004424445767486855,0.0
2025-02-17,0.0,0.0,0.0,0.0,0.0
2025-02-18,-0.01060116454161995,0.0,0.0,0.0032362358352519167,0.0
2025-02-19,-0.03326675292193755,0.0,0.0,-0.00010432132586838658,0.0
2025-02-20,-0.044138150382510725,0.0,-0.0055266406624983645,0.0005099702713516623,0.0
2025-02-21,-0.0734857193277671,0.0,0.0,-0.014859595271979494,0.0
2025-02-24,-0.0487188296764886,0.0,-0.020316724596249357,-0.008496882603588196,0.0
2025-02-25,-0.06053019457790199,0.0001055757274053267,0.0,-0.0033855025123288554,0.0
2025-02-26,0.012662885166858134,-0.0249340067441465,0.03473359242611405,0.010083002156711478,0.0
2025-02-27,-0.04003896703750674,-0.004200095682275818,0.0,-0.00609477154091704,0.0
2025-02-28,0.02706161794814132,-0.003280847676337495,-0.0436566156533106,0.008738300848309876,0.0
2025-03-03,-0.024462692774209743,0.01130795571833849,0.0,-0.010251512628020572,0.0
2025-03-04,0.010718942601862519,-0.017240085000538686,0.0,-0.0012766056974679672,0.0
2025-03-05,0.042568924917153,0.005106617345273489,0.0,0.009346042733180647,0.0
2025-03-06,-0.089821785603999,0.015079734717296865,0.0,-0.005752308744424312,0.0
2025-03-07,0.0034949257618056284,0.012031966032869778,0.0,0.010380429872344365,0.0
2025-03-10,-0.13049454587624862,-0.02313178515744423,0.0,-0.018540395375033696,0.0
2025-03-11,0.06614865577364726,-0.009785816775647738,0.0,-7.013293947592857e-05,0.0
2025-03-12,0.06411937539319956,-0.015202743044889134,0.0,-0.0004963740792912057,0.0
2025-03-13,-0.029643156549656664,0.0028813077340936965,0.0,-0.005502231235518976,0.0
2025-03-14,0.10557890357410497,0.0297977607048143,0.0,0.011343979623255021,0.0
2025-03-17,0.04433845586309569,0.017139972358286747,0.0,0.009652940562609891,0.0
2025-03-18,-0.06378415333526091,-0.011155824321144092,0.0,-0.010360000276021504,0.0
2025-03-19,0.0711138417846256,0.016499350201681272,0.0,0.020552503466114078,0.0
2025-03-20,0.015521739043867382,0.004082325304515754,0.0,-0.007707780665924856,0.0
2025-03-21,0.01915123470429727,-0.01385290667073631,0.0,0.010935889738782874,0.0
2025-03-24,0.09184544601353616,0.031357211347252695,0.0,0.013669246021767346,0.0
2025-03-25,0.003924938784135989,0.0008934119873864828,0.0,-0.005999645210198295,0.0
2025-03-26,-0.055202138006061954,-0.03941105508252298,0.0,0.0036001222528993563,0.0
2025-03-27,-0.06752161136341556,-0.05272962739207793,0.0,0.006196308683331773,0.0
2025-03-28,-0.04942604885502342,-0.00872155011457254,0.0,-0.006694036767118898,0.0
2025-03-31,-0.013639793618336345,-0.0015377925081430102,0.0,0.014720969813013825,0.0
2025-04-01,0.04458872994504437,0.0014845718282801897,0.0,-0.0020305650141897572,0.0
2025-04-02,0.029321742707809566,0.018223430402401087,0.0,0.008653526815202164,0.0
2025-04-03,-0.11825031927059652,-0.06475829216570868,0.0,-0.014833896821287372,0.0
2025-04-04,-0.09247824592775698,-0.05501176646425285,0.0,-0.040513334853088334,-0.1049355506670801
2025-04-07,0.012201495181024972,0.01246642466899277,0.0,-0.0026899998371221895,0.010489091079105783
2025-04-08,-0.04517537837977784,0.0009736359381676602,0.0,-0.010021599277703496,-0.03170481378397405
2025-04-09,0.2375227866010502,0.07375077227550729,0.0,0.04881805336389812,0.24201813932561733
2025-04-10,-0.06302715709735227,-0.010024024759003615,0.0,-0.025616477092206946,-0.05751006158200678
2025-04-11,0.029225046104240697,0.020548533498876063,0.0,-0.0017779891173153447,0.03513835169686441
2025-04-14,0.010886375829869586,-0.00479873317090338,0.0,0.015400301772851942,0.01028944818544919
2025-04-15,0.024845678036526923,0.0010409356243946451,0.0,-0.008541082079550467,-0.011993094765999968
2025-04-16,-0.05364083698369363,3.748106964109843e-05,0.0,-0.0038360874487897837,-0.011279649430066128
2025-04-17,0.02232556737917906,-0.057261287419220507,0.0,-0.009406602845932017,0.008383329100974456
2025-04-18,0.0,0.0,0.0,0.0,0.0
2025-04-21,-0.028384769639997705,-0.039618108525587066,0.0,-0.017917932215744167,-0.023782699617510294
2025-04-22,0.05968884759673831,0.005813328271280471,0.0,0.018381698694352338,0.019333575545805483
2025-04-23,0.05677719440468652,0.0,0.0,0.018460815146180944,0.007316913813533743
2025-04-24,0.06156058250578716,0.0,0.0,0.004593822420627046,0.0056999873322255866
2025-04-25,0.04152002789460934,0.0,0.0,0.003262183579311116,-0.011770955887129508
2025-04-28,0.010210118931184696,0.0,0.0,0.004199020885795645,0.00045984056499346
2025-04-29,0.019451312424521965,0.0,0.0,0.01325032342686343,0.0066117076137050534
2025-04-30,-0.012282561423762002,0.0,0.0,0.011992206655538172,0.006222658135333847
2025-05-01,-0.007951638801911083,0.0,0.0,-0.0064882725107105865,0.003981370714371352
2025-05-02,0.0690792561891822,0.0,0.0,0.004183829171136547,0.026338484516121974
2025-05-05,-0.01203030570801148,0.0,0.0,0.004307577823334855,0.0023083332507640164
2025-05-06,-0.02542893550567716,0.0,0.0,0.0015137784355189628,-0.002900344219008366
2025-05-07,0.018402824790325643,0.0,0.0,0.0012438355604697244,0.011344793051395796
2025-05-08,0.09259129588708497,0.0,0.0,0.008123987415417906,-0.008059621562166894
2025-05-09,-0.007178677509341681,0.0,0.0,-0.0034120063798443014,-0.007044965173748197
2025-05-12,0.0377234511434695,0.0,0.0,-0.0016463518835295667,0.03236993611045354
2025-05-13,0.0714209318442418,0.0,0.0,-0.009468564554412981,-0.011574830597937336
2025-05-14,-0.0006154642266046687,0.0,0.0,-0.002570740980421566,-0.00796616213713588
2025-05-15,-0.025741721786196915,0.0,0.0,0.020910988914247725,0.013706026338411736
2025-05-16,0.004340641149306761,0.0,0.0,0.011466537934766942,0.014816955532723641
2025-05-19,0.01646943361511554,0.0,0.0,0.003150733811923759,-0.0053411258480351885
2025-05-20,-0.0019244316958651822,0.0,0.0,0.00027833043825206726,-0.0017160283129973842
2025-05-21,-0.026154771608915266,0.0,0.0,-0.012747599198845274,-0.025595750017568936
2025-05-22,-0.0002393538710115326,0.0,0.0,0.0016158890343955794,-0.006256980899791246
2025-05-23,-0.013654476297881418,0.0,0.0,-0.003460228636316726,-0.003693213699142069
2025-05-26,0.0,0.0,0.0,0.0,0.0
2025-05-27,0.024233015683450616,0.0,0.0,0.020292853399612582,0.015245038412564268
2025-05-28,-0.002762156387976949,0.0,0.0,-0.006925745426236638,-0.0150966908774632
2025-05-29,-0.007855590027494879,0.0,0.0,-0.0023645155947451227,0.00809577169050287
2025-05-30,0.027667239277468676,0.0,0.0050005919540367285,0.001724900042335505,0.015242536156489529
2025-06-02,0.015274045483702587,0.0,0.0,0.0034139695656926123,0.012412886545014202
2025-06-03,0.02213540057139491,0.0,0.0,0.011843868317370632,0.02141725785260129
2025-06-04,-0.004294402065697117,0.0,0.0,-0.00013324664332328842,0.004090001490247452
2025-06-05,-0.022388170652741863,0.0,0.0,-0.00258709708225312,-0.0024962487700280755
2025-06-06,0.024089417464252853,0.0,0.02138993957289035,0.0065120536317144016,0.008829152481314172
2025-06-09,-0.005532713064869826,0.0,0.0,0.0002076361305048169,0.0008485580610312793
2025-06-10,-0.010230160783751946,0.0,0.0,-0.003227204672301643,-1.1596920028833502e-05
2025-06-11,0.010028087530446945,0.0,-0.0044641840534504935,0.0026572869875099068,-0.003863548413958249
2025-06-12,-0.007482013717809327,0.0,0.0,0.005136865272246343,0.009700978030458588
2025-06-13,-0.005779322641295553,0.0,0.0,-0.004642928573838871,-0.016042458888785822
2025-06-16,0.02259151676479933,0.0,0.0,0.010580537698173067,0.014222199125503598
2025-06-17,-0.02111580677830585,0.0,0.0,-0.006901772223223836,-0.005616933077276435
2025-06-18,-9.439399191038512e-05,0.0,0.0,-0.0015827196741534846,0.0038423961797459105
2025-06-19,0.0,0.0,0.0,0.0,0.0
2025-06-20,-0.01567222834194946,0.0,0.0,-0.0012368416106909117,-0.006280837512909272
2025-06-23,0.0034873283455227836,0.0,0.0,0.008588509614135141,0.006282485734489985
2025-06-24,0.03520745932101987,0.0,0.0,0.010626312107852524,0.02721890927105113
2025-06-25,0.0006934757818034267,0.0,0.0,-0.004677431744674224,0.005773969822336067
2025-06-26,0.020598776730093932,0.0,0.0,0.0031564403769039134,0.008051679406458146
2025-06-27,-0.03030177851659895,0.0,0.0,0.0035168583765980655,0.00024829553083447473
2025-06-30,0.051618530073553895,0.0,0.0,0.008718247366991791,0.0025079009041450995
2025-07-01,-0.040008553163994195,0.0,0.0,0.001974522033552957,-0.005323569151522478
2025-07-02,0.028770488548435107,0.0,0.0,-0.002600797276026714,0.0037461784420414813
2025-07-03,0.0037052142897612437,0.0,0.04021757731095796,0.009619793996529288,0.011573466326890327
2025-07-04,0.0,0.0,0.0,0.0,0.0
2025-07-07,0.0030707973146813783,0.0,0.0,-0.004033292177408146,-0.01091779432040807
2025-07-08,-0.012942847994603773,0.0,0.0,0.0012254583343868065,0.011710839475728018
2025-07-09,0.02443072395286569,0.0,0.0,-0.0015458205982289471,0.003679832213673051
2025-07-10,0.00852840716491569,0.0,-0.0009732447465618608,0.00040542932459088836,0.004338158846354734
2025-07-11,-0.002829928911032625,0.0,0.0,-0.005123446340091034,-0.0011602167954654075
2025-07-14,0.0334517731534214,0.0,0.0,0.005547549676323941,0.010777564056614276
2025-07-15,-0.012903370740965796,0.0,0.0,-0.006801197664469871,0.0
2025-07-16,0.015310542950433808,0.0,0.0,0.0055467235760044515,0.0
2025-07-17,0.01409005131241276,0.0,0.0,0.006610199009983914,0.0
2025-07-18,0.001119542585327177,0.0,0.0,-0.0014113644696854186,0.0
2025-07-21,-0.017325678443746113,0.0,0.0,-0.00292004065609449,0.0
2025-07-22,-0.023430787652698598,0.0,0.0,0.008766143241832662,0.0
2025-07-23,0.0485763625247964,0.0,0.0,0.010782530817980172,0.0
2025-07-24,-0.001465341350956378,0.0,-0.0007390216866803891,-0.00517443491988982,0.0
2025-07-25,0.017679927805649635,0.0,0.0,0.00533332264621988,0.0
2025-07-28,0.0012116082119976558,0.0,0.0,-0.0053325985615716425,0.0
2025-07-29,-0.009405175417796069,0.0,0.0,-0.0011978397209472696,0.0
2025-07-30,0.011473917941715744,0.0,0.0,-0.004289705721063592,0.0
2025-07-31,-0.004577421094250906,0.0,0.0,-0.006197950939574077,0.0
2025-08-01,-0.010471785464024923,0.0,-0.0028698994166178743,-0.005468541281224032,0.0
2025-08-04,0.01953247077593711,0.0,0.0,0.00870689765372789,0.0
2025-08-05,0.003801215083128112,0.0,-0.003650604280410816,-0.0029591472656930714,0.0
2025-08-06,0.009076921322258453,0.0,0.013335847145634716,0.0016524694843744734,0.0
2025-08-07,0.00825135556264362,0.0,0.0,0.003901176530164073,0.0
2025-08-08,0.014479665215252919,0.0,-0.10802685474085053,-0.0029869409230455614,0.0
2025-08-11,-0.005390388601442147,0.0,0.10516328250715154,-0.00346890274448674,0.0
2025-08-12,0.013603156489776586,0.0,0.0,0.004243150102587478,0.0
2025-08-13,-0.02247976872658633,0.0,0.0,0.004648438988227362,0.0
2025-08-14,-0.005318985700308426,0.0,0.0,-0.0029288796071349427,0.0
2025-08-15,-0.0063841519770000245,0.0,0.0,0.005756631903829352,0.0
2025-08-18,0.006326766338869322,0.0,0.0,-0.00039321934012863613,0.0
2025-08-19,-0.04133942760134506,0.0,0.0,0.0005264404492199561,0.0
2025-08-20,-0.00534876673119738,0.0,0.0,0.010904775603442449,0.0
2025-08-21,-0.0010171579054092659,0.0,0.0,-0.0004042568915131138,0.0
2025-08-22,0.01242984280756369,-0.0020053412717590206,0.0,0.01836240747610151,0.0
2025-08-25,-2.306395197740319e-05,-0.005398605150321313,0.0,-0.00623836306390999,0.0
2025-08-26,0.02086647070871787,-0.01565485113265499,0.0,-0.004131350676397203,0.0
2025-08-27,-0.015229331275373187,-0.01506648663887904,0.06530449309423585,0.0024093038495760764,0.0
2025-08-28,0.013391710068111656,0.003647492242214234,0.0,-0.0018089818799684916,0.0
2025-08-29,-0.016033862659582915,-0.003876372511603421,0.01597097868066142,0.00557813866998557,0.0
2025-09-01,0.0,0.0,0.0,0.0,0.0
2025-09-02,-0.014066956435531025,-0.002487706102505505,0.0,0.001050727319344556,0.0
2025-09-03,0.004304624170563448,0.01738534782309553,0.0,-0.0004072329429021129,0.0
2025-09-04,0.027508022751561917,0.0,0.0,0.00682292076712696,0.0
2025-09-05,-0.009882680642324676,0.0,0.0,0.003877010302311967,0.0
2025-09-08,0.044084571627641275,0.0,0.0,0.0008597945222716029,0.0
2025-09-09,0.013655628564510075,0.0,0.0,-0.00160476019299872,0.0
2025-09-10,0.022791129428278205,0.0,0.0,0.00038329874214325377,0.0
2025-09-11,-0.0011832631736247209,0.0,0.013549200061351196,0.016779522446915888,0.0
2025-09-12,0.0018812555131785425,0.0,0.007274247215879041,-0.00705664224661021,0.0
2025-09-15,0.019332437272480258,0.0,0.0,-0.0020098346345545867,0.0
2025-09-16,-0.00046988785895821206,0.0,0.0,0.0007165106437766181,0.0
2025-09-17,-0.0027509123534999623,0.0,0.0,0.004232190629941809,0.0
2025-09-18,0.02456030638972308,0.0,0.0,-0.0008083270634715964,0.0
2025-09-19,0.01025099102380526,0.0,0.0,-0.004628034411999857,0.0
2025-09-22,0.010327732426560992,0.0,0.0,-0.00023056806161922367,0.0
2025-09-23,-0.0029363914298602906,0.0,0.0,0.003167869604429206,0.0
2025-09-24,-0.021535791139853384,0.0,0.0,-0.0038027833750612855,0.0
2025-09-25,-0.004221922954295981,0.0,0.0,-0.004328304428994183,0.0
2025-09-26,0.0048620038892272345,0.0,0.0,0.008511530887238447,0.0
2025-09-29,0.03716471278645736,0.0,0.0,0.011216365308790228,0.0
2025-09-30,0.029240318598141794,0.0,0.0,0.006520444860083001,0.0
2025-10-01,0.03283593085845681,0.0,0.0,-0.004892351347480594,-0.004931838743677029
2025-10-02,0.004037288631165453,0.0,0.0,0.0010416019082535553,-0.010263940155596174
2025-10-03,-0.013056455159590558,0.0,0.0,0.0006828072308706152,-0.018828727584889515
2025-10-06,-0.01705187551623258,0.0,0.0,-0.001775637598510048,0.008389438801374993
2025-10-07,-0.024519169187922612,0.0,-0.0002722362829261152,0.0006479988262448874,0.011169355941254233
2025-10-08,0.02454637707380742,0.0,0.0,0.0003728713271968579,0.006154627408333058
2025-10-09,-0.006281466499969729,0.0,0.0,-0.005869277644443703,0.011300425336990605
2025-10-10,-0.04826946167882083,0.0,0.0,-0.015079780631528985,0.012351968222135579
2025-10-13,0.03127944572618144,0.0,0.0,0.011908923416967757,0.01979778557834598
2025-10-14,-0.023083230679183147,0.0,0.0,0.007280059875384609,-0.003922646897160782
2025-10-15,0.006342551673634705,0.0,0.0,0.002075913845519965,0.0025293608018945126
2025-10-16,0.003945215095584603,0.0,0.0,-0.010196083913789202,0.010328091241062634
2025-10-17,-0.0036998400722836385,0.0,-0.005952380952380954,0.005653995414925722,-0.0027198279484278074
2025-10-20,0.0015052416379178037,0.0,0.0,0.008848207196322526,0.017235998128801572
2025-10-21,-0.006292493895010437,0.0,0.0,0.002549230922012978,0.004657769887217629
2025-10-22,-0.026306073152056603,0.0,0.0,-0.003143356199224935,-0.010359389359287263
2025-10-23,0.04558836406857937,0.0,0.0,0.008721893216569764,0.013506664107918733
2025-10-24,0.0684721450732527,0.0,0.0,0.011970457442599777,0.008882528775655799
2025-10-27,0.02102936195544744,0.0,0.0,0.0008701408048512465,0.011267055101591724
2025-10-28,0.0006933143287849388,0.0,0.0,-0.007862506450157425,-0.006765097083452594
2025-10-29,0.054904304464737305,0.0,0.0,-0.009359415194747752,-0.0026608226327449933
2025-10-30,-0.0313225442414004,0.0,-0.005952380952380954,-0.00345711886550201,0.0032073604547525245
2025-10-31,0.0096571914650386,0.0,0.013823890906549278,0.0017063583961079054,-0.0014156663837180394
2025-11-03,0.009592165010658177,0.0,0.0,-0.002628116603545395,0.008083190699885353
2025-11-04,-0.04635415110949808,0.0,-0.02151513829952218,-0.0012614122127127467,0.004310650076563451
2025-11-05,0.07896824229491807,0.0,-0.017832108569589854,0.006606445976497638,0.0
2025-11-06,-0.02464661355131373,0.0,0.0,-0.007849228930521222,-0.0020993427450650692
2025-11-07,0.013388053685548823,0.0,0.0,0.01072918451987612,0.01799894965622606
2025-11-10,0.03986388186639588,0.031162765495575926,0.0,0.0077792972792817185,0.003903715509687933
2025-11-11,-0.02180648191799675,-0.007818622230666117,0.0,0.0029036255677473057,0.0050319263576548146
2025-11-12,0.004582298401268487,0.00839002077083668,0.0,-0.0017026468694759226,-0.006827402954254769
2025-11-13,-0.0812968458067826,-0.05810434460922628,0.0,-0.00791078533930053,-0.01558212534266512
2025-11-14,0.018987722210646325,0.00876996307529536,0.0,-0.0008415481061964269,-0.014337362433332963
2025-11-17,0.02187439715947545,-0.007605814254255306,0.0,-0.0072204877507653815,-0.011752022721957023
2025-11-18,-0.040259317565243265,-0.018966181947087612,0.0,0.001160795000557165,-0.0062696944530835075
2025-11-19,0.02131552805976426,0.002227293978724187,0.0,0.0006655866281202746,-0.004934600437905075
2025-11-20,-0.12140983953296834,-0.038233197736272116,-0.017363113091107628,-0.017232618709250493,-0.003930145479114318
2025-11-21,0.025286417006168578,0.011343367185819119,0.0,0.012641966201088933,0.03973748072630379
2025-11-24,0.10687628149341397,0.0077808222172063065,0.0,0.016956865261543035,0.016137614006166184
2025-11-25,0.0018421247845875788,0.03470975199094653,0.0,0.0006873319063980002,0.02839618462978266
2025-11-26,0.02251465105383003,0.006667008269951657,0.0,0.009268488630788012,-3.6652069311802257e-05
2025-11-27,0.0,0.0,0.0,0.0,0.0
2025-11-28,0.034094269793959284,6.26499025635937e-05,0.0,-0.0023675037479459608,0.013127554396195765
2025-12-01,-0.01758038904952331,-0.008837337661109968,0.0,-0.008888946027309996,-0.004847201713210274
2025-12-02,-0.021888267282561463,-0.003374074268766747,0.0,-0.0044068459087103894,0.004189742503464359
2025-12-03,-0.02691867369060113,0.0,0.0,-0.0036873616157531925,0.008925814962060963
2025-12-04,0.04173173998459973,0.0,0.0,-0.00038133779768598295,0.005363321645184401
2025-12-05,0.045172725238884395,0.0,0.0,-0.003956735947791359,-0.0027070269558869264
2025-12-08,0.017833728528974684,0.0,0.0,-0.001328051822421609,-0.0032646825828625894
2025-12-09,0.007179023804722656,0.0,0.0,-0.005201351666485197,-0.006228335071798578
2025-12-10,0.05004934943984613,0.0,0.0,0.001661251420958348,0.006600976340896699
2025-12-11,0.018357149400725876,0.0,0.0,0.005544424473071539,0.013583584627729128
2025-12-12,-0.09337351444602876,0.0,0.0,0.00167788987988386,-0.007735745842061936
2025-12-15,-0.007383278376391128,0.0,0.0,0.0021126835542669767,0.00020427356584210946
2025-12-16,-0.003421286049487043,0.0,0.0,-0.00453283684171723,-0.006691531522143006
2025-12-17,-0.022844577379750614,0.0,0.0,-0.00545518271828641,0.002737866278230916
2025-12-18,0.06379104463398838,-0.006810309917845947,0.0,0.0021467006645878722,0.006926008739207533
2025-12-19,0.06053896723980622,0.007549119451722385,0.0,0.00660350544070738,0.000666992457665864
2025-12-22,0.006716377480917218,0.01685031514346671,0.0,0.004347615225688529,0.0089404732203802
2025-12-23,0.003096464301432617,-0.013793275786502357,0.0,-0.004437151640292564,-0.0027127488501871855
2025-12-24,0.019655615242085384,0.005473690631564087,0.0,0.006846225734576696,0.004190472387195887
2025-12-25,0.0,0.0,0.0,0.0,0.0
2025-12-26,-0.0013226557792644753,-0.014241884316284682,0.0,-0.004936483177413655,0.004418471666226813
2025-12-29,-0.012859295758989813,-0.0008438291154746928,0.0,-0.0023721194436525286,-0.008491467556193899
2025-12-30,-0.01039645082813479,-0.0002415647512370226,0.0,-0.003658498962609437,-0.004590575912355249
2025-12-31,-0.016598939676417374,0.0,0.0,-0.007134004698913622,-0.0050387280812160444
2026-01-01,0.0,0.0,0.0,0.0,0.0
2026-01-02,0.08892167007793236,0.0,0.0,0.0006733702596417136,0.005146659014894713
2026-01-05,-0.016434431023738722,0.0,0.0,0.011431989138386325,0.021395618666313492
2026-01-06,0.1590762096978043,0.0,0.0,0.005384915566571733,0.019918778323753623
2026-01-07,-0.03373680452682542,0.0,0.0,-0.004567132252530269,-0.007409358925192529
2026-01-08,-0.06874615927774386,0.0,0.0,0.012790892945956213,0.021258509013483844
2026-01-09,0.0507799018246505,0.0,0.0,0.0036407219754599966,-0.0026527525385421223
2026-01-12,0.024441033069961697,0.0,0.0,0.0037747536771281323,9.251201633360129e-05
2026-01-13,0.021094628968824476,0.0,0.0,-0.00436823001800159,0.0032310309539144155
2026-01-14,-0.011432060108304404,0.0,0.0,-0.00027337152287349874,0.0043691827571719745
2026-01-15,0.017468003718561182,0.0,0.0,0.00223706635638817,0.013428773057877263
2026-01-16,-0.010479208710798599,0.0,0.0,-0.00731128125636551,-0.0021781935997322367
2026-01-19,0.0,0.0,0.0,0.0,0.0
2026-01-20,0.03638719777650738,0.0,0.0,-0.010571733471444869,-0.012519688677940243
2026-01-21,0.03422765714548836,0.0,0.0,0.013854923661990301,0.0
2026-01-22,0.00469647560182353,0.0,0.0,0.0036334623291096936,0.0
2026-01-23,-0.029388643476280656,0.0,0.025761823994644533,0.00407218300623543,0.0
2026-01-26,-0.009752004338878023,0.0,0.0,0.0016545849156724152,0.0
2026-01-27,0.060401279703413996,0.0,0.0,-0.0010226104565411102,0.0
2026-01-28,0.06037458224556142,0.0,0.02944563627068795,-0.002325993931049142,0.0
2026-01-29,-0.02503334790544563,0.0,0.0,-0.001742108164405919,0.0
2026-01-30,-0.003117452149624428,0.0,0.07077273853867887,-0.004113299237344201,0.0
2026-02-02,0.08187046353433196,0.0,0.052448398158829006,0.0018632475925358287,0.0
2026-02-03,0.03218994889761137,0.0,0.0,-0.01212721500868084,0.0
2026-02-04,-0.015245614083254401,0.0,0.004512023075079341,0.0004816861480730595,0.0
2026-02-05,0.04485121298401735,-0.002528458491356278,0.0,-0.010033333835631023,0.0
2026-02-06,-0.012562562075383532,0.0183394326295063,0.009108839858433741,0.023027468408623724,0.0
2026-02-09,-0.013360544641088271,-0.0006214688373106906,0.0,0.0016253113575658493,0.0
2026-02-10,-0.0011308387352595897,-0.013134504861047992,0.0,-0.002773434697041286,0.0
2026-02-11,0.01217712881284135,0.029567880342551468,0.0,-0.005876868053487556,0.0
2026-02-12,0.056512324958258385,0.020843749676390733,0.0,-0.005350673898534194,0.0
2026-02-13,0.01179806808642538,-0.01000609674784141,-0.0014124871613108332,0.015113971703835388,0.0
2026-02-16,0.0,0.0,0.0,0.0,0.0
2026-02-17,-0.0255348321514725,0.015540961078117931,0.0,0.001516529388149888,0.0
2026-02-18,0.009559182077679492,-0.003453211092770181,0.0,0.009154621571127543,0.0
2026-02-19,0.029278337707483247,0.013621993764273043,0.0,-0.0005174363869957037,0.0
2026-02-20,-0.007064617622038119,0.01099117317745879,0.0,0.006167358702777481,0.0
2026-02-23,0.033203276640032496,-0.010729923516953056,0.0,-0.001984883378570751,0.0
2026-02-24,-0.03425221196048777,0.025995345062513487,0.0,0.0044918005736644335,0.0
2026-02-25,-0.01132801375147954,0.0014396580516697452,0.0,0.004904082356355461,0.0
2026-02-26,0.0011891144517060057,0.00047519118787215894,0.0,0.01089026124068401,0.0
2026-02-27,0.03829711944038698,-0.012421780019983775,0.0,0.0072666908775372565,0.0
2026-03-02,0.019247680982305455,0.0,0.0,0.0027491125084567335,0.0
2026-03-03,-0.000649009599127226,0.0,0.0,-0.005953733248636366,0.0
2026-03-04,-0.019684597947582087,0.012150860739933966,0.0,0.0029053347980457548,0.0
2026-03-05,0.023283466618931433,0.01911049641182394,0.0,-0.005730029189487023,0.0
2026-03-06,0.07208090992006119,0.004119626320136959,0.0,-0.008124069131302694,0.016753943632744576
2026-03-09,-0.0299332764328821,-0.012305354316549222,0.0,0.006658458422645442,-0.014443062350326922
2026-03-10,0.057392925951207104,-0.02520117745022519,0.0,-0.00019427356653574048,-0.014976309769790253
2026-03-11,-0.02463074461513767,-0.012945546594249492,0.0,-0.0021196451730621513,0.0067998763168817256
2026-03-12,0.027515179026631673,-0.021926550588263982,0.0,-0.007391542995215131,-0.016286220184373017
2026-03-13,0.02729660753382943,-0.0010308954711187427,0.0,0.000836313157458818,0.008754306484150357
2026-03-16,-0.03428416380378019,0.0,0.0,0.007528084798740724,0.008999002150665106
2026-03-17,0.007038366277509742,0.0,0.0,0.0020628389709019036,0.00421314525607767
2026-03-18,0.07315818950802763,0.0,0.0,-0.012229608802204426,-0.01983330432563526
2026-03-19,0.0047059482836963006,0.0,0.0,0.004789272619445193,-0.0169666695879796
2026-03-20,0.021738804164048504,-0.0008749296471043836,0.0,-0.011078425650144611,-0.012324964665892585
2026-03-23,-0.030432258517058056,0.01734775308907419,0.0,0.006465587537315085,0.0040318051291722
2026-03-24,0.035356413876448306,0.02133868332637243,0.0,0.0034937491316598874,0.006333538793738713
2026-03-25,-0.015672285067435256,0.028540621695384228,0.0,0.0026253902058587094,0.02183357438416278
2026-03-26,0.004258624218030423,-0.05594772150724829,0.0,0.0003838095702623931,7.331530289617083e-06
2026-03-27,0.07160030373550849,0.006319189991914586,0.0,-0.011622811946208646,-0.007839746370683909
2026-03-30,-0.040283660162572045,-0.06256265159879662,0.0,-0.0065602711540496015,-0.011243728881422497
2026-03-31,-0.03434561080749872,0.0644313845993449,-0.062493532912793165,0.03896931229909154,0.014991074584601694
2026-04-01,0.020779220159308852,0.029454624233287496,0.0,0.014287801106114665,0.009172077628141715
2026-04-02,0.04571571385539019,-0.007704432696297793,0.0,0.003699094874059093,-0.0011280945252518343
2026-04-03,0.0,0.0,0.0,0.0,0.0
2026-04-06,-0.00938283703625123,0.0034469686746842585,0.0,0.008840220972465125,0.0013765615340566306
2026-04-07,0.015164392338817006,-0.00599383807957199,0.0,-0.002479912330118437,-0.0027561548640299455
2026-04-08,0.07382234018883053,0.02100657084504325,0.0,0.01980575317550474,0.02734406814767078
2026-04-09,0.009766752172583886,0.03673861045499152,0.0,-0.01342106793587365,0.06293409803601896
2026-04-10,0.021492761944537482,0.004497617926986707,0.0,-0.009110797322538252,-0.022402614595745052
2026-04-13,0.010271360849327444,0.0010429123581670915,0.0,0.016601293278060116,0.005687897473114378
2026-04-14,0.005553481873594229,0.0,0.0,-0.0008632103906671721,0.003263828023863047
2026-04-15,-0.013755128156622947,0.0,0.0,-0.005754304418977471,0.004717333086161402
2026-04-16,0.030322329266900212,0.0,0.0,0.005657533005111288,-0.008981582676460487
2026-04-17,0.012732282637143915,0.0,0.0,0.005379713737975764,0.008767517311305206
2026-04-20,0.00031854506387755683,0.0,0.0,0.00441700446374921,0.0054567773310674195
2026-04-21,-0.02574970314827741,0.0,0.0,-0.008009218242090397,-0.03449752208562584
2026-04-22,0.022829278228560464,0.0,0.0,-0.002878927403995438,-0.0031105651192575023
2026-04-23,-0.003293042455375988,0.0,0.0,0.0051888558550404655,0.0042965200181830365
2026-04-24,0.016023001690391496,0.0,-0.004121677113086145,-0.005450093125894606,0.0071073249204473
2026-04-27,0.010850200639336722,0.0,0.0,0.0013810814840774137,0.0009961250623509166
2026-04-28,-0.04317566007007657,0.0,0.0,-0.002137231659200382,-0.002370032982845105
2026-04-29,0.03452872553462795,0.0,0.0,-0.004065487344864041,-0.018720264266031683
2026-04-30,0.054183466976136914,0.0,0.0,0.013811163118117815,0.018011657374293888
2026-05-01,0.028414775389424225,0.0,0.0,-0.002774190884707929,-0.006801133388627291
2026-05-04,0.01849514065702091,0.0,0.0,-0.005986663021610252,-0.00769217535554606
2026-05-05,0.03516215589280575,0.0,0.0,0.007305586184505054,0.0355576394296469
2026-05-06,0.010091479148658994,0.0,0.0,0.008538408045979322,0.011025263435231284
2026-05-07,-0.04016653539533115,0.0,0.025113345311315316,0.0020381162892031584,-0.015807022475563093
2026-05-08,0.07760537151724102,0.0,0.08098975807862227,-0.00452154259669613,0.040698049734729715
2026-05-11,0.07194451977424625,0.0,0.0,-0.00625716451770716,-0.008059342337461325
2026-05-12,-0.04071960013016637,0.0,0.0,0.008445608079920073,-0.00545643472654254
2026-05-13,0.023929445915725708,0.0,0.0,-0.006564695546621742,-0.009061839503085032
2026-05-14,-0.030765290309147222,0.0,0.0,0.001726449993483199,0.002235579360848061
2026-05-15,-0.006002463901448266,0.0,0.0,-0.0007520869821283165,-0.009428551395659207
2026-05-18,-0.04547824156965927,0.0,0.0,0.00590999596613669,0.0193875221149261
2026-05-19,0.012151348584509933,0.0,0.0,-0.0035703963330783748,-0.0014787171790012071
2026-05-20,-0.010497409038898679,0.0,0.0,0.014289422917063924,0.007045358451708089
2026-05-21,0.018191196720390018,0.0,0.0,-0.0011867225001834561,0.004082226028442479
2026-05-22,-0.0037133602046502314,0.0,0.0,0.007718967160690274,0.005079430093369003
2026-05-25,0.012463151098978761,0.0,0.0,0.0,-0.004161112275650922
2026-05-26,-0.000125,0.0,0.0,0.00022428825911858749,0.0
2026-05-27,-0.009561340163060475,0.0,0.0,0.0007453995586061709,0.003486944311691209
2026-05-28,-0.015563098293228753,0.0,0.0,-0.004298554116599077,-0.006212135974391464
2026-05-29,-0.0046986090760921225,0.0,0.0,-0.00559864457629338,-0.008827650808206156
2026-06-01,0.04433271688398494,0.0,0.0,-4.411376142995845e-05,-0.0036435246624340724
