ma_window,bubble_threshold,mom_lookback,hold_hours,top_n,total_return,annual_return,sharpe,max_drawdown,win_rate,n_trades
500,-0.7,6,4,5,-0.16113306132328298,-0.04468018261632967,-1.36552607837129,-0.18460126529371612,1.6021573604060912,252
252,-0.7,13,4,5,-0.18293045347326742,-0.05120099062910988,-1.4104371981257653,-0.2138632166378881,1.4945250073986387,266
252,-0.7,6,4,5,-0.1770412012899546,-0.049426622310197565,-1.4320499061869516,-0.20390583046029942,1.4649304527966855,266
500,-0.7,6,26,5,-0.03534089977602439,-0.009316641396053149,-1.5115161809913165,-0.035488289164986586,0.2472187886279357,55
1000,-0.7,6,4,10,-0.17104743121251553,-0.0476303837731753,-1.543538832539494,-0.17865713360273616,1.6592095451155853,232
1000,-0.7,6,4,5,-0.19601411516013345,-0.05517708444113312,-1.5530190180911037,-0.20789457570749947,1.5659955257270695,232
252,-0.7,26,8,5,-0.11737923869149003,-0.03196030669613614,-1.5849186385668967,-0.1281807325414943,0.8495520543713315,154
252,-0.7,26,4,5,-0.19026340183868484,-0.05342360400075219,-1.627865226210984,-0.21955168489638743,1.6424977804084049,266
252,-0.7,13,26,5,-0.039489144841346246,-0.01042668632866861,-1.6356765788141938,-0.041967016779414945,0.34281796366129585,68
252,-0.7,26,13,5,-0.07900482792560637,-0.02118285962583699,-1.6436209127613939,-0.08699647239187602,0.6126068031597615,112
252,-0.7,13,8,5,-0.12115174993426481,-0.03303841037658617,-1.6455232266299926,-0.12698112882223522,0.8958912573370404,154
252,-0.7,13,13,5,-0.07835317063650038,-0.021002735061061983,-1.6814790160221842,-0.08489139318615901,0.5964855714976625,112
500,-0.7,6,8,5,-0.10603337602529306,-0.028738311587144683,-1.684636695682241,-0.11681541735573775,0.7397665625513727,139
1000,-0.7,6,26,5,-0.03509382568707009,-0.00925063740791865,-1.7781683427224708,-0.037865118267561115,0.2849582739670263,45
1000,-0.5,6,13,5,-0.08194455069507234,-0.021996602412920008,-1.7924515297031756,-0.08351315504574797,1.0161254694057875,127
252,-0.7,6,8,5,-0.12992979980073627,-0.035560308371497484,-1.8018194388433133,-0.1366493572248172,0.8341056533827619,154
1000,-0.5,13,13,5,-0.08072167134701935,-0.021657864122639703,-1.826825274573206,-0.08114457917609652,1.0161254694057875,127
1000,-0.7,13,4,5,-0.2014896226076094,-0.05685529551658697,-1.861095528561333,-0.2049416725289247,1.4727815063385532,232
252,-0.7,6,26,5,-0.043514392245877165,-0.011507213715915676,-1.8816489150714464,-0.046639601916784734,0.29139526911210145,68
500,-0.7,6,26,10,-0.03811447900111242,-0.01005844192420935,-1.8976505225410232,-0.03811447900111242,0.2472187886279357,55
252,-0.7,26,26,5,-0.04930857199994254,-0.013068511359924706,-1.8982097986638156,-0.05351405211038196,0.29139526911210145,68
500,-0.7,13,26,5,-0.040876141594190396,-0.010798629322345987,-1.9031887634631013,-0.040876141594190396,0.300194243333922,55
1000,-0.7,26,26,5,-0.034829977796292044,-0.009180166229484255,-1.9050323227881845,-0.035141655936012706,0.24424994911459394,45
500,-0.7,6,4,10,-0.17819526209086067,-0.04977358660053155,-1.9159867313686831,-0.1889988801040633,1.4276649746192893,252
252,-0.7,6,13,5,-0.09064354151592702,-0.024415912085819724,-1.9253467968729354,-0.0962772943362653,0.5642431081734645,112
500,-0.7,6,13,5,-0.069272795031183,-0.018502578770794975,-1.9532107732975534,-0.07207074190394747,0.42122999157540014,93
1000,-0.5,13,4,5,-0.25331057187054085,-0.07317567008514081,-1.9956500788463283,-0.25498207058247346,2.9802000408246583,387
252,-0.7,13,4,10,-0.20116807998050978,-0.05675650966317536,-1.9964550163697623,-0.22462373898289933,1.331754957087896,266
1000,-0.7,6,13,5,-0.07517485770396504,-0.02012556571979851,-1.998537929859858,-0.07517485770396504,0.45071526553008034,79
500,-0.7,26,26,5,-0.044396219664902814,-0.011744378362415264,-2.021151886086241,-0.044396219664902814,0.2472187886279357,55
1000,-0.7,6,13,10,-0.06922375236602296,-0.018489124645454713,-2.0260901693005184,-0.07162323475728172,0.43111894963746816,79
1000,-0.7,13,13,5,-0.0703324162367146,-0.018793398255043003,-2.086211408339292,-0.07122711290149919,0.45071526553008034,79
500,-0.7,13,4,5,-0.2342007752060139,-0.06706250769181743,-2.1021496503519588,-0.23440198173023363,1.364213197969543,252
500,-0.7,6,8,10,-0.10987273347862414,-0.02982520703503555,-2.1046336546564124,-0.11539069087260134,0.6246917639322702,139
1000,-0.7,6,26,10,-0.03993304273059961,-0.010545680627667253,-2.1104568209536385,-0.04086511123689285,0.2646041115408101,45
1000,-0.7,13,26,5,-0.040086529937952364,-0.010586834927094224,-2.119138303549425,-0.042615370449622825,0.24424994911459394,45
1000,-0.7,6,8,5,-0.12404296999517084,-0.03386697962191909,-2.1194640634644055,-0.12558769777729895,0.7324595219737857,124
500,-0.7,13,26,10,-0.04060799052466724,-0.010726689766157538,-2.1238933923534282,-0.04060799052466724,0.2119018188239449,55
252,-0.7,13,13,10,-0.08102245724446056,-0.021741151060801545,-2.1290348116674305,-0.08702833682008171,0.5803643398355635,112
1000,-0.5,13,8,5,-0.14572744416228112,-0.04014673417127612,-2.1498334556822263,-0.14934424769123011,1.6347601634760165,201
1000,-0.5,13,26,5,-0.05646974660631221,-0.015007916686423206,-2.1587293491045374,-0.05646974660631221,0.4405286343612335,69
1000,-0.7,6,8,10,-0.11342701906747121,-0.0308344967235209,-2.1635171885479307,-0.12027581464915404,0.7324595219737857,124
252,-0.7,13,8,10,-0.1229173111767854,-0.033544146809768804,-2.1793556832848924,-0.1306246318933848,0.6796416434970652,154
252,-0.7,26,4,10,-0.20534635579786298,-0.05804247919979,-2.184465299139684,-0.22689754953963914,1.405741343592779,266
1000,-0.7,26,8,5,-0.11857516747939101,-0.032301708070876844,-2.1867225724337027,-0.11963143049395175,0.8288357748650733,124
252,-0.7,6,4,10,-0.22454611135433278,-0.06401684034876443,-2.192021600908418,-0.24083704634065006,1.3909440662918022,266
1000,-0.7,13,4,10,-0.1895486752353761,-0.053206317267996184,-2.2165319495319893,-0.1999480369538187,1.5846383296047726,232
1000,-0.5,6,4,5,-0.2882749334910282,-0.0846670464451672,-2.22309727025933,-0.29683964098150906,3.0210246989181466,387
252,-0.5,6,4,5,-0.3483623785184615,-0.10543113366314294,-2.2260695167632862,-0.37363931392817273,3.4836755301245375,538
252,-0.7,13,26,10,-0.04418992166721403,-0.011688880675318702,-2.2359298554138323,-0.045951426767540715,0.30853616729516625,68
1000,-0.5,6,8,5,-0.16703647369137942,-0.04643372270892243,-2.2587070390032693,-0.17054435212306585,1.6992901699290168,201
252,-0.7,26,8,10,-0.12646511837360486,-0.034562680751603514,-2.276577940992209,-0.1361253793293814,0.8032128514056224,154
500,-0.7,26,26,10,-0.04250013004616704,-0.011234631114413474,-2.2848172736945944,-0.04314470284956329,0.2119018188239449,55
500,-0.7,13,8,5,-0.13637872392001849,-0.03742507910746351,-2.2982377474664277,-0.13979076014780434,0.6411310208778563,139
252,-0.7,26,13,10,-0.08649982396796296,-0.023261361262327362,-2.3175731409975318,-0.09490256295601818,0.5481218765113655,112
1000,-0.7,13,26,10,-0.041740503460777845,-0.01103062161977808,-2.3274852485255106,-0.041740503460777845,0.22389578668837776,45
1000,-0.7,26,26,10,-0.035875819996166514,-0.0094595841812678,-2.3321027442428677,-0.03598613660016414,0.22389578668837776,45
500,-0.7,26,8,5,-0.13539975175778152,-0.03714133775448214,-2.3346877301766655,-0.13600805747308053,0.6904487917146145,139
1000,-0.5,6,26,5,-0.05909695473040011,-0.01572215367442198,-2.3540155737791526,-0.05909695473040011,0.5100857871551124,69
252,-0.5,6,13,5,-0.1326738329358781,-0.03635251881092971,-2.356706019763181,-0.14467004705934228,1.296967385084875,192
500,-0.7,26,4,5,-0.23051344692910247,-0.06589596550291055,-2.3670493483356307,-0.2330798373042393,1.300761421319797,252
1000,-0.7,13,8,5,-0.1250248681045817,-0.03414883338038388,-2.3892080081304083,-0.12581934331946454,0.6746337702390132,124
500,-0.7,6,13,10,-0.07129341896962316,-0.01905736344125364,-2.3990998178624103,-0.07289539419605262,0.33698399326032014,93
252,-0.5,6,26,5,-0.07998349642408187,-0.02145355057008147,-2.4001728587362536,-0.08761939937982077,0.6206040546131568,108
1000,-0.5,6,13,10,-0.09594351413851021,-0.0258983134549311,-2.4038189134315826,-0.09619929845695319,0.9277667329357191,127
1000,-0.5,26,13,5,-0.1024321322624655,-0.02772195892225615,-2.404079686897136,-0.10264536250931477,0.905677048818202,127
1000,-0.7,26,13,5,-0.0834119318956772,-0.022403508762789293,-2.4054170851945607,-0.0834119318956772,0.411522633744856,79
252,-0.5,13,26,5,-0.07821542062568454,-0.020964671651047873,-2.428264743932815,-0.08491571026242006,0.5585436491518411,108
500,-0.7,13,4,10,-0.22166003598184658,-0.06311184616071597,-2.431025412348879,-0.23072006534544576,1.2214467005076142,252
252,-0.7,6,8,10,-0.14768157478347288,-0.04071841408082999,-2.4449846527969923,-0.15277915063916425,0.6641952425084956,154
1000,-0.5,13,13,10,-0.09457461122881017,-0.02551481698093816,-2.4534533493035724,-0.09461650927104348,1.0382151535233046,127
1000,-0.3,6,4,5,-0.3745099119696709,-0.11491122593204017,-2.46385237622004,-0.3852901862043919,4.3737574552683895,511
500,-0.7,13,13,5,-0.09100999238458696,-0.02451820232080737,-2.494509975105255,-0.09224303473198425,0.43807919123841615,93
1000,-0.5,6,4,10,-0.28784335920316295,-0.08452268603062096,-2.495579685325956,-0.2885093196751558,2.959787711777914,387
1000,-0.5,13,26,10,-0.05333681851654459,-0.014158114776568143,-2.501814421955564,-0.05333681851654459,0.4637143519591932,69
1000,-0.7,13,13,10,-0.07665897309811054,-0.020534882512906916,-2.5257599096734094,-0.07665897309811054,0.45071526553008034,79
252,-0.5,26,4,5,-0.35389400890416245,-0.1074128992294453,-2.540028568621407,-0.3822761613202318,3.5846516324469877,538
1000,-0.3,6,8,5,-0.19179256715583426,-0.0538889683179925,-2.545783904499463,-0.2027915405400167,2.255460588793922,264
1000,-0.7,26,8,10,-0.12042319196662066,-0.032829937566566936,-2.5462538075243715,-0.12226601782761704,0.6553585196607555,124
252,-0.5,6,8,5,-0.22175653511641147,-0.06314206549357149,-2.5542129759958203,-0.23947243615297142,1.924473493100944,292
252,-0.5,26,26,5,-0.0851232911549783,-0.02287867975812452,-2.583855806375978,-0.09075508782601971,0.6206040546131568,108
1000,-0.5,6,8,10,-0.1691804270011923,-0.04707283514969074,-2.586921279505993,-0.1691804270011923,1.484190148419015,201
252,-0.7,6,13,10,-0.10084967957167168,-0.0272763088462481,-2.5952636426934643,-0.10684364442862893,0.4675157182008705,112
1000,-0.7,26,4,5,-0.24468027565613149,-0.07040070334073267,-2.605221178873839,-0.2458018350501543,1.5473527218493661,232
252,-0.5,13,4,5,-0.3819141866447424,-0.11764890649381499,-2.6098230049761604,-0.40365425816632783,3.5005048805116123,538
252,-0.7,26,26,10,-0.05179030298368803,-0.0137393917007399,-2.616019311213048,-0.054421885770298384,0.23997257456290708,68
252,-0.5,13,8,5,-0.2173426454444336,-0.06176265444066198,-2.6293687044055933,-0.2326256040555018,1.888162672476398,292
252,-0.7,6,26,10,-0.05291305442437533,-0.014043329245832181,-2.6329317276782476,-0.055537116382916474,0.2056907781967775,68
500,-0.7,13,8,10,-0.13096536859108543,-0.035859062665860364,-2.6359838992891715,-0.13535272039115076,0.5753739930955121,139
252,-0.5,26,8,5,-0.20699184264123316,-0.05855029231474718,-2.6362380854981087,-0.2212123231579144,1.9607843137254901,292
500,-0.7,13,13,10,-0.08061544111993724,-0.021628454029582134,-2.6408208841210836,-0.08183633023641756,0.40438079191238413,93
1000,-0.7,26,13,10,-0.07746447778985754,-0.020757243315919216,-2.671542720321874,-0.07746447778985754,0.3527336860670194,79
1000,-0.5,26,13,10,-0.10105604524495204,-0.02733439259544934,-2.6793495985736193,-0.10154107403322354,1.0161254694057875,127
252,-0.3,13,4,5,-0.42440839964338617,-0.13384847161419333,-2.7185395160426182,-0.4384468614342679,5.376744186046512,727
1000,-0.3,6,13,5,-0.1329126447377521,-0.03642155215059961,-2.7240071508482737,-0.13881118086152178,1.2089810017271159,167
500,-0.7,26,8,10,-0.13976471740074636,-0.03840830047017407,-2.7441322228269813,-0.13985178283206645,0.5918132500410981,139
252,-0.5,13,13,5,-0.13926671786546319,-0.03826351248507176,-2.745916202360795,-0.14823952402376228,1.1825290864009155,192
500,-0.5,13,26,5,-0.0722289432548483,-0.01931452448001436,-2.750024716217086,-0.0722289432548483,0.42743741095053933,85
1000,-0.5,13,8,10,-0.16623035353768412,-0.04619373313479902,-2.756439886103193,-0.1665086894129837,1.398150139815014,201
1000,-0.5,26,26,5,-0.0699221142517864,-0.01868075929913804,-2.76102173653793,-0.0699221142517864,0.34778576396939487,69
1000,-0.5,13,4,10,-0.2974809850066289,-0.08776198561352544,-2.777268002382563,-0.2974809850066289,2.8373137374974484,387
500,-0.5,26,26,5,-0.08170551762536027,-0.02193036387606806,-2.788756829421915,-0.08490508712386191,0.40708324852432326,85
1000,-0.5,6,26,10,-0.06291192812164004,-0.01676192995848136,-2.7944678278090818,-0.06291192812164004,0.41734291676327384,69
1000,-0.5,26,26,10,-0.06383967388243583,-0.017015261629782175,-2.8414768769352845,-0.06383967388243583,0.3709714815673545,69
252,-0.3,6,4,5,-0.4572835931728143,-0.14699953756771245,-2.853002573249811,-0.47493319195432715,5.227906976744186,727
500,-0.7,26,4,10,-0.23840397780516498,-0.06839733403708603,-2.8789799366336304,-0.24111623869757648,1.1738578680203047,252
252,-0.5,6,8,10,-0.20956902888425466,-0.059347205804049175,-2.883741371779881,-0.22974165847258443,1.7610748002904866,292
1000,-0.3,13,13,5,-0.13969657151776083,-0.038388484129118994,-2.9023466157059503,-0.14109928330427035,1.3570194917345175,167
252,-0.5,26,13,5,-0.15396159267394527,-0.04256222096036044,-2.9048970420772218,-0.1615998732669377,1.0680907877169559,192
1000,-0.3,6,26,5,-0.07747938504496055,-0.020761359840059113,-2.9078892856868266,-0.08043300018834987,0.5201560468140443,88
1000,-0.7,13,8,10,-0.13453199470222255,-0.03689002919712103,-2.9138777112165046,-0.13567208507197404,0.6746337702390132,124
500,-0.3,13,26,5,-0.09348780191615658,-0.025210654045857983,-2.9773376707276675,-0.09542676800095418,0.6955715279387897,109
252,-0.5,6,26,10,-0.08386778417224516,-0.022530015191445263,-3.0071855513997776,-0.091882263172823,0.4757964418700869,108
252,-0.5,6,4,10,-0.37901517974342436,-0.11657414305521208,-3.013511482860065,-0.40159813492657603,3.3153820262537868,538
500,-0.7,26,13,5,-0.1108850570520098,-0.030112366504575383,-3.015319002446071,-0.11209113893098954,0.37068239258635216,93
500,-0.5,13,4,5,-0.4073365725781065,-0.12723739145645696,-3.0180924057142238,-0.42034379144634704,2.8435181914517837,466
500,-0.5,6,13,5,-0.14478678919839183,-0.039871890946259425,-3.0225496143199138,-0.14696279916943156,0.7934971937294368,157
1000,-0.7,26,4,10,-0.24789040160682607,-0.07143012687450667,-3.0255185106083453,-0.24970427799328987,1.4914243102162565,232
1000,-0.3,6,4,10,-0.38813407791645815,-0.11996748463295404,-3.030767980465758,-0.38813407791645815,4.197039982328253,511
252,-0.3,26,4,5,-0.4525166363730866,-0.14505670939995197,-3.0406799007169436,-0.46961008955946437,5.376744186046512,727
500,-0.7,26,13,10,-0.08912503852466591,-0.023992365462974452,-3.0527828589664283,-0.09127725986947954,0.3201347935973041,93
252,-0.5,13,13,10,-0.13307659269818328,-0.03646895273966122,-3.052792984068655,-0.1420301079930697,1.2588212855235552,192
500,-0.5,6,26,5,-0.08621180393376304,-0.02318125528934445,-3.0987739285584865,-0.08621180393376304,0.3867290860981071,85
252,-0.5,13,26,10,-0.08289663969581662,-0.02226056282395006,-3.111431868774851,-0.08758653001767158,0.5378568473314025,108
500,-0.5,26,13,5,-0.1469802788469704,-0.0405131388621468,-3.1129355206025875,-0.15233814415297464,0.8709115540932844,157
252,-0.5,13,4,10,-0.3737905440740662,-0.11464652474781345,-3.1158703655879014,-0.3999490157692407,3.2480646247054863,538
1000,-0.5,26,8,5,-0.19567623597248163,-0.055073803771145236,-3.1246861006756124,-0.19573615286109425,1.398150139815014,201
252,-0.5,6,13,10,-0.14339973678395623,-0.03946702581567352,-3.1284837755075268,-0.15526478892540108,1.106236887278276,192
500,-0.5,13,8,5,-0.23643618712102754,-0.06777173885432797,-3.1322330213299634,-0.23772986654493977,1.5519820493642482,244
500,-0.3,13,13,5,-0.1641245553669547,-0.045567626081223445,-3.143386399674316,-0.16542263938144008,1.3686726048229414,204
1000,-0.3,13,8,5,-0.2134500428467252,-0.06055092193429523,-3.1446993806918266,-0.21656417602493527,2.231718898385565,264
500,-0.5,6,4,5,-0.4341504270994666,-0.13768633403796104,-3.1530568691856065,-0.4387156698532908,2.808194984104557,466
1000,-0.5,26,8,10,-0.1753013915910805,-0.04890423446971981,-3.1581791983530993,-0.1753013915910805,1.398150139815014,201
500,-0.3,6,4,5,-0.45827944047390057,-0.14740699964101245,-3.1642806411375,-0.47017726731635734,4.437187860161352,618
500,-0.5,26,8,5,-0.22802224066576116,-0.06511017358655025,-3.1691639947879113,-0.23792565506802854,1.3649962602842185,244
252,-0.3,26,13,5,-0.17743273808920257,-0.049544296090802464,-3.1787543284827917,-0.19110702688142334,1.781394325929184,250
500,-0.5,26,26,10,-0.07792530046649593,-0.02088451872327246,-3.181029123215739,-0.0791081880260237,0.3867290860981071,85
252,-0.5,26,26,10,-0.08802079269956598,-0.02368469297447995,-3.21093490280706,-0.09183204254118482,0.5378568473314025,108
500,-0.3,13,4,5,-0.4448686374322167,-0.14196566437189562,-3.2186848009439157,-0.44868693697854334,4.206684594698425,618
1000,-0.3,13,4,5,-0.40536838412826115,-0.1264843047697367,-3.2226031619838253,-0.41028878262363866,4.108681245858184,511
500,-0.5,13,13,5,-0.1506737600143876,-0.04159565849970426,-3.2384398914529715,-0.1540771515502224,0.7934971937294368,157
1000,-0.3,6,13,10,-0.1447558544068156,-0.03986285613086049,-3.2441634385506735,-0.14595330210923774,1.1349617567234147,167
1000,-0.3,13,8,10,-0.20006871784299518,-0.056418980485339554,-3.248074417194278,-0.20617926460063152,2.207977207977208,264
252,-0.3,6,13,5,-0.19314266016412285,-0.0543003781075847,-3.258887172491205,-0.19800965565540085,1.715416758302177,250
252,-0.5,13,8,10,-0.2254517882185033,-0.0643013494538549,-3.2593950019376527,-0.24337127255288904,1.7792302106027595,292
252,-0.3,13,13,5,-0.18898019283308054,-0.05303359199105462,-3.2813375340897513,-0.19508130663165368,1.8033868484715196,250
500,-0.5,13,26,10,-0.07688021550454094,-0.020595942517093957,-3.281831104708726,-0.07688021550454094,0.3867290860981071,85
252,-0.5,26,4,10,-0.3891801723186943,-0.1203591465132694,-3.2832478771599,-0.41442924514304424,3.4500168293503872,538
1000,-0.3,26,13,5,-0.1487417154577777,-0.0410289635369524,-3.294506364872199,-0.1487417154577777,1.381692573402418,167
252,-0.5,26,8,10,-0.22162092811172773,-0.06309960006564586,-3.3120043034325994,-0.2389850756605787,1.7247639796659404,292
252,-0.3,6,26,5,-0.11214140034366493,-0.030469082097059674,-3.3175574735954303,-0.11628366481973196,0.8655926905506132,135
1000,-0.5,26,4,5,-0.35695593902934386,-0.10851527083733459,-3.3299492806495663,-0.35695593902934386,2.9393753827311695,387
252,-0.3,13,8,5,-0.28108184020823757,-0.08226938198986444,-3.33858977488708,-0.2916845148828908,2.9690721649484537,386
500,-0.5,6,8,5,-0.2644331348703497,-0.07678721258393317,-3.3470835835444133,-0.2655040671062774,1.2528047868362004,244
1000,-0.3,6,8,10,-0.2065733837080196,-0.058421077987102055,-3.3578521135962083,-0.20739606815148381,2.1604938271604937,264
1000,-0.3,13,26,5,-0.08574853081162948,-0.023052445986737835,-3.359597567894517,-0.086873708776526,0.4681404421326397,88
500,-0.3,26,26,5,-0.10814015060381055,-0.029334296279229788,-3.372700376176584,-0.10917293452924104,0.5564572223510317,109
252,-0.3,6,8,5,-0.3144644971288172,-0.09355123442438162,-3.376796229665785,-0.3283676000874465,2.948453608247423,386
500,-0.5,6,26,10,-0.08612133370561981,-0.02315609698664034,-3.3816083790007605,-0.08730975171381516,0.36637492367189095,85
252,-0.5,26,13,10,-0.14945232994447166,-0.04123728569692531,-3.4111748974314056,-0.1584802620183734,1.2016021361815754,192
500,-0.3,26,13,5,-0.17632058386115534,-0.049210153762357156,-3.419384668466845,-0.17632058386115534,1.3686726048229414,204
1000,-0.3,13,13,10,-0.14346293976292146,-0.039485463509306595,-3.4414616060167784,-0.14346293976292146,1.1843079200592153,167
500,-0.3,6,26,5,-0.1042289312306407,-0.028228678462669854,-3.458661491424807,-0.10441505666962336,0.6260143751449108,109
252,-0.3,26,8,5,-0.29296313536236784,-0.08623942561091147,-3.477027197747769,-0.308139304294644,2.7628865979381443,386
1000,-0.3,6,26,10,-0.07886339779806895,-0.021143758920404876,-3.511923658962861,-0.08022889436614888,0.4681404421326397,88
1000,-0.3,13,26,10,-0.0835617968893757,-0.022445093601447197,-3.5237716811651314,-0.08390637011886815,0.5201560468140443,88
252,-0.3,26,26,5,-0.10929695711637066,-0.029661987950869495,-3.5282946425815886,-0.11541471292301864,0.7213272421255109,135
1000,-0.5,26,4,10,-0.3380994795499894,-0.10178706832048356,-3.538720410370419,-0.3380994795499894,2.857726066544193,387
1000,-0.3,13,4,10,-0.38730923135599826,-0.11965900799826945,-3.54849061736907,-0.39193559082511553,4.06450187762315,511
500,-0.5,13,4,10,-0.4044623753010589,-0.1261382589354676,-3.555783073292915,-0.4104333577171343,2.719886965736489,466
252,-0.3,13,4,10,-0.45419432676794136,-0.14573903901925278,-3.6012477014801023,-0.47680868419623934,4.986046511627907,727
500,-0.3,6,13,5,-0.19040502618931532,-0.05346667659711146,-3.605553374561847,-0.1946354599154171,1.3252226808603085,204
500,-0.5,6,13,10,-0.15491531340117537,-0.042843117251141316,-3.6274225456051017,-0.15745642806543048,0.6967292432746275,157
252,-0.3,13,26,5,-0.11674180745691443,-0.0317784792284852,-3.6338109133162333,-0.12041225223796193,0.6972830007213273,135
500,-0.3,13,8,5,-0.2710740369088708,-0.07896284487171934,-3.640133117840438,-0.27278492400678567,2.266583489290913,321
500,-0.3,26,8,5,-0.2661377527963371,-0.07734427322132797,-3.642377311848114,-0.2673951588138386,2.432938240798503,321
500,-0.5,26,4,5,-0.43093994507085764,-0.13641620410869182,-3.652166808442572,-0.4350541120353839,2.9494878134934654,466
500,-0.5,13,13,10,-0.1453844348328951,-0.040046486811204374,-3.654793269574499,-0.14702471761249625,0.8902651441842461,157
500,-0.5,26,13,10,-0.14743392324687188,-0.04064591012550245,-3.6754864957027653,-0.15000431634799272,0.8128507838203988,157
500,-0.3,13,26,10,-0.0982288917517875,-0.026539517637656607,-3.686463611165911,-0.09940419544038404,0.67238581034083,109
500,-0.3,6,8,5,-0.30068593967266455,-0.08884648508168091,-3.7030958541302708,-0.3022488478281712,2.266583489290913,321
500,-0.3,13,13,10,-0.16749848142775592,-0.046571344242217316,-3.7035371471883325,-0.17032173817298069,1.2817727568976753,204
500,-0.3,6,4,10,-0.448852403757374,-0.14357179946186738,-3.7129544844853943,-0.45326288601390785,4.1490587783326935,618
500,-0.5,6,8,10,-0.250380855343179,-0.0722310073953133,-3.7174698187827437,-0.25409227039685034,1.2902019446522064,244
500,-0.5,26,8,10,-0.23742877543072416,-0.06808715080976191,-3.721789628775495,-0.24369199099166972,1.2902019446522064,244
1000,-0.3,26,4,5,-0.4340052968032212,-0.1376288027265623,-3.7783773310653617,-0.43401285089255326,4.241219350563287,511
1000,-0.3,26,8,5,-0.2506899141704976,-0.07233053182574234,-3.8239861018873973,-0.2506899141704976,2.231718898385565,264
1000,-0.3,26,26,5,-0.08674406962558645,-0.023329307069266725,-3.8290334435521007,-0.08674406962558645,0.4421326397919376,88
500,-0.3,13,4,10,-0.4467126964101912,-0.1427080699120744,-3.856133275881389,-0.45166205875308263,4.072224356511717,618
500,-0.5,13,8,10,-0.2431918513315683,-0.06992449335879847,-3.8683536803208836,-0.24334287908866659,1.3836948391922212,244
252,-0.3,6,4,10,-0.48322072466446764,-0.15779766470007406,-3.8698612181999548,-0.5016849188577239,4.706976744186046,727
500,-0.5,6,4,10,-0.44795837158740903,-0.14321060684344256,-3.8965277214780962,-0.4548667114648599,2.719886965736489,466
500,-0.3,6,13,10,-0.179616862047152,-0.050201481468484466,-3.900640642014604,-0.1819294220819191,1.2817727568976753,204
252,-0.3,26,4,10,-0.4686609865711123,-0.15168808600971084,-3.9084606622054965,-0.4837117766162079,5.097674418604651,727
1000,-0.3,26,8,10,-0.23416753261702783,-0.06705197235057281,-3.914788454385314,-0.23416753261702783,2.1367521367521367,264
500,-0.3,6,26,10,-0.09822887588678775,-0.0265395131822721,-3.91975219485953,-0.09822887588678775,0.5564572223510317,109
500,-0.3,26,26,10,-0.10470676943593527,-0.028363561318405672,-3.9377316567622196,-0.10475177220971432,0.48690006955715276,109
500,-0.3,6,8,10,-0.27868976576246485,-0.08147596824377423,-3.945240266791277,-0.2853722450332289,2.245789145352464,321
1000,-0.3,26,13,10,-0.15679217058268846,-0.04339658759422593,-3.989546041444302,-0.15679217058268846,1.1102886750555145,167
1000,-0.3,26,26,10,-0.0802108542225255,-0.021516466193669426,-3.9928243913441923,-0.08044797438112794,0.3901170351105332,88
500,-0.3,26,13,10,-0.1801612671824192,-0.050365490110181876,-4.00453041399911,-0.1801612671824192,1.2383228329350424,204
252,-0.3,26,13,10,-0.1899405801686711,-0.053325444202100836,-4.025021942994263,-0.1980354840551405,1.561469100505828,250
500,-0.3,26,4,5,-0.5044226980311101,-0.16692641752433124,-4.068093062336269,-0.5049049835666937,4.283519016519401,618
252,-0.3,6,13,10,-0.20350791295949955,-0.05747603733397244,-4.080400959270506,-0.2112379507000436,1.5394765779634925,250
252,-0.3,6,8,10,-0.322400971040515,-0.0962930138293232,-4.1032854292548535,-0.335853646805251,2.618556701030928,386
1000,-0.3,26,4,10,-0.4188513104610069,-0.13168074392640494,-4.1294035269834675,-0.4188513104610069,4.108681245858184,511
500,-0.5,26,4,10,-0.44087685522199505,-0.14036482818188223,-4.129573569169782,-0.44790017654203884,2.7375485694101025,466
252,-0.3,13,8,10,-0.2883885480047662,-0.08470506095673724,-4.17278192954264,-0.2996968687288717,2.7422680412371134,386
500,-0.3,13,8,10,-0.27928997477114204,-0.08167486503801602,-4.262353996965885,-0.2812501493735018,2.1210230817217717,321
252,-0.3,13,13,10,-0.20025208458412858,-0.056475254387267304,-4.266538202585634,-0.20393568196171807,1.6714317132175063,250
252,-0.3,6,26,10,-0.12428551240791597,-0.033936579651200005,-4.27442789351973,-0.12682385272521768,0.7213272421255109,135
252,-0.3,26,8,10,-0.3033245935065618,-0.08974212187234565,-4.363070293613905,-0.3117452803195998,2.618556701030928,386
500,-0.3,26,8,10,-0.28078184710621057,-0.08216977194758013,-4.398545094880291,-0.28361615592482037,2.1210230817217717,321
500,-0.3,26,4,10,-0.4829612976459474,-0.15768769601317734,-4.418814969005316,-0.48459201407801433,4.225893200153669,618
252,-0.3,13,26,10,-0.12313442513239126,-0.03360639003825561,-4.5019087066660415,-0.12447512929673143,0.6251502765087761,135
252,-0.3,26,26,10,-0.11691062780924677,-0.031826625835334355,-4.5271447453634615,-0.11793871981867521,0.5289733108920414,135
