Bubble_Threshold,Momentum_Lookback,Hold_Period,Top_N,Total_Return,Annual_Return,Sharpe_Ratio,Max_Drawdown,Win_Rate,Data_Points
-0.7,10,8,5,-0.34754864736923397,-0.05596825689238438,-2.051220156502834,-0.35119726718440714,2.6605207827915254,12366
-0.7,20,8,5,-0.4060524526351418,-0.06785480781399877,-2.507435832513974,-0.41009881271993665,2.573648429912593,12356
-0.7,30,8,5,-0.4093267229724542,-0.0685495593336033,-2.5424852686587416,-0.41716271223573775,2.6486311355904744,12346
-0.7,10,16,5,-0.34376944874825444,-0.05523256807525401,-2.760175740466616,-0.3468563711122278,2.4437611263958567,12358
-0.7,20,16,5,-0.3740857497147281,-0.061240596702641814,-2.87542148107068,-0.3989708040290335,2.3728539034661487,12348
-0.7,30,16,5,-0.3556428546236946,-0.05755642584519316,-2.9518345512564728,-0.3852776290605444,2.5287728967417733,12338
-0.6,10,8,5,-0.5685600017708586,-0.10719062128174706,-3.004670366537162,-0.5759965136096188,4.326378780527252,12366
-0.7,30,24,5,-0.34561537482140203,-0.05559145147736366,-3.0545871683396015,-0.3918257279374887,2.238442822384428,12330
-0.7,20,24,5,-0.3574592387135066,-0.05791518924064887,-3.087499665236445,-0.3887209176231835,2.196110210696921,12340
-0.6,30,8,5,-0.582613486214719,-0.1111695441924252,-3.1228645790870178,-0.6041577577130328,4.4305848047950755,12346
-0.7,10,8,10,-0.41436538506987675,-0.06962522499363633,-3.1261225973428104,-0.4163797522502499,2.4583535500566067,12366
-0.7,20,8,10,-0.42228110566911004,-0.07133137191455863,-3.264186508434115,-0.4258822888537288,2.4603431531239885,12356
-0.6,20,8,5,-0.5998983623619575,-0.11622548390657872,-3.3189001321570055,-0.6053854719977694,4.273227581741664,12356
-0.7,30,8,10,-0.4239159985025771,-0.07168627297137431,-3.3797341050942564,-0.4313091517157074,2.4137372428316866,12346
-0.7,10,24,5,-0.35236197917032974,-0.056910614805201765,-3.413074178661476,-0.3597588811091902,2.1538461538461537,12350
-0.7,20,16,10,-0.3963369899753648,-0.06581265697671257,-3.8675804379460264,-0.4182753502776895,2.0975056689342404,12348
-0.6,30,16,5,-0.5472016954369805,-0.10135310358041438,-3.893343005505731,-0.5830396965364505,3.9552601718268763,12338
-0.6,10,16,5,-0.5450046229942853,-0.10076620847742146,-3.95535068959156,-0.5517893884187612,3.940767114419809,12358
-0.6,10,8,10,-0.6031267967349032,-0.11719070208980953,-3.9682574441662246,-0.6079887750418844,4.03525796538897,12366
-0.6,30,8,10,-0.6007224357580842,-0.11647121824757778,-4.013324437159771,-0.6172426004563186,3.9526972298720238,12346
-0.5,10,8,5,-0.7681113285375849,-0.17891128236544906,-4.082476743857108,-0.7747647254109311,5.951803331715996,12366
-0.6,20,8,10,-0.6027720340856586,-0.11708430574432849,-4.108925390037752,-0.60892872408147,3.998057623826481,12356
-0.7,10,16,10,-0.39389717682068415,-0.06530428743448102,-4.120665598703882,-0.3957244591339586,2.095808383233533,12358
-0.6,20,16,5,-0.5900857629344749,-0.11333257570323663,-4.208452690930854,-0.6125578843896894,3.8953676708778753,12348
-0.7,30,16,10,-0.4002535164798001,-0.06663244974446647,-4.222595648311159,-0.42228852801461625,2.1316258712919436,12338
-0.6,30,24,5,-0.5475428925840626,-0.10144446710452948,-4.325613611726587,-0.5893835557738256,3.576642335766423,12330
-0.7,20,24,10,-0.38611736239427596,-0.06369499161826142,-4.350958316173014,-0.40781676822440394,1.9448946515397085,12340
-0.5,20,8,5,-0.8073782145080081,-0.1992030761537268,-4.573725198866568,-0.8109237939874538,5.835221754613143,12356
-0.7,30,24,10,-0.3949018728067315,-0.06551341524273158,-4.579440800670167,-0.4181783081252819,1.8085969180859691,12330
-0.5,30,8,5,-0.8071305662868595,-0.19906428800891618,-4.595199733639837,-0.8187303635945514,6.001943949457314,12346
-0.7,10,40,5,-0.3693688468487324,-0.06028949588104893,-4.60304860447261,-0.3715046228342441,1.88908707637425,12334
-0.6,20,24,5,-0.5822189327357477,-0.1110562649221879,-4.68099507004168,-0.6075447151943093,3.4683954619124795,12340
-0.7,10,24,10,-0.38819986718617094,-0.06412403156611146,-4.834421881543747,-0.39535974150794784,1.959514170040486,12350
-0.6,10,24,5,-0.5657116757965961,-0.10639787781107757,-4.921481928875516,-0.5730430497244748,3.4412955465587043,12350
-0.5,10,16,5,-0.7228335457170422,-0.1589188532068705,-5.0874177290464235,-0.7295794030454167,5.421589253924583,12358
-0.7,20,40,5,-0.41393575708966435,-0.06953319539320024,-5.18594443913127,-0.4162935015465504,1.525478740668614,12324
-0.6,30,16,10,-0.5927067807488688,-0.11409937833521777,-5.283172215232251,-0.6209809248959328,3.4203274436699624,12338
-0.6,20,16,10,-0.5952409506835029,-0.11484484278673712,-5.286185010378914,-0.6177170289892617,3.4499514091350827,12348
-0.5,10,8,10,-0.7963269137173643,-0.1931547322904299,-5.318453435355964,-0.8012006563521553,5.369561701439431,12366
-0.5,20,8,10,-0.7985229688008134,-0.19433362927940978,-5.36768638553145,-0.8025320970993699,5.349627711233409,12356
-0.6,10,16,10,-0.5882259634201381,-0.11279104300512788,-5.452332221134213,-0.5941237954222462,3.447159734584884,12358
-0.7,30,40,5,-0.4236124791563586,-0.07162031945654046,-5.475843096694668,-0.42566464197537557,1.4698716907584861,12314
-0.5,30,8,10,-0.8041147304745885,-0.1973863941765419,-5.499825625522604,-0.8135613826373936,5.410659322857605,12346
-0.5,30,16,5,-0.7671839526923897,-0.17846914438663863,-5.600391435675938,-0.7865690100272711,5.211541578862052,12338
-0.5,20,16,5,-0.7860391767397608,-0.1877742919663865,-5.814793919880784,-0.7983611558735997,5.126336248785228,12348
-0.6,30,24,10,-0.5899006304532203,-0.113278574043437,-5.933179862271999,-0.6139613124213568,2.9440389294403895,12330
-0.6,20,24,10,-0.5901378508268089,-0.11334777312696032,-5.937399342035439,-0.6111252449391524,3.128038897893031,12340
-0.7,10,40,10,-0.4124688472295692,-0.06921941130286313,-6.191543821445436,-0.41400063395651876,1.564780282146911,12334
-0.5,30,24,5,-0.7597184291184447,-0.1749643241010499,-6.3530680409830795,-0.7781301237594994,4.6796431467964315,12330
-0.5,10,24,5,-0.7369137620811834,-0.16481263577344907,-6.376453420258998,-0.7443643091249292,4.809716599190283,12350
-0.7,20,40,10,-0.43570091553470414,-0.074270628931286,-6.4881149668028195,-0.43783147609471207,1.2171372930866602,12324
-0.7,30,40,10,-0.44391189422950905,-0.07609898568542073,-6.581774255452735,-0.44504412766129464,1.1044339775864869,12314
-0.6,10,24,10,-0.6000099855409629,-0.11625874369736833,-6.587529588965973,-0.6072498012155619,3.1012145748987856,12350
-0.6,10,40,5,-0.590656936420515,-0.11349931549870063,-6.606332585075891,-0.592873543134492,2.943084157613102,12334
-0.5,20,24,5,-0.7769860089815637,-0.183221593097309,-6.617128971221506,-0.7900293696183309,4.586709886547812,12340
-0.5,10,16,10,-0.7656237551166195,-0.17772872698387376,-6.901859770946777,-0.7706738752360083,4.69331607056158,12358
-0.6,30,40,5,-0.6185267596624511,-0.1218905441341458,-6.967637017248447,-0.6203408574061682,2.5661848302744845,12314
-0.5,20,16,10,-0.7857744807701142,-0.18763883570768303,-7.0259449691885445,-0.7968224593591259,4.56754130223518,12348
-0.5,30,16,10,-0.7892758672064975,-0.18944247854671203,-7.074853604957287,-0.8033923803369982,4.5793483546766085,12338
-0.6,20,40,5,-0.62604653716378,-0.12424539948240776,-7.105478497682829,-0.6296380253568223,2.4342745861733204,12324
-0.5,20,24,10,-0.7756041050774742,-0.1825407760921145,-7.944461345403269,-0.7859131643160426,4.1491085899513775,12340
-0.5,30,24,10,-0.7809692634648722,-0.1852046339443394,-8.053282010877858,-0.7925460245322279,3.860502838605028,12330
-0.5,10,40,5,-0.7459935607613638,-0.1687597498588379,-8.298163535540509,-0.7495209162645845,4.0051889087076376,12334
-0.5,10,24,10,-0.7718072798169393,-0.18068871057642766,-8.352971567033196,-0.7775132570532082,4.226720647773279,12350
-0.6,10,40,10,-0.625514825984268,-0.12407755183108748,-8.36814193674471,-0.6273394529909866,2.424193286849359,12334
-0.6,30,40,10,-0.64141694030719,-0.1291890188521878,-8.435954561880333,-0.6421470399515505,1.9083969465648856,12314
-0.6,20,40,10,-0.6366665004521792,-0.1276418630063696,-8.506862547225287,-0.6390628008390005,1.9717624148003894,12324
-0.5,20,40,5,-0.7856515069261056,-0.18757595398233806,-8.988136640522368,-0.7883155689624001,3.302499188575138,12324
-0.5,30,40,5,-0.7891144735818301,-0.189358773109651,-9.152347694900229,-0.7908127457773882,3.370147799252883,12314
-0.5,10,40,10,-0.7771274581481324,-0.1832914860322522,-10.335935389146327,-0.779735509274854,3.2754986216961246,12334
-0.5,20,40,10,-0.7912173302047555,-0.19045377281540543,-10.518990570460021,-0.7927198393240626,2.718273287893541,12324
-0.5,30,40,10,-0.8005557441109462,-0.1954348232144315,-10.754315183494642,-0.8011845930810375,2.655514049049862,12314
