ma,zw,thr,hold,top_n,min_ment,ann,sharpe,sortino,maxdd,total,trades,win
30,30,0.5,5,3,5,0.03353046145225158,0.1779269741357134,0.3415206024784459,-0.2981163141265133,0.0645743540157604,73,0.4383561643835616
30,30,0.6,5,3,5,0.014204783581307279,0.0979225329264679,0.17885174506289966,-0.30552133606926346,0.027122852338915537,68,0.4411764705882353
30,30,0.5,5,3,3,-0.012884964723959946,0.021032392341165933,0.038096748778458076,-0.350437325952518,-0.02430564603019869,73,0.4520547945205479
30,30,0.5,3,3,3,-0.03482003430189351,-0.059970459289186956,-0.10304813829636211,-0.4752509157267315,-0.06575725778332153,120,0.43333333333333335
30,30,0.7,5,3,5,-0.015965886773670945,-0.062075899045905235,-0.10090093617531286,-0.23532794846878724,-0.030075450441199303,56,0.44642857142857145
30,30,0.6,5,3,3,-0.03451418761409586,-0.07808787404294247,-0.1343645646385011,-0.3572903501092586,-0.06446956144739269,68,0.45588235294117646
30,30,0.5,5,5,5,-0.029587385965175517,-0.08306495401346636,-0.1594203385432086,-0.3114434432447247,-0.05539108180260888,73,0.4520547945205479
20,60,0.8,5,3,5,-0.04125747555143955,-0.16257460229594367,-0.2760055887955836,-0.24121062542459526,-0.06644038264371643,52,0.38461538461538464
30,30,0.6,5,5,5,-0.05197025481997908,-0.21021923487206873,-0.38357780494346805,-0.31870786114503835,-0.09630141361773847,68,0.45588235294117646
30,30,0.5,3,3,5,-0.08568896268716641,-0.24211904243427473,-0.4191362742172832,-0.4790829245424302,-0.15796482642858134,120,0.425
30,30,0.5,3,5,3,-0.07906233484164427,-0.26084779750572173,-0.4794319249035942,-0.40833663692355804,-0.14621312737932846,120,0.44166666666666665
20,30,0.8,5,3,5,-0.05836126368837813,-0.2670930736211495,-0.4703147951421637,-0.21934553447917138,-0.10987929844080946,57,0.43859649122807015
30,30,0.8,5,3,5,-0.06316657859166297,-0.278080813032218,-0.4552212256685704,-0.24706166929362328,-0.1164438411528671,55,0.45454545454545453
20,30,0.6,5,3,5,-0.06136049394194831,-0.27973193049111994,-0.4693579806323442,-0.23495184194640784,-0.11535898751160611,60,0.4166666666666667
30,30,0.5,5,5,3,-0.07957300858058802,-0.283512029745354,-0.5568496952969627,-0.33919134521599636,-0.14557118920893342,73,0.4246575342465753
20,30,0.7,5,3,5,-0.06284013775736041,-0.2937959281636296,-0.4873803400256534,-0.2146993862703802,-0.11805631825946739,58,0.41379310344827586
20,30,0.5,5,3,5,-0.06810373875519105,-0.3171001484797098,-0.5132031144299892,-0.22724258780553885,-0.1276193706604296,64,0.40625
20,30,0.5,5,3,3,-0.07866516337918761,-0.32647321881313707,-0.49215839081930296,-0.27794585858383103,-0.14665559433547815,65,0.4461538461538462
20,60,0.6,5,3,5,-0.07796454732554314,-0.3411714506901668,-0.5669220519590651,-0.25551462065759556,-0.12405546072060114,55,0.4
20,30,0.6,5,3,3,-0.08564950733338228,-0.3580005873053921,-0.5633959746440004,-0.2851492820538645,-0.15913283232052755,60,0.45
20,60,0.5,5,3,5,-0.08244580249907352,-0.3622471984325855,-0.6058632381575523,-0.25551462065759556,-0.13099158786452558,55,0.4
20,60,0.7,5,3,5,-0.08717194127958605,-0.3895881272343466,-0.6432926051945744,-0.25551462065759567,-0.1382835956666435,55,0.4
20,60,0.6,3,3,5,-0.0957301819716816,-0.39216817101230733,-0.563591840501209,-0.38093080445771066,-0.1530624720009922,92,0.45652173913043476
20,60,0.6,3,3,3,-0.0941054501956845,-0.3942318070949043,-0.5637768681048756,-0.3856802276136242,-0.15054875757361452,92,0.45652173913043476
20,60,0.7,3,3,5,-0.09741045826699335,-0.4032366105550972,-0.5772021258711002,-0.38093080445771077,-0.15565903192230568,90,0.45555555555555555
20,60,0.7,3,3,3,-0.09578874549952154,-0.4055134633087251,-0.5774918867046835,-0.3856802276136243,-0.15315302409656095,90,0.45555555555555555
20,30,0.7,5,3,3,-0.09543191538310991,-0.40921349766771803,-0.6405557917325252,-0.26622565962855993,-0.17645929727500065,58,0.4482758620689655
30,30,0.6,5,5,3,-0.09792979089203047,-0.411342605867747,-0.7648547743453767,-0.34616301685778006,-0.17761320451450913,68,0.4264705882352941
20,30,0.8,5,5,5,-0.08162755532327326,-0.41989934379547905,-0.6844331297265849,-0.21526249457852198,-0.15195863241807173,57,0.47368421052631576
30,30,0.5,3,5,5,-0.12247976691540285,-0.4240428018222001,-0.7870697544861028,-0.4436680916229424,-0.22178928621037897,120,0.43333333333333335
30,30,0.7,5,3,3,-0.10058119970880297,-0.4316734061631399,-0.6773959471470957,-0.29232943782722653,-0.18219338231475557,56,0.44642857142857145
30,30,0.8,5,5,5,-0.08249675081105023,-0.4342508347668181,-0.6787529958460353,-0.2481913610466967,-0.15071339163220088,55,0.509090909090909
30,30,0.7,5,5,5,-0.08409984990749331,-0.47176439708015055,-0.7527669308761539,-0.2629490927340712,-0.15352664881123856,56,0.4642857142857143
20,60,0.8,3,3,5,-0.11141133700194672,-0.4773319952007179,-0.6899325287579622,-0.3758994009779083,-0.17743842926252984,89,0.43820224719101125
20,60,0.5,3,3,5,-0.11638390696150847,-0.4876173659958914,-0.7050041167175742,-0.3998757333986046,-0.1847603117774268,93,0.45161290322580644
20,60,0.5,3,3,3,-0.11479628442283774,-0.4911008795464737,-0.7064866928218291,-0.4044798133766523,-0.18234067668238407,93,0.45161290322580644
20,60,0.8,3,3,3,-0.11497950820040115,-0.49793244961429173,-0.7147502825579202,-0.3795192908664837,-0.18262006537606568,89,0.449438202247191
20,60,0.7,3,5,3,-0.09448315381463124,-0.508608640178691,-0.733489023592694,-0.3204790016665907,-0.15113338623506367,90,0.45555555555555555
30,60,0.8,5,3,3,-0.09623399175762049,-0.5147568463361634,-0.9385120129904658,-0.3041611419485273,-0.15196398537282207,54,0.35185185185185186
30,60,0.7,5,3,3,-0.116381488494127,-0.5219112687227901,-0.9916067306828298,-0.3041611419485273,-0.1822673335434678,55,0.38181818181818183
30,30,0.8,5,3,3,-0.1182401740268354,-0.522973971321518,-0.8478104212376136,-0.26622565962856015,-0.21238955442783325,55,0.45454545454545453
20,30,0.7,3,3,3,-0.09733653727107083,-0.5302044600892712,-0.744807754775617,-0.36598635996879636,-0.18165004549638675,97,0.41237113402061853
20,60,0.8,5,5,5,-0.10362457455665408,-0.5302559297416789,-0.8865370974951875,-0.28293770445938493,-0.163482498979314,52,0.4423076923076923
20,60,0.8,5,3,3,-0.14558461994117156,-0.5837022980008566,-0.9554307573595942,-0.33446312745815787,-0.22642867173992798,52,0.38461538461538464
30,30,0.6,3,3,3,-0.13052573765326247,-0.5907751970969042,-0.8701697493866316,-0.4391387028614254,-0.23542606433958868,111,0.42342342342342343
30,60,0.6,5,3,3,-0.13653405742887392,-0.6052097954589046,-1.1729349056047569,-0.3041611419485273,-0.21238015623825346,56,0.375
20,60,0.7,5,5,5,-0.11182679450863064,-0.609518157623132,-0.9605246581242244,-0.2489405573896727,-0.1759366463570896,55,0.45454545454545453
20,30,0.5,3,3,3,-0.11807701833629325,-0.6235009765948635,-0.8282976804013041,-0.404447098310321,-0.21805346104256473,105,0.4380952380952381
20,60,0.8,3,5,3,-0.11600893149906566,-0.6303552743977959,-0.92186014863143,-0.3171926989229835,-0.18418908098594144,89,0.43820224719101125
30,60,0.6,3,3,5,-0.15369582395413672,-0.6367455672107236,-0.8981828209442724,-0.3819880619209731,-0.24011377040514115,94,0.4574468085106383
20,60,0.6,5,3,3,-0.15783539229226196,-0.6422646553842953,-1.0421522161905674,-0.3137891082653361,-0.24444539751011285,55,0.4
20,30,0.6,3,3,3,-0.12141779724477875,-0.6470615505544183,-0.8599400702325773,-0.4060109426858225,-0.22384136793991904,102,0.45098039215686275
20,30,0.8,5,3,3,-0.13785680178198367,-0.6495077196927879,-1.1184887510496413,-0.2579090194943511,-0.24958138127333507,57,0.43859649122807015
20,60,0.5,5,3,3,-0.16192846105041858,-0.6610997544158157,-1.0802384860627339,-0.3137891082653361,-0.25042822239461815,55,0.4
30,30,0.8,5,5,3,-0.12470494528841825,-0.665989402343484,-1.0767374083636805,-0.2707858494552696,-0.22330963947080795,55,0.4727272727272727
20,60,0.6,5,5,5,-0.12269817149364648,-0.6754194820258403,-1.067176868721343,-0.2501541175348888,-0.192331916052905,55,0.45454545454545453
30,60,0.8,5,3,5,-0.12483555744992991,-0.6785435683922724,-1.2681812020681302,-0.2820444807045652,-0.1952465740344681,54,0.37037037037037035
30,60,0.7,5,3,5,-0.14359314961012815,-0.6793356781500125,-1.306851340109521,-0.2725499122320858,-0.22282500464246968,55,0.36363636363636365
20,60,0.6,3,5,3,-0.12674754536070432,-0.68554834079189,-0.9738108280183331,-0.3249740029154957,-0.2004855697826634,92,0.45652173913043476
20,60,0.7,5,3,3,-0.16624520049955516,-0.687284602816962,-1.109072512856872,-0.324935363229237,-0.25671801565118035,55,0.4
30,30,0.7,3,3,3,-0.12909217474933954,-0.6892228569624467,-0.9195281597502152,-0.3931693761944478,-0.23300483306076814,94,0.425531914893617
20,30,0.5,5,5,5,-0.12303481366646418,-0.6969896948218532,-0.9749075272380683,-0.2612389688835467,-0.2244082286331628,64,0.4375
20,60,0.5,5,5,5,-0.12696201335172075,-0.699286251880965,-1.1150445742154047,-0.2501541175348888,-0.19872739917898918,55,0.45454545454545453
20,30,0.8,5,5,3,-0.13313189843098383,-0.7106395316902516,-1.2125139095579363,-0.26080061247468533,-0.24160036406327312,57,0.43859649122807015
20,30,0.6,3,5,3,-0.11327581262804298,-0.720645270987559,-1.0162281821097119,-0.3203473665485014,-0.20969852825728397,102,0.46078431372549017
20,30,0.6,5,5,5,-0.13121044360552725,-0.7249488073710292,-1.0850597014337562,-0.27153187873818496,-0.23834308808887372,60,0.45
30,30,0.7,3,3,5,-0.13872513452084556,-0.7308056373047092,-0.9912560067831075,-0.39873488279627156,-0.2492040432394801,94,0.4148936170212766
20,60,0.8,3,5,5,-0.13838470586430374,-0.7386038644286473,-1.0769810575384593,-0.35995044604254767,-0.2183177783505864,89,0.43820224719101125
30,60,0.5,5,3,5,-0.17610710767626625,-0.7412188224971411,-1.1993330401168316,-0.31020210714900875,-0.27062365065777017,59,0.3728813559322034
20,30,0.8,3,5,3,-0.1295738205483209,-0.7477829700841088,-1.1715439230124107,-0.3628213609400286,-0.2375937096618269,92,0.42391304347826086
30,30,0.5,2,5,5,-0.19866877045557496,-0.7565714381539188,-1.3888565316123966,-0.5283686675549761,-0.3462782887617679,180,0.4
30,30,0.6,3,3,5,-0.16715320380249965,-0.7581145393295475,-1.1251428656476878,-0.44323442308168226,-0.296043336949926,111,0.4144144144144144
20,30,0.7,5,5,5,-0.13674623435871291,-0.7601703151181142,-1.1363345528216198,-0.25324502793073256,-0.24770914804651678,58,0.43103448275862066
20,30,0.5,3,5,3,-0.12057237484212346,-0.7603356228759834,-1.0599563598711266,-0.3162778248661676,-0.22237865974375437,105,0.44761904761904764
30,30,0.5,2,3,5,-0.21548153131501646,-0.7605202626705175,-1.3626991403928486,-0.5565519499503089,-0.3723480431512811,180,0.40555555555555556
30,60,0.6,5,3,5,-0.1631251058377754,-0.7609604904789788,-1.4905831144407726,-0.2641697622959378,-0.2514443001628919,56,0.35714285714285715
30,60,0.7,3,3,5,-0.17625070527344,-0.761648284725583,-1.0687944500170892,-0.36247844882394475,-0.2731494628485662,91,0.45054945054945056
30,30,0.5,2,3,3,-0.2165286025401293,-0.7682136234024519,-1.3797140639566605,-0.5626562985407859,-0.37395481136054654,180,0.4
20,60,0.5,3,5,3,-0.1420003331241766,-0.773256462238387,-1.1059704882833379,-0.33997371960946776,-0.22340911795016116,93,0.45161290322580644
30,30,0.6,3,5,3,-0.14503672315766325,-0.7768651905767291,-1.2056940367448339,-0.3792291279809348,-0.2597280495129136,111,0.43243243243243246
20,30,0.7,3,5,3,-0.12406810800923429,-0.7857431084838123,-1.1809825292830392,-0.33925060207644886,-0.22841807361521993,97,0.38144329896907214
30,60,0.5,5,3,3,-0.19717280095881906,-0.7981008518333734,-1.3002302303088846,-0.3640323070752538,-0.300758266858116,59,0.3898305084745763
30,30,0.7,5,5,3,-0.1431891973604047,-0.7982560768371333,-1.3021874248799443,-0.2910880516157778,-0.25413448034637254,56,0.42857142857142855
20,30,0.8,3,3,5,-0.15613540906536671,-0.8047134620211414,-1.171730009169208,-0.4236903834238852,-0.28274387155654956,92,0.43478260869565216
20,30,0.7,3,3,5,-0.15274507077557975,-0.8096921667327781,-1.138589758317255,-0.39651995439732934,-0.2770919659372231,97,0.38144329896907214
20,60,0.8,5,5,3,-0.15832990404364844,-0.8197126006866459,-1.3916845057996057,-0.3263106665530836,-0.24516920146869847,52,0.40384615384615385
30,30,0.5,2,5,3,-0.21233131913299275,-0.8202858492719741,-1.51025215016782,-0.5176423653913196,-0.36750203640427326,180,0.39444444444444443
20,60,0.7,3,5,5,-0.1569660681719225,-0.8223660960211466,-1.194275526230829,-0.3638251523665055,-0.245644918735896,90,0.45555555555555555
20,30,0.8,3,3,3,-0.15776800829344173,-0.8273490348887644,-1.194964226148698,-0.3972453171777769,-0.28512179828249096,92,0.44565217391304346
20,30,0.5,5,5,3,-0.15033581621928316,-0.8343736245282354,-1.2492999664352649,-0.27740219499144914,-0.2704638525045331,65,0.4153846153846154
20,60,0.7,5,5,3,-0.1567793491644811,-0.8397542688416727,-1.3593886278729013,-0.2842486476642908,-0.24289879566743122,55,0.41818181818181815
20,30,0.6,3,3,5,-0.16156753519407863,-0.8470964254919121,-1.1575582752224192,-0.40060973258120414,-0.29175432143473234,102,0.43137254901960786
20,30,0.6,5,5,3,-0.15652059224763593,-0.8627166745164174,-1.3639993132325041,-0.3036221567957439,-0.28070788572764716,60,0.4166666666666667
30,30,0.7,3,5,3,-0.13386564462240957,-0.8638012927030125,-1.196196701116476,-0.3184607784118786,-0.2410528115876186,94,0.43617021276595747
20,30,0.5,3,3,5,-0.1668520653257769,-0.8644717502824352,-1.1761865773401696,-0.3978981349147075,-0.30046647203929655,105,0.41904761904761906
20,30,0.7,5,5,3,-0.15692161966650442,-0.8730398549780065,-1.377885362479401,-0.28542700666507836,-0.2813697020291074,58,0.39655172413793105
20,30,0.8,3,5,5,-0.15194037369256996,-0.8750170096733361,-1.346919111166748,-0.3881760466875753,-0.27574729929408615,92,0.391304347826087
30,60,0.8,3,3,5,-0.19500210844269428,-0.8957781052512653,-1.3031656804346645,-0.3663095999899527,-0.3005894198590271,89,0.4157303370786517
20,60,0.6,5,5,3,-0.1671004999491542,-0.9047546275647672,-1.4678931979971126,-0.2955100611377458,-0.25796181039461863,55,0.41818181818181815
20,60,0.5,5,5,3,-0.17114853864745772,-0.9278332521925555,-1.5187817430120636,-0.2955100611377458,-0.26383760617614704,55,0.41818181818181815
30,60,0.5,3,3,5,-0.21350250602171372,-0.9293544896742942,-1.1726675001985778,-0.43967104569455273,-0.3268841716827279,97,0.4536082474226804
30,60,0.6,3,3,3,-0.2156221813028908,-0.9510734662067989,-1.3515570535842416,-0.3847792409942695,-0.32942580325767035,94,0.425531914893617
30,60,0.7,3,3,3,-0.2159187095472883,-0.9646152230883998,-1.361958327352555,-0.3893741909280355,-0.32984288276985607,91,0.42857142857142855
30,30,0.6,3,5,5,-0.18675132540025585,-0.9686147356322031,-1.524630660090265,-0.4031060666871452,-0.32749164876488646,111,0.42342342342342343
20,60,0.6,3,5,5,-0.18881171070585068,-1.0095165273952165,-1.435375589161988,-0.36864013358212555,-0.29210835657911893,92,0.45652173913043476
20,30,0.5,3,5,5,-0.1698990619988714,-1.0267540420041332,-1.4080096918710987,-0.3771025379059205,-0.30546581639466175,105,0.4380952380952381
30,30,0.8,3,3,3,-0.18781772396391272,-1.0491097179789888,-1.4527355545191878,-0.4281363850844534,-0.32880092445599896,90,0.4111111111111111
20,30,0.6,3,5,5,-0.17440938555370622,-1.0534351418746932,-1.4442381978073093,-0.3759750916037027,-0.3128339057573881,102,0.46078431372549017
30,60,0.8,3,3,3,-0.22243255932370187,-1.0605677914330416,-1.5362990863147816,-0.39207958132597875,-0.3394343403025103,89,0.4157303370786517
20,30,0.7,3,5,5,-0.17611497952252742,-1.0830155461260293,-1.562327884126085,-0.354573489338607,-0.3156101562613707,97,0.38144329896907214
20,60,0.5,3,5,5,-0.20298044592907882,-1.0942135224118825,-1.5660256275712297,-0.3857435528991382,-0.31240491105270984,93,0.45161290322580644
30,30,0.7,3,5,5,-0.17994749277132938,-1.1147105595025082,-1.5841112044145558,-0.3484510494956259,-0.3166518272134685,94,0.4148936170212766
30,60,0.5,3,3,3,-0.2560044424826001,-1.1245405439775298,-1.4146127321575335,-0.47075652787517186,-0.38577991479198226,97,0.422680412371134
30,30,0.8,3,3,5,-0.20467283295249195,-1.134902604598189,-1.6014939393040943,-0.4484768608166033,-0.35564647166266805,90,0.3888888888888889
30,60,0.6,3,5,3,-0.20864525999749362,-1.1543103446330565,-1.6744577786815702,-0.32891447143352925,-0.31958312712029724,94,0.425531914893617
30,30,0.8,3,5,5,-0.18500019201455653,-1.1658262863692532,-1.717423347764806,-0.4056441276123628,-0.3247096885740278,90,0.3888888888888889
30,30,0.8,3,5,3,-0.18528836012412753,-1.1753643774632667,-1.738852761158895,-0.4195033676445521,-0.32478915235016415,90,0.43333333333333335
30,60,0.7,5,5,5,-0.20491760970642536,-1.1863938932422013,-1.8710392806258616,-0.33674168967000406,-0.31128124293864634,55,0.43636363636363634
30,60,0.5,5,5,3,-0.22738226147901852,-1.1979686262948908,-1.8787582200767248,-0.3617086625592709,-0.3431108657223181,59,0.4067796610169492
20,30,0.6,2,5,5,-0.20029077606406243,-1.219294897120012,-1.6609818001950192,-0.41211649711925213,-0.354370374380508,150,0.44666666666666666
30,60,0.7,3,5,3,-0.2187552388720635,-1.2342573555898415,-1.7907070230200781,-0.3241657689927959,-0.3338274349196364,91,0.4175824175824176
20,30,0.5,2,5,5,-0.2099023970877254,-1.2665536973202207,-1.7327654659780225,-0.4474806634137577,-0.3694731593319269,156,0.4230769230769231
30,60,0.5,5,5,5,-0.2579647620619281,-1.2709841762615586,-1.787968786365705,-0.4059752245981161,-0.3849381227715407,59,0.4406779661016949
30,60,0.7,5,5,3,-0.203172592000897,-1.2828500924247839,-2.2514038681998363,-0.30506362291111977,-0.3088213051222558,55,0.38181818181818183
20,30,0.6,2,3,3,-0.24343054720936064,-1.3107686018514533,-1.8387933998000858,-0.4670217003186886,-0.42078625408269454,150,0.41333333333333333
30,60,0.6,5,5,5,-0.23476880941780764,-1.338481615030888,-2.186303619209559,-0.36383840072419105,-0.3528366099207284,56,0.4107142857142857
20,30,0.6,2,5,3,-0.21925555317051537,-1.359675634678053,-1.906013937505493,-0.4150317993278706,-0.38400189822559394,150,0.42
20,30,0.8,2,5,3,-0.23314772101037107,-1.3772236814947807,-1.9042799477146988,-0.4260496237993069,-0.4052754338721748,138,0.4057971014492754
30,30,0.6,2,3,3,-0.2752875481006015,-1.377560925866317,-2.028212767031865,-0.5113726221019406,-0.460954548772744,164,0.40853658536585363
30,60,0.8,3,5,3,-0.23485639224800325,-1.3792211934318157,-1.9614940168332573,-0.3711786319040489,-0.3567397061601615,89,0.42696629213483145
20,30,0.5,2,3,3,-0.25915843039818287,-1.3984793585873387,-1.9665323502435452,-0.4787908402640605,-0.44412248003428123,157,0.4012738853503185
30,60,0.6,5,5,3,-0.2292257908774522,-1.4126647018793563,-2.5510710999621966,-0.33749574351306955,-0.34519566751834474,56,0.375
20,30,0.7,2,3,3,-0.2515595238858498,-1.4150127012006846,-1.9506779640231289,-0.4453704514977438,-0.43290622315360516,144,0.4027777777777778
20,30,0.7,2,5,3,-0.22383943773761916,-1.415660178546674,-1.9817017763225442,-0.40274577742361173,-0.3910617784495686,144,0.3958333333333333
30,60,0.8,5,5,5,-0.22296629530403056,-1.4193590035124417,-2.1425714921710868,-0.37182617960667386,-0.336983704249451,54,0.42592592592592593
30,30,0.6,2,3,5,-0.2823926376934016,-1.424063578533278,-2.0821452035409957,-0.5060586958933337,-0.4710516126204545,164,0.40853658536585363
20,30,0.6,2,3,5,-0.2601661968504887,-1.4261708871983882,-2.0018399761483976,-0.47046296626792694,-0.44560174691687726,150,0.4066666666666667
20,30,0.8,2,5,5,-0.2481344367989281,-1.4386501158903275,-1.9973625868049643,-0.43024259704578494,-0.42826144750269823,138,0.4057971014492754
30,60,0.5,2,3,3,-0.28119921547028615,-1.4399235592132218,-2.3022695421117416,-0.43364444751873765,-0.4207326994907926,144,0.4236111111111111
30,60,0.5,3,5,3,-0.2665937897730879,-1.4401451513017371,-1.8825343006341075,-0.42147929126155437,-0.4001221812769856,97,0.4020618556701031
30,60,0.8,5,5,3,-0.20384412844367195,-1.4533267607409397,-2.306538318298101,-0.3418237930422251,-0.3101990184215748,54,0.3888888888888889
20,30,0.5,2,5,3,-0.23720116722059048,-1.4646956363516346,-2.041011548340156,-0.4458077538773183,-0.41141367335245804,157,0.4012738853503185
30,30,0.8,2,5,5,-0.24613660435398732,-1.464914805813606,-1.9840633362989206,-0.42517017164778037,-0.4190215640965753,132,0.4090909090909091
30,30,0.7,2,3,5,-0.26330327352358107,-1.466863388440136,-2.0775254107458645,-0.4688211612395228,-0.4441817871069148,139,0.39568345323741005
20,30,0.5,2,3,5,-0.2692941296782888,-1.471519426104533,-2.0548482183098096,-0.491371377978734,-0.45891249447250515,156,0.3974358974358974
30,30,0.6,2,5,5,-0.26371912888464,-1.480765793758244,-2.131826773453948,-0.481353500320978,-0.444319089275261,164,0.40853658536585363
20,30,0.7,2,5,5,-0.24461942898032474,-1.5381390785569442,-2.127335047701637,-0.4136252741891401,-0.42300998707679816,144,0.4027777777777778
30,60,0.6,3,5,5,-0.28963338984943887,-1.5409910115507481,-2.040504031509513,-0.44816450098560756,-0.430331515068633,94,0.39361702127659576
30,30,0.7,2,5,5,-0.24872582142351762,-1.561537410071253,-2.1506446555651073,-0.4348485023982508,-0.4228506444553629,139,0.4244604316546763
30,30,0.7,2,3,3,-0.28126059948088833,-1.5696800959174648,-2.2241380844698986,-0.48202380610770257,-0.46944899449139654,140,0.39285714285714285
30,60,0.8,3,5,5,-0.2843011142997348,-1.5718922136348716,-2.0781869283058225,-0.4558493881900597,-0.4238062321275272,89,0.4044943820224719
30,30,0.6,2,5,3,-0.27748353721175556,-1.5730620220542486,-2.2707622188849097,-0.4914001338416857,-0.46408503877547425,164,0.4024390243902439
30,60,0.7,3,5,5,-0.29479810265504713,-1.5946408234951577,-2.0968024149595546,-0.4513904811699818,-0.4371305768729019,91,0.3956043956043956
30,30,0.8,2,5,3,-0.2589415864757464,-1.621432327666914,-2.0855848603752545,-0.4514024754463871,-0.43737832388748243,133,0.42857142857142855
20,30,0.8,2,3,5,-0.2846032337928872,-1.6236639036654124,-2.237341130738231,-0.4831544751473871,-0.48135730977472335,138,0.391304347826087
20,60,0.7,2,3,3,-0.3035733830547893,-1.6325838902258352,-2.2673917715793683,-0.4592651880331212,-0.45078955100405904,135,0.42962962962962964
30,60,0.8,2,3,3,-0.3078028248992267,-1.6365499312823504,-2.2314300281344934,-0.4626991207877269,-0.45465792964377316,133,0.42105263157894735
20,30,0.7,2,3,5,-0.2918653210373455,-1.6531347808180576,-2.2781390447949303,-0.48335896317522176,-0.49162761389149845,144,0.3819444444444444
30,60,0.6,2,3,3,-0.31512682273010806,-1.662063622355318,-2.308719936424449,-0.4665760876786317,-0.4646906121377926,140,0.4357142857142857
30,30,0.7,2,5,3,-0.26376599451723615,-1.6631787975549714,-2.313351801941066,-0.4582364217819289,-0.4443869707910464,140,0.39285714285714285
30,30,0.5,1,3,3,-0.3607502475678208,-1.671095583230457,-2.572818223573433,-0.6086141119439931,-0.5773582711950407,357,0.38375350140056025
30,60,0.7,2,3,3,-0.31534226573091606,-1.6899482054750585,-2.3370027822469197,-0.46685308612428156,-0.464968589680521,137,0.4306569343065693
30,60,0.8,2,3,5,-0.32034431682613995,-1.7062241452744473,-2.3944068761109896,-0.4909953920872089,-0.47084735571934444,133,0.39849624060150374
30,60,0.5,2,3,5,-0.3240316327900681,-1.7151157968812643,-2.5276649910084297,-0.4876207535667979,-0.4766939844394038,144,0.3888888888888889
20,60,0.8,2,3,3,-0.3229618888178837,-1.721656032254363,-2.360994661995565,-0.4819724138671949,-0.47532379554405924,131,0.4351145038167939
20,60,0.6,2,3,3,-0.31975279380198085,-1.7299685354138672,-2.416298038323218,-0.47991441480765207,-0.47176243985323085,138,0.42028985507246375
20,30,0.8,2,3,3,-0.298450941579258,-1.7418331456486649,-2.384512096491457,-0.5113510154455321,-0.5003695728951563,138,0.39855072463768115
30,30,0.5,1,3,5,-0.37641063686922027,-1.7840564201977536,-2.7466012193232263,-0.6057008565759336,-0.5970606717306111,357,0.36694677871148457
20,60,0.8,2,5,3,-0.28014489791268415,-1.7864931576431926,-2.557842524789243,-0.4252885691182956,-0.4193269862558492,131,0.3969465648854962
20,60,0.8,2,3,5,-0.32349125675085477,-1.7899189751616789,-2.405265595501605,-0.48759434525407885,-0.47656238420625263,131,0.40458015267175573
30,30,0.8,2,3,5,-0.3074058285094198,-1.7940728551703486,-2.431682995723301,-0.5117325380165476,-0.5063661854626604,132,0.3787878787878788
20,60,0.8,2,5,5,-0.2907296094045597,-1.8055537277997216,-2.4144095882427856,-0.44145921870566807,-0.4339109476121712,131,0.4198473282442748
20,60,0.5,2,3,3,-0.33188601990245803,-1.806381888241318,-2.528823645877456,-0.49518987957071214,-0.48727733675921325,140,0.4142857142857143
30,60,0.6,2,3,5,-0.3354164243880272,-1.8095589967487413,-2.42755414162482,-0.5037498201189317,-0.49061884001403533,140,0.40714285714285714
30,30,0.5,1,5,3,-0.3536399176899788,-1.8216941199260863,-2.864496568174908,-0.5771992105521333,-0.5682636675552073,357,0.3641456582633053
30,60,0.5,3,5,5,-0.3372351703897891,-1.830829251590243,-2.3156913211463492,-0.5100322857641069,-0.4923468071225937,97,0.38144329896907214
30,60,0.7,2,3,5,-0.335625484816395,-1.8400430939933483,-2.457900009106089,-0.5040075148440939,-0.49088335344566136,137,0.40145985401459855
30,60,0.8,2,5,5,-0.3053160128653245,-1.8716017217207845,-2.5104379842082016,-0.4759996856384048,-0.4514250199736288,133,0.38345864661654133
30,30,0.5,1,5,5,-0.3669874673180078,-1.8799499673822306,-2.895454420134568,-0.5925028515334898,-0.5852594853030366,357,0.37815126050420167
20,60,0.7,2,3,5,-0.34227386311748287,-1.9149533731342063,-2.5792756274164272,-0.5104272395193017,-0.5004143515343829,135,0.3925925925925926
20,30,0.8,1,5,3,-0.29953564638436436,-1.9259746015089518,-2.6400669719526144,-0.5064678874686087,-0.5028507797693045,271,0.4132841328413284
30,60,0.8,2,5,3,-0.2989890567712974,-1.9371815179924237,-2.760195483726166,-0.4505432950947116,-0.4431660009230183,133,0.37593984962406013
20,60,0.7,2,5,3,-0.2965168876091985,-1.9625052469361643,-2.7879387005441023,-0.4387851120900902,-0.44154133818778385,135,0.37037037037037035
30,60,0.6,2,5,3,-0.30969884955932514,-1.97925484683056,-2.7949139526939772,-0.4598497103595004,-0.4576683464847382,140,0.4
30,60,0.7,2,5,3,-0.3075633595302465,-1.9986988074555123,-2.8137798872982027,-0.45708825810653053,-0.4548957422759109,137,0.39416058394160586
20,30,0.8,1,5,5,-0.30948258789687455,-2.0001678128761147,-2.7095339844505966,-0.5186873580003473,-0.5166145961008582,267,0.3970037453183521
20,60,0.6,2,3,5,-0.35755418277910633,-2.0122836397300734,-2.725368904597502,-0.5291227233869435,-0.5194922010091445,138,0.38405797101449274
30,30,0.8,2,3,3,-0.33233645667936385,-2.0290945662783333,-2.6040221889981563,-0.5503569709883146,-0.5394410708927537,133,0.40601503759398494
20,60,0.7,2,5,5,-0.31552921210320417,-2.042772395101109,-2.735613629745606,-0.4728789369563752,-0.4663187669627785,135,0.37037037037037035
30,30,0.7,1,3,5,-0.35200229242688774,-2.052362402929152,-2.8033846057460683,-0.5731396148230673,-0.5661558543824086,276,0.3695652173913043
20,30,0.8,1,3,3,-0.3529054033850688,-2.0698114449968945,-2.808528063752472,-0.5775736334813251,-0.5744776613572687,271,0.39114391143911437
30,30,0.6,1,3,3,-0.38218320460299104,-2.0840439378201805,-2.90662163774083,-0.6308215691323782,-0.6042091217619447,323,0.38390092879256965
20,60,0.5,2,3,5,-0.36901316458252087,-2.0890932586483424,-2.8357261274678254,-0.5429528879818113,-0.533605224251551,140,0.37857142857142856
30,60,0.6,2,5,5,-0.3338709639039923,-2.11194818366855,-2.7638990027358776,-0.4990729261485576,-0.48866176826241137,140,0.38571428571428573
20,30,0.7,1,5,5,-0.3311351397769007,-2.1174765737330064,-2.8067558571896463,-0.5482878973000682,-0.5459199452408237,285,0.37894736842105264
20,30,0.6,1,5,3,-0.32182935899553666,-2.1180023497315115,-2.8708848515648797,-0.5380143468531366,-0.5334353329427912,298,0.37583892617449666
30,30,0.6,1,3,5,-0.38380391296137484,-2.1243319281898945,-2.9439251169343663,-0.6248746892110872,-0.60620506845504,323,0.3715170278637771
30,60,0.5,2,5,5,-0.34346923451928535,-2.1288874775419306,-3.0668724360023,-0.5090401918765357,-0.5013432564468747,144,0.3888888888888889
20,30,0.7,1,5,3,-0.3276745737548191,-2.1333466476013263,-2.870840258032588,-0.5465031733144948,-0.5412966603967602,286,0.3951048951048951
30,30,0.7,1,5,5,-0.3302141483198381,-2.1353724445195197,-2.846810123328297,-0.5430538950322964,-0.5376430653481845,276,0.391304347826087
20,60,0.8,1,3,3,-0.3766279414759094,-2.1359561579159854,-3.0410075001535515,-0.5458471865992582,-0.5434823366968373,263,0.3726235741444867
20,60,0.6,2,5,3,-0.32184677247583615,-2.136673487380475,-3.046276586520907,-0.47185931918202206,-0.47445311196814266,138,0.36231884057971014
30,30,0.7,1,3,3,-0.3683220561508398,-2.1421290071632737,-2.9312801074896293,-0.5933660495005977,-0.586940816094947,278,0.381294964028777
30,30,0.8,1,5,5,-0.329955814931417,-2.151443196471125,-2.7988488234053097,-0.5396233478907712,-0.5372997727129991,259,0.39768339768339767
20,30,0.6,1,5,5,-0.3339352025179052,-2.153189995852191,-2.8395717556424676,-0.5528966228639479,-0.549643985509179,298,0.3859060402684564
20,60,0.7,1,3,3,-0.37998509755371224,-2.1542711998721487,-3.057336235864321,-0.5503912608699839,-0.547554190763573,269,0.3680297397769517
30,60,0.5,2,5,3,-0.3452259985099764,-2.1553221812642924,-3.230719739770341,-0.5129150419625511,-0.5035478404717135,144,0.4027777777777778
20,60,0.6,2,5,5,-0.3331723536790664,-2.1639241559270546,-2.903516234903276,-0.4951938818582261,-0.4889114276347195,138,0.36231884057971014
30,30,0.8,1,5,3,-0.33100737079693543,-2.16503606805208,-2.850829728325413,-0.5408093779028981,-0.5386963933822806,262,0.40076335877862596
20,30,0.6,1,3,3,-0.37018079696813466,-2.1807665922774113,-2.9485318979011366,-0.6020593001049048,-0.5964912336176185,298,0.37919463087248323
20,30,0.8,1,3,5,-0.36367098230644834,-2.183729769768978,-2.9223231059896952,-0.5900288371957646,-0.5882633057469762,267,0.3782771535580524
20,60,0.6,1,3,3,-0.3854439999181406,-2.187631108929496,-3.1088475621061686,-0.5569399904827527,-0.5541442434277026,273,0.36996336996337
30,30,0.8,1,3,3,-0.37287559734992237,-2.1899571779007085,-2.8987798147319106,-0.5989891019077476,-0.5926527184963577,262,0.3893129770992366
30,30,0.6,1,5,5,-0.3618928272813877,-2.199506929266041,-2.973789675351276,-0.5972122640264893,-0.5788110327850371,323,0.38699690402476783
20,60,0.5,1,3,3,-0.38810368413490026,-2.2007182268346135,-3.1126129180753397,-0.5601168161112382,-0.5573411151012033,278,0.37050359712230213
30,60,0.6,1,3,3,-0.3858403907672019,-2.2036304106707485,-3.0177718729155223,-0.5544769804690342,-0.5534307891432706,278,0.38848920863309355
30,30,0.7,1,5,3,-0.3355500888967936,-2.2084640562963065,-3.0111157009148535,-0.5467919327716061,-0.5447064772231041,278,0.381294964028777
30,60,0.7,2,5,5,-0.34404647543593503,-2.224288615881881,-2.9310927322839913,-0.5116428043066097,-0.5014928959973868,137,0.3722627737226277
30,30,0.6,1,5,3,-0.3604268424920689,-2.22574337031625,-3.06545745282601,-0.5952761191936233,-0.5769466333356752,323,0.3746130030959752
20,60,0.5,2,5,3,-0.3343696865257175,-2.2306618364383604,-3.1910831425789445,-0.48791566104479467,-0.4904305982812336,140,0.35714285714285715
30,60,0.5,1,3,3,-0.39166786961521605,-2.233557838685799,-3.0672127389149595,-0.5668667011025899,-0.561013862474538,285,0.3894736842105263
20,30,0.7,1,3,5,-0.3764370231303815,-2.243769148124953,-2.997381567713131,-0.6056618659939954,-0.6043218496453219,285,0.3649122807017544
30,30,0.8,1,3,5,-0.37454595122264767,-2.246038312918407,-2.9456574075027984,-0.6012620631403973,-0.594738407335524,259,0.3783783783783784
20,30,0.7,1,3,3,-0.3785246824950448,-2.2497521509558838,-3.023251023251061,-0.6123423027274231,-0.6069181180856134,286,0.3776223776223776
20,60,0.7,1,3,5,-0.3906135425071193,-2.251232123290651,-3.2061543059901227,-0.5686458661267046,-0.5603495125020543,269,0.34572490706319703
20,60,0.5,2,5,5,-0.3454861272659713,-2.255688567115235,-3.038018755391142,-0.5105408147904701,-0.5044493574668683,140,0.35714285714285715
20,60,0.8,1,3,5,-0.3900967328668695,-2.256883016868974,-3.219296515757517,-0.5675647944645663,-0.5597307141857006,262,0.3473282442748092
20,30,0.6,1,3,5,-0.3801623764128247,-2.263981627288177,-3.017247491394568,-0.6102732745824166,-0.6089489284476182,298,0.36577181208053694
20,60,0.6,1,3,5,-0.39417535464185227,-2.2689583669276874,-3.2375724937890027,-0.5728208675502613,-0.5646048128852668,273,0.34798534798534797
20,30,0.5,1,3,3,-0.3850113085029119,-2.2725776926773418,-3.063337137203147,-0.6202451544766647,-0.614931548129537,312,0.38461538461538464
20,30,0.5,1,3,5,-0.38314679769665017,-2.276417665417295,-3.021538813078443,-0.6139483241320688,-0.6126364663316564,311,0.3762057877813505
20,60,0.5,1,3,5,-0.3967972511771851,-2.281849830129555,-3.240583422058942,-0.5758838242305511,-0.5677266802604153,278,0.3489208633093525
30,60,0.7,1,3,3,-0.39169276306214285,-2.283875958150479,-3.114985418631925,-0.5614755838735213,-0.5604458268908854,272,0.38235294117647056
20,30,0.5,1,5,3,-0.3449262027931893,-2.2971107997833595,-3.086977613994762,-0.5683942789665029,-0.564116378588136,312,0.3717948717948718
20,30,0.5,1,5,5,-0.35191949620905016,-2.3067856847453347,-3.032789283775857,-0.5762865246163192,-0.573204046719194,311,0.38263665594855306
30,60,0.8,1,3,3,-0.3963320032458121,-2.328934262198126,-3.142085135218632,-0.5669922861837035,-0.565975483696909,263,0.38022813688212925
30,60,0.6,1,3,5,-0.4142043784119648,-2.380364884216968,-3.178796593268831,-0.5907548953893542,-0.587018482845733,278,0.3597122302158273
30,60,0.5,1,3,5,-0.41971737406924525,-2.408780582084294,-3.2245289191984856,-0.5998042757451196,-0.594031212458307,285,0.36140350877192984
20,60,0.7,1,5,5,-0.3746028671257595,-2.4169916377551837,-3.1890164201383793,-0.5466789812404411,-0.5410191452084474,269,0.3680297397769517
20,60,0.8,1,5,3,-0.37506175408338605,-2.4198116394083025,-3.3055680082385894,-0.5439524879095117,-0.5415777719930988,263,0.3726235741444867
20,60,0.8,1,5,5,-0.3836028368929618,-2.4517040455775603,-3.268929574840271,-0.5587195457300593,-0.5519258630839796,262,0.37404580152671757
20,60,0.7,1,5,3,-0.3771970561260972,-2.463488090413631,-3.325796204777383,-0.5461969691689177,-0.5441736289870498,269,0.36059479553903345
30,60,0.7,1,3,5,-0.42335890266373555,-2.4894633259606023,-3.3205935046339548,-0.601276741743112,-0.5976363937785301,272,0.3492647058823529
30,60,0.8,1,3,5,-0.4285790049835295,-2.5444126231468567,-3.3491743515884083,-0.6072279276621269,-0.6036419140938925,263,0.34980988593155893
20,60,0.6,1,5,3,-0.39344116184695954,-2.5652951246685074,-3.445360606560607,-0.565665554544356,-0.5637290175973677,273,0.3626373626373626
20,60,0.6,1,5,5,-0.3950141354864216,-2.5687599171864903,-3.3709208642396655,-0.5709611782978969,-0.5656045120907172,273,0.3663003663003663
20,60,0.5,1,5,3,-0.3973392567889058,-2.592273083263649,-3.461883512806551,-0.5702868598928326,-0.5683709276403239,278,0.36330935251798563
20,60,0.5,1,5,5,-0.3989021215976952,-2.5956536349377743,-3.3882043281011684,-0.5755261383699813,-0.5702264669290519,278,0.3669064748201439
30,60,0.5,1,5,3,-0.42465859484816515,-2.7659474096845122,-3.7012757303934527,-0.6048170525850218,-0.5997412094515849,285,0.36140350877192984
30,60,0.6,1,5,3,-0.42173217965178855,-2.7703850329901125,-3.68519760312309,-0.5946314244866289,-0.5957576241543218,278,0.3597122302158273
30,60,0.5,1,5,5,-0.42759571637155547,-2.7757885881028326,-3.645676804010259,-0.6079217596625812,-0.6031200961854268,285,0.3719298245614035
30,60,0.6,1,5,5,-0.42468911554401134,-2.7801838331843127,-3.6290213441770276,-0.6021540479572067,-0.599170139340135,278,0.37050359712230213
30,60,0.7,1,5,5,-0.42482116653143964,-2.8284051605479887,-3.6814026251891647,-0.6023050448944343,-0.5993222687786731,272,0.3639705882352941
30,60,0.8,1,5,3,-0.42401575810536085,-2.8893011045126356,-3.7836320089061246,-0.597275187739458,-0.5983940424734864,263,0.34980988593155893
30,60,0.8,1,5,5,-0.4276674972252149,-2.8895334063845994,-3.706119843777845,-0.6053219668100942,-0.6025958340175392,263,0.3612167300380228
30,60,0.7,1,5,3,-0.4290410146319651,-2.893209771971354,-3.83527120323741,-0.6030689587871846,-0.6041717171994386,272,0.3492647058823529
