ma,zw,mild,extreme,hold,top_n,min_ment,ann,sharpe,sortino,maxdd,total,trades,win
20,60,0.4,0.8,5,5,5,-0.009580332756686682,-0.1754192529577452,-0.342185917127188,-0.14517293870013637,-0.017374022875994766,85,0.49411764705882355
20,60,0.4,0.8,5,5,3,-0.01367594146680362,-0.21639031637485245,-0.41725845068077244,-0.13841137141135107,-0.02475954378115297,85,0.49411764705882355
20,60,0.4,0.8,5,3,5,-0.028633417002530526,-0.2938518941405904,-0.5547880292083075,-0.17902436047613302,-0.051518453107222584,85,0.4588235294117647
20,60,0.2,0.8,5,5,3,-0.06550963027188383,-0.4101989507691896,-0.5759988154617742,-0.27351084615716326,-0.11605253782119962,96,0.46875
30,60,0.2,0.8,5,3,3,-0.06846395393155413,-0.4130464420373776,-0.6395331937528667,-0.28690170158975037,-0.11874153059275239,94,0.46808510638297873
20,30,0.4,0.8,3,5,3,-0.08796973891723003,-0.4256791946732293,-1.2238257006181503,-0.35582279062106315,-0.16494405573848758,132,0.3560606060606061
20,60,0.2,0.8,5,5,5,-0.06693886976247254,-0.4273116623195501,-0.5794719623322159,-0.2670126600401094,-0.11851242611751056,96,0.46875
30,60,0.2,0.8,5,5,3,-0.06493250336059553,-0.43585899635519276,-0.6770932093518841,-0.2943684470374499,-0.11277817224131903,94,0.4787234042553192
30,60,0.2,0.8,5,3,5,-0.07044658011406968,-0.443902055636008,-0.6625855599348789,-0.280280893212679,-0.12208173822841373,94,0.4787234042553192
20,30,0.4,0.8,3,5,5,-0.09212175565896996,-0.44798288073240344,-1.3139836085518541,-0.3643409536930493,-0.1723696895927488,132,0.3484848484848485
20,30,0.4,0.85,3,5,3,-0.09803656714299669,-0.4694048534718499,-1.2781458908372356,-0.31814825582733763,-0.1828919388485385,132,0.38636363636363635
20,30,0.4,0.8,5,3,5,-0.07280542548696067,-0.47245944662177425,-0.8872147393557045,-0.27786135091752817,-0.13611890078524502,79,0.4177215189873418
20,30,0.4,0.8,3,3,5,-0.10693262410153714,-0.48611658806789326,-1.3291618424976548,-0.3878451330831727,-0.19859368517888387,132,0.3560606060606061
30,60,0.2,0.85,5,3,3,-0.08048154025596788,-0.48687385448667875,-0.7212830277218278,-0.3383974683064994,-0.13890254600152774,94,0.46808510638297873
30,60,0.2,0.85,5,5,3,-0.07538365971871297,-0.49207538934438855,-0.767122441244461,-0.31763847576228466,-0.13037522289776182,94,0.46808510638297873
20,60,0.4,0.8,5,3,3,-0.05379283568552351,-0.49904161593410346,-0.8783490082184714,-0.1971012138042576,-0.09577016072184497,85,0.4470588235294118
30,60,0.2,0.85,5,3,5,-0.07920737294038394,-0.502388648958224,-0.7177733768151128,-0.3229562079808046,-0.1367746794135246,94,0.46808510638297873
20,30,0.4,0.85,3,5,5,-0.10999163611187202,-0.5264217874195463,-1.4054166958396797,-0.3287054607436023,-0.20395847470272943,132,0.3712121212121212
20,30,0.2,0.85,5,5,5,-0.06549234389060055,-0.5373514921522751,-0.8304631956094551,-0.2541846958016494,-0.12288121722839973,89,0.4606741573033708
30,60,0.2,0.8,5,5,5,-0.08284899073724239,-0.5469620649033102,-0.8503778122411543,-0.3139331871404808,-0.1428500795215777,94,0.46808510638297873
20,30,0.4,0.8,5,5,5,-0.0792617852192844,-0.5530560136131661,-1.0249043765780865,-0.25747908178147194,-0.14772490426221607,79,0.379746835443038
20,30,0.4,0.8,3,3,3,-0.12220661888632622,-0.570026862318479,-1.5150294762935825,-0.4073138706191962,-0.22520493340464343,132,0.3409090909090909
30,60,0.2,0.85,5,5,5,-0.08746076411147041,-0.5717794862724302,-0.8796947688497093,-0.3240701008405007,-0.1505169702459822,94,0.46808510638297873
20,30,0.2,0.8,5,3,5,-0.07182530446810853,-0.5749026719932607,-0.982583258859539,-0.25469407322929216,-0.13435039413020122,89,0.47191011235955055
20,60,0.3,0.8,5,3,5,-0.09114171762706424,-0.5872976618221589,-0.7418243207961998,-0.3006696219855024,-0.1596984040040137,90,0.4666666666666667
20,60,0.2,0.8,5,3,5,-0.10173172071256842,-0.6066101738356432,-0.7787947245436554,-0.3385322734378102,-0.17743963007900276,96,0.46875
20,30,0.4,0.85,5,5,5,-0.09364344589503604,-0.6066378098854598,-1.0905673311566446,-0.3147581368319493,-0.17330461199023717,79,0.3670886075949367
30,60,0.2,0.85,3,3,3,-0.09264214452732311,-0.6145519210619598,-0.9398293861744572,-0.2978497084164764,-0.16088340005341117,158,0.44936708860759494
20,60,0.3,0.8,5,5,5,-0.09139228918733411,-0.6302187234272602,-0.8047132609325485,-0.29999868512564,-0.16012015205293761,90,0.4666666666666667
20,30,0.4,0.85,3,3,5,-0.13923341683263912,-0.632554170382376,-1.6113983350083083,-0.3654216896122606,-0.25435167816869586,132,0.38636363636363635
30,60,0.2,0.9,5,5,3,-0.09624775743726677,-0.6347971179584866,-0.9883789514752607,-0.29855502216876795,-0.16504123472796806,94,0.44680851063829785
30,60,0.2,0.9,5,3,5,-0.0955486139536953,-0.6354738712608312,-0.8848632469622384,-0.27592789303238496,-0.1638896282137452,94,0.4574468085106383
30,60,0.2,0.9,5,5,5,-0.09583137359773874,-0.636163715725541,-0.9772377732104098,-0.299539631732895,-0.16435546465269313,94,0.44680851063829785
20,30,0.2,0.8,5,5,5,-0.07487569973720176,-0.6418061137149986,-0.9891244663788612,-0.23204335052525815,-0.1398487067765284,89,0.449438202247191
20,30,0.3,0.8,5,3,5,-0.08024890849242816,-0.6468243240622598,-1.0558126666344387,-0.2061710534451181,-0.14949267656517828,85,0.47058823529411764
30,60,0.2,0.9,5,3,3,-0.10372267743240648,-0.655248845242076,-0.9515178561166141,-0.28496328412786,-0.1773101092878665,94,0.44680851063829785
20,30,0.2,0.85,5,3,5,-0.08705259236157759,-0.6719323584722303,-1.148782402801497,-0.2961496956844438,-0.16162866790700825,89,0.42696629213483145
20,30,0.4,0.85,3,3,3,-0.14507972292406368,-0.6774402496737236,-1.7136974571934362,-0.3578533091684384,-0.2642333699763554,132,0.4015151515151515
20,30,0.4,0.8,5,3,3,-0.10662255226834527,-0.6798094458838674,-1.292696185656812,-0.31734656807241546,-0.19606607764766504,79,0.379746835443038
20,60,0.3,0.8,5,5,3,-0.09690074185582342,-0.6810881242775111,-0.8514489408410387,-0.2968734817435824,-0.16936755254039215,90,0.4888888888888889
20,30,0.4,0.85,5,3,5,-0.11118190078481893,-0.691507795233204,-1.2860620172853396,-0.3512121284121812,-0.2039888848406477,79,0.3670886075949367
20,30,0.4,0.8,5,5,3,-0.10219941117314801,-0.7059350875524246,-1.3357838466681926,-0.28465981853447586,-0.18834371818057827,79,0.3670886075949367
20,30,0.2,0.85,5,5,3,-0.09072747231614664,-0.7331787981809564,-1.131057154436934,-0.290006207527715,-0.16814861873708153,89,0.42696629213483145
30,30,0.3,0.8,5,3,5,-0.11725011074259162,-0.7684110864362778,-1.0745722021227526,-0.31383132611344267,-0.21071080511811824,90,0.4888888888888889
20,30,0.2,0.9,5,5,5,-0.09764221726794875,-0.7727061257134606,-1.2497953284746381,-0.2944598239563855,-0.18034999797056162,89,0.4157303370786517
20,60,0.3,0.8,5,3,3,-0.1182098983969867,-0.7776215415129403,-0.957451326649387,-0.3195723534078978,-0.20470536678004914,90,0.4666666666666667
20,30,0.4,0.85,5,5,3,-0.12023584051588265,-0.7839452113525546,-1.4142806732091895,-0.35159961773390924,-0.21960949435747956,79,0.34177215189873417
20,60,0.2,0.8,5,3,3,-0.1327910795921311,-0.7869370485257486,-1.0418947886468197,-0.36266660983907273,-0.22848620558843724,96,0.4479166666666667
20,30,0.2,0.8,5,5,3,-0.09530419749808461,-0.8024572396612877,-1.2558705616842605,-0.25523596629905987,-0.17623420872625528,89,0.42696629213483145
20,30,0.3,0.8,5,5,5,-0.09201304387514975,-0.810398638460865,-1.2242656364137352,-0.19730465161082233,-0.1704236624931218,85,0.4470588235294118
20,30,0.2,0.8,5,3,3,-0.1041584691212254,-0.8105472664833451,-1.408524904326405,-0.29312674311923526,-0.19176843880787653,89,0.42696629213483145
20,30,0.4,0.9,5,5,5,-0.12832593513274715,-0.8173659582572992,-1.4792741143264738,-0.34901327233508084,-0.23344056319970652,79,0.3670886075949367
20,30,0.3,0.85,5,5,5,-0.10297169117995875,-0.8275861693101619,-1.227918559741123,-0.2540524610912335,-0.18969461270263688,85,0.43529411764705883
30,30,0.4,0.8,5,3,5,-0.13234909326922195,-0.8384579290830771,-1.3234165664700412,-0.31509434472350784,-0.23612881186603096,85,0.43529411764705883
30,30,0.3,0.85,5,3,5,-0.13811143863096953,-0.8474582422609704,-1.215041543035936,-0.3948016079076976,-0.24572549358212248,90,0.4777777777777778
20,60,0.2,0.85,5,5,5,-0.12079224864454852,-0.8488108997102757,-1.0505005159202745,-0.2860873750229508,-0.2089406953757027,96,0.4583333333333333
30,30,0.3,0.8,5,5,5,-0.1261395854511167,-0.862207739155889,-1.019092636125318,-0.3289455216652345,-0.22572320963643266,90,0.4777777777777778
20,30,0.4,0.9,3,5,3,-0.17707447288586398,-0.8641429411482988,-2.1962785277413555,-0.42214073264454266,-0.3171695382475208,132,0.3484848484848485
30,60,0.2,0.85,3,3,5,-0.12735117105820015,-0.8668344926676708,-1.3028982064968222,-0.30063631760814724,-0.21790400691618905,158,0.43670886075949367
30,30,0.3,0.85,5,5,5,-0.13238379278058499,-0.8683683296199974,-1.0825157579031157,-0.3592405946210985,-0.2361867725739143,90,0.4222222222222222
20,30,0.3,0.85,5,3,5,-0.11500569088322898,-0.8702708902567619,-1.3936745593421707,-0.28157426566445987,-0.2106042592508628,85,0.4117647058823529
20,30,0.4,0.85,5,3,3,-0.13985700208869634,-0.8731598137007671,-1.642629654083264,-0.3883236854931398,-0.2529476998885626,79,0.31645569620253167
30,60,0.2,0.8,3,3,3,-0.1324497373284469,-0.8733005781082137,-1.3462410888090663,-0.3105958575212646,-0.22612911975927918,158,0.4050632911392405
20,30,0.3,0.8,5,3,3,-0.11145786549636105,-0.8793900205935592,-1.4634947528006832,-0.24574141221601997,-0.20446721294031978,85,0.4235294117647059
20,60,0.2,0.85,5,5,3,-0.12817985369616247,-0.8876470334820417,-1.1356408281313584,-0.2908386687952975,-0.22100082260485598,96,0.4375
20,30,0.2,0.85,5,3,3,-0.11602469210506239,-0.889421955761912,-1.5586977351174427,-0.3357107379494403,-0.2123626856073887,89,0.38202247191011235
30,30,0.3,0.8,5,3,3,-0.13812557630569744,-0.895828896154561,-1.292845487675244,-0.322181148571143,-0.24574896806919766,90,0.4777777777777778
20,30,0.2,0.9,5,3,5,-0.12180384198230565,-0.9203918407475219,-1.5533035471613974,-0.3444233211739206,-0.22229953647801792,89,0.43820224719101125
30,30,0.4,0.85,5,3,5,-0.15478168143744309,-0.9222333185267455,-1.4483230307709756,-0.39851613443679534,-0.27316495089990933,85,0.4235294117647059
20,30,0.4,0.9,5,3,5,-0.14941436956187404,-0.9223439834241801,-1.6780889656646125,-0.39818229264921556,-0.26893163940131104,79,0.379746835443038
30,30,0.4,0.8,5,5,5,-0.14441553702061538,-0.9597742083682771,-1.3094016089742182,-0.3349533605842627,-0.25615866621216754,85,0.4117647058823529
20,30,0.3,0.8,5,5,3,-0.11085460402133085,-0.9683862915759882,-1.4856566980387522,-0.22011457876897622,-0.20342140302114975,85,0.4235294117647059
20,60,0.2,0.9,5,5,5,-0.1397299376692881,-0.9701674610353689,-1.2366379813955874,-0.28597387682614483,-0.2396885896447598,96,0.4583333333333333
30,30,0.4,0.8,5,3,3,-0.15707646876954762,-0.9798825632214482,-1.5665751476698688,-0.32979253223077254,-0.27690453248480085,85,0.43529411764705883
30,30,0.4,0.85,5,5,5,-0.15364213671687377,-0.9824360504466949,-1.404962564301351,-0.3696107672722656,-0.27130456106488743,85,0.3411764705882353
30,60,0.2,0.9,3,5,5,-0.14239396638287993,-0.9857457970057135,-1.4710249889554434,-0.3565289863722151,-0.24205972375399287,158,0.4050632911392405
30,30,0.3,0.8,5,5,3,-0.14209819111821687,-0.987085085519502,-1.1835621187042593,-0.3419402147849062,-0.25233148803858874,90,0.45555555555555555
20,30,0.3,0.85,5,5,3,-0.1258392580405272,-1.0185303523083218,-1.5038303378116744,-0.28830690541418924,-0.22920199199322688,85,0.4
20,30,0.4,0.9,5,5,3,-0.15640271915161208,-1.0249947250769393,-1.87000592095169,-0.3841125693106606,-0.2805133035377996,79,0.34177215189873417
30,30,0.3,0.85,5,3,3,-0.16528503347145762,-1.0342374548802524,-1.4899454896624174,-0.4211179084824668,-0.29020648475533495,90,0.45555555555555555
20,30,0.2,0.9,5,5,3,-0.12980670334963929,-1.0440747284553389,-1.6762408346608515,-0.33618136405812926,-0.23595918341778532,89,0.38202247191011235
20,30,0.4,0.9,3,5,5,-0.21358390991559173,-1.044935418999684,-2.477107881196062,-0.4617295077138952,-0.3752116139191175,132,0.3484848484848485
20,30,0.3,0.9,5,5,5,-0.1356373099166639,-1.0498107070888292,-1.5881040063275202,-0.29254616040868053,-0.24583743461812835,85,0.4117647058823529
30,30,0.3,0.9,5,5,5,-0.1609957764593365,-1.0553160153650571,-1.3363212073139612,-0.39830896290838136,-0.2832703288299483,90,0.4444444444444444
20,30,0.4,0.9,3,3,3,-0.21803726116356492,-1.0558592473139758,-2.5967258474545805,-0.4495434684358314,-0.3821188475135775,132,0.3181818181818182
20,30,0.4,0.9,3,3,5,-0.22489526019905703,-1.0571749927632161,-2.5343644060120187,-0.4629830999888077,-0.3926822649813675,132,0.3560606060606061
30,60,0.2,0.8,3,3,5,-0.15694640786886938,-1.062627887600317,-1.5998921325199615,-0.3261769519318335,-0.2651060302990377,158,0.3924050632911392
30,30,0.3,0.85,5,5,3,-0.1578933248381882,-1.0645638185281916,-1.3212528981999079,-0.3924331288172983,-0.27823347788098785,90,0.4222222222222222
20,30,0.3,0.9,5,3,5,-0.1478341440757488,-1.0813286819866623,-1.723867576290953,-0.32951978289472283,-0.26630036899270404,85,0.4235294117647059
20,30,0.3,0.85,5,3,3,-0.14229019880280014,-1.0814961287612297,-1.7748179908325095,-0.3207279260773688,-0.25703288361885646,85,0.36470588235294116
30,60,0.2,0.9,3,5,3,-0.15442157857747352,-1.0823728132360133,-1.6367754778842596,-0.3628306591694098,-0.2611302780399416,158,0.4050632911392405
30,30,0.4,0.8,5,5,3,-0.1622198855194099,-1.089793303224384,-1.4922968290433845,-0.3511454216218727,-0.2852530879718207,85,0.38823529411764707
30,60,0.2,0.85,3,5,3,-0.15584223349655346,-1.103081128480119,-1.6243018896042318,-0.365094072868826,-0.26336850552938496,158,0.3987341772151899
20,60,0.2,0.85,5,3,5,-0.17008304083954218,-1.124905701210421,-1.358974091921241,-0.3387053393262105,-0.28782170387723094,96,0.4583333333333333
30,30,0.4,0.85,5,3,3,-0.18589811133500933,-1.1259294296259812,-1.766712156145597,-0.4306150884328114,-0.3230944376532373,85,0.4117647058823529
20,60,0.3,0.85,5,3,5,-0.16321580188053264,-1.1262226871011176,-1.3782309430025064,-0.3320659942734634,-0.277056084010055,90,0.4444444444444444
20,60,0.2,0.9,5,5,3,-0.16369532658219887,-1.127535075863646,-1.4864533628770813,-0.3034597764056337,-0.27781018828630044,96,0.4166666666666667
20,60,0.3,0.85,5,5,5,-0.15132428222874783,-1.1480876305065708,-1.3607451680376172,-0.3289685561971345,-0.25824200701471334,90,0.45555555555555555
30,60,0.2,0.9,3,3,3,-0.1648447243101896,-1.14831550967289,-1.6998075415496314,-0.3483949322317321,-0.27748142274951526,158,0.3924050632911392
30,60,0.3,0.8,5,3,3,-0.1846430458338003,-1.1519046209616441,-1.7120933733569965,-0.382068102972708,-0.3049892450861572,93,0.45161290322580644
30,30,0.4,0.9,5,5,5,-0.1801062022714166,-1.155080736494058,-1.642284484082922,-0.4057157817129907,-0.3139280589114626,85,0.38823529411764707
20,60,0.4,0.8,3,5,3,-0.11037917372681094,-1.1618996304590687,-2.1999901674214217,-0.20861258241080627,-0.1936094379501252,140,0.38571428571428573
30,30,0.4,0.85,5,5,3,-0.18066703615243207,-1.1833975247665343,-1.6674760086409561,-0.4053154422989459,-0.31481819416175727,85,0.35294117647058826
30,60,0.2,0.85,3,5,5,-0.16928846373940876,-1.1876615980333054,-1.7809193291906988,-0.3749998695675333,-0.2844028397374324,158,0.3987341772151899
30,60,0.2,0.8,3,5,5,-0.16876287342675833,-1.1954286622498054,-1.7868396341160484,-0.3731407937849286,-0.2835857469362125,158,0.3924050632911392
30,30,0.3,0.9,5,3,5,-0.1892721293773313,-1.2153187797490759,-1.739760520997476,-0.4471066369634158,-0.32840733351506624,90,0.4444444444444444
30,60,0.3,0.8,5,3,5,-0.18553667436205468,-1.2158626732469813,-1.795101467390168,-0.377267299486743,-0.30634632457983635,93,0.44086021505376344
30,60,0.2,0.9,3,3,5,-0.16936915775168027,-1.2164521265489292,-1.750132598583737,-0.34886543608986464,-0.2845282513933365,158,0.3987341772151899
30,60,0.3,0.8,3,3,3,-0.18867275986086374,-1.2182852311734524,-1.5572753144940623,-0.3659461369883099,-0.31346168929623797,155,0.4064516129032258
20,30,0.4,0.9,5,3,3,-0.18858423980753136,-1.219734695811116,-2.243759635802803,-0.43096691792694286,-0.33269234211589505,79,0.35443037974683544
20,60,0.4,0.8,3,5,5,-0.11846703234363298,-1.2241300070438703,-2.3332051146729085,-0.2255349386593366,-0.20704609210397218,140,0.38571428571428573
30,30,0.3,0.9,5,5,3,-0.18193240396244015,-1.228807042783804,-1.5558023789597488,-0.42348536687225424,-0.3168245323423401,90,0.4111111111111111
30,30,0.2,0.85,5,3,5,-0.1874293508902657,-1.2290072362961064,-1.7006332175302679,-0.3859534740946794,-0.3255080570867138,93,0.4731182795698925
30,60,0.2,0.8,3,5,3,-0.1754568089940145,-1.2544557757817143,-1.8831563261769195,-0.3720217599371295,-0.2939611890312095,158,0.3860759493670886
20,60,0.3,0.85,5,5,3,-0.16128466936463703,-1.2597731380106656,-1.4804213489066993,-0.333285521029676,-0.2740155795284206,90,0.43333333333333335
30,30,0.4,0.9,5,3,5,-0.20273665360879622,-1.266517162885262,-1.9765369240570845,-0.4500037092537331,-0.3494119511387699,85,0.4
30,30,0.2,0.8,5,3,5,-0.18406374180220075,-1.2731168010022513,-1.671742435696512,-0.3295540800567397,-0.3201976413710472,93,0.4731182795698925
30,60,0.3,0.85,5,3,3,-0.1994699593519731,-1.2758180458399657,-1.8240378502917707,-0.3970187320799373,-0.3273548600726326,93,0.44086021505376344
20,60,0.3,0.85,5,3,3,-0.17882678053215761,-1.2796035666916845,-1.5321678859492591,-0.35041007593108564,-0.30142361549078356,90,0.43333333333333335
20,60,0.2,0.85,5,3,3,-0.19447540288500964,-1.2830759025912482,-1.5828043215369552,-0.3693716263767326,-0.3254713079454984,96,0.4375
20,60,0.2,0.9,5,3,5,-0.20083434543819056,-1.2877734637522562,-1.6335365632377816,-0.344025148379261,-0.3351346689077158,96,0.4583333333333333
20,60,0.3,0.9,5,3,5,-0.18700371658167458,-1.3011920862610977,-1.5966721072839634,-0.31808839647401443,-0.3140367182219954,90,0.45555555555555555
20,60,0.3,0.9,5,5,5,-0.17491774440556207,-1.3042595833149788,-1.5865273784558964,-0.33220294068178924,-0.29535726530868367,90,0.4444444444444444
20,60,0.4,0.8,3,3,5,-0.14863722873004737,-1.3068286054575065,-2.243168054697624,-0.27349106029923065,-0.25625776281771284,140,0.40714285714285714
20,30,0.3,0.9,5,5,3,-0.1634027313303934,-1.306875725901725,-1.9655330445882844,-0.3301720835257512,-0.29202464884791446,85,0.3764705882352941
30,60,0.3,0.85,5,3,5,-0.197096614322802,-1.3267181298607433,-1.8444188018072045,-0.3812965494077418,-0.3237963903628489,93,0.43010752688172044
20,30,0.2,0.9,5,3,3,-0.16845059525961414,-1.3296677734548628,-2.220486934459959,-0.3889854377593267,-0.30027002943205683,89,0.39325842696629215
30,30,0.4,0.9,5,5,3,-0.2026882766346243,-1.3341391576614938,-1.8791864447719278,-0.4334540433321743,-0.34933704837936386,85,0.36470588235294116
30,30,0.2,0.85,5,5,5,-0.19220687686199256,-1.3354766126520676,-1.578010571999347,-0.36845906326010336,-0.3330124284080387,93,0.40860215053763443
20,60,0.4,0.85,5,5,5,-0.14625604989591623,-1.337235683380671,-1.882479254911229,-0.29333246634406196,-0.25015717593537423,85,0.4588235294117647
30,60,0.3,0.8,5,5,3,-0.2026361332169193,-1.388383586358674,-2.1009788617686813,-0.39282657401653465,-0.3320892200934086,93,0.40860215053763443
30,30,0.2,0.8,5,5,5,-0.19367926337969077,-1.3953967869720298,-1.567959649876125,-0.3512882333737011,-0.33531719579969543,93,0.46236559139784944
30,60,0.4,0.9,5,3,5,-0.22066725267494958,-1.3959668209315188,-1.8291812309842075,-0.3391351040323427,-0.35877071894081014,87,0.40229885057471265
20,60,0.2,0.8,3,5,3,-0.17507982017794055,-1.3982924991262153,-1.688822074393876,-0.33293023753712625,-0.2978328141290607,160,0.45
30,30,0.2,0.8,5,3,3,-0.20618350560892085,-1.4186476895676823,-1.9281058900686139,-0.35054066295270936,-0.35473826271558784,93,0.46236559139784944
20,60,0.2,0.9,5,3,3,-0.22415385795198706,-1.4191114867221384,-1.8373494038017428,-0.36159181113432926,-0.370033195470985,96,0.4479166666666667
20,60,0.3,0.9,5,5,3,-0.1858468496526018,-1.4258632597868695,-1.7289371230515975,-0.33463345402545586,-0.31225851815448524,90,0.43333333333333335
20,60,0.2,0.8,3,3,5,-0.1956961733288164,-1.4261722706211186,-1.8034800948215701,-0.36824781256254346,-0.3297334740891913,160,0.41875
20,60,0.4,0.8,3,3,3,-0.15936269336051467,-1.4300393897542778,-2.3802232800681136,-0.28722789985941555,-0.2734051448973335,140,0.40714285714285714
30,60,0.3,0.8,3,3,5,-0.2118797113150248,-1.4313770637295853,-1.8058239074680162,-0.38444306659728733,-0.3483807354237751,155,0.38064516129032255
20,60,0.4,0.85,5,3,5,-0.17592400900789795,-1.4330943078034177,-2.1540845455592903,-0.32711247201923777,-0.29692112554831984,85,0.4117647058823529
30,30,0.3,0.9,5,3,3,-0.213436263406789,-1.4363515059999523,-2.007176301272737,-0.4614689429972446,-0.36587806476071594,90,0.43333333333333335
30,30,0.2,0.85,5,3,3,-0.2156563533157183,-1.4409697672539503,-1.9884817391025231,-0.41634260001771606,-0.36926964465296075,93,0.45161290322580644
30,60,0.3,0.85,5,5,3,-0.21337991965290415,-1.4502953092421826,-2.2087450039204763,-0.4002603906026493,-0.3480448036149505,93,0.3870967741935484
30,60,0.3,0.9,5,3,3,-0.21710717134472246,-1.4512751491839577,-2.034589336115105,-0.37710957360626485,-0.3535405441808185,93,0.41935483870967744
20,60,0.4,0.85,5,5,3,-0.15371235497009716,-1.4519097785293915,-2.015459527871675,-0.2911214586883907,-0.2620377570496836,85,0.43529411764705883
20,30,0.3,0.9,5,3,3,-0.19064540679782926,-1.4711013602921854,-2.350043405565136,-0.3714207016071541,-0.3359695847239894,85,0.3764705882352941
30,60,0.3,0.9,5,3,5,-0.2117263475872313,-1.4779772543282166,-2.0183524409434237,-0.3554443728621701,-0.3456001151254886,93,0.41935483870967744
30,60,0.3,0.8,5,5,5,-0.21571467822163448,-1.4845394945946775,-2.2788264432532532,-0.4173342270319981,-0.3514897370481157,93,0.3870967741935484
20,60,0.3,0.8,3,3,5,-0.20200369540041108,-1.4854684578918376,-1.7936349294745002,-0.35816152531892786,-0.33935823629828565,151,0.40397350993377484
30,30,0.4,0.9,5,3,3,-0.22844141698492815,-1.4889497462388208,-2.269599169914817,-0.466839696458728,-0.38863358000454895,85,0.4
20,60,0.2,0.8,3,5,5,-0.1874625646522604,-1.4890643857878012,-1.7852460703804525,-0.35965161825122094,-0.3170742899982003,160,0.44375
30,60,0.4,0.85,5,3,5,-0.235865630943076,-1.4901457810805236,-1.9464367013108361,-0.4021525828558069,-0.38088882598537155,87,0.39080459770114945
30,30,0.2,0.9,5,5,5,-0.21716100493302193,-1.5020165850303804,-1.8172436310857698,-0.407610860122957,-0.3715633748554251,93,0.43010752688172044
20,60,0.4,0.9,5,5,5,-0.16877130216962444,-1.5085153831113411,-2.151494938297933,-0.3091931526431828,-0.28577094600956665,85,0.43529411764705883
30,60,0.3,0.85,5,5,5,-0.21966375820054973,-1.5118289832238176,-2.2741678262636276,-0.417562749224762,-0.35729835612380934,93,0.3870967741935484
30,60,0.4,0.9,5,3,3,-0.23608171205691042,-1.514208554201479,-1.9414577573712104,-0.3676741036879203,-0.38120082874800487,87,0.42528735632183906
20,60,0.3,0.9,5,3,3,-0.21702581219027572,-1.531775858587379,-1.9017738522334728,-0.3508727182528012,-0.35945583633337097,90,0.4444444444444444
30,60,0.4,0.8,5,3,5,-0.23775057099237884,-1.5425948618988474,-1.9778223367890353,-0.4159573127386619,-0.3836081933132188,87,0.39080459770114945
20,60,0.3,0.8,3,3,3,-0.20677186654623225,-1.5442017218751392,-1.817832228628954,-0.3709559597693388,-0.34659195193106873,151,0.423841059602649
30,60,0.4,0.85,5,3,3,-0.24234327536762978,-1.5449558542129729,-2.003359553967794,-0.4195857993693418,-0.3902119911209597,87,0.41379310344827586
20,60,0.2,0.8,3,3,3,-0.2080471565143298,-1.5564359673205996,-1.9419919805789188,-0.37817146016606695,-0.3485205212096453,160,0.41875
30,30,0.2,0.8,5,5,3,-0.21164433550198025,-1.55652160387875,-1.7706977426474435,-0.3682199681792332,-0.36313430523032064,93,0.44086021505376344
30,30,0.2,0.85,5,5,3,-0.22013103248263266,-1.5762531006980476,-1.8506507768318539,-0.40668561686516247,-0.3760793603953333,93,0.40860215053763443
30,60,0.3,0.9,5,5,3,-0.2263792058887858,-1.5861723329146942,-2.4042833745542356,-0.4022810109585878,-0.3671232528888695,93,0.3655913978494624
30,30,0.4,0.8,3,3,5,-0.21994861026195967,-1.5960523168962448,-2.1654332788212494,-0.4139835242166995,-0.37918918964197434,142,0.3732394366197183
20,60,0.4,0.85,5,3,3,-0.18826772229097988,-1.5978081708263694,-2.3131652285963082,-0.33652727636047197,-0.31597722688073016,85,0.38823529411764707
30,60,0.4,0.8,5,3,3,-0.24527798468067374,-1.6035871536421984,-2.023583553911395,-0.42829626234580165,-0.3944154184327142,87,0.41379310344827586
30,30,0.2,0.9,5,3,5,-0.23451892510161676,-1.6123955375815773,-2.2173878839068455,-0.43902321419759416,-0.3977382300142531,93,0.44086021505376344
30,60,0.3,0.9,5,5,5,-0.22956874688230922,-1.6133702815141115,-2.419157580607957,-0.40668090157726977,-0.371766360771131,93,0.3548387096774194
30,60,0.3,0.8,3,5,3,-0.2066318566576566,-1.6318654806789448,-2.1635184122403905,-0.38201883710429807,-0.3405552505301973,155,0.3935483870967742
20,60,0.4,0.9,5,3,5,-0.19932639380613038,-1.6346160252565267,-2.462622196225181,-0.33134506494100147,-0.3328487974768234,85,0.4235294117647059
20,60,0.4,0.8,2,5,5,-0.1559109081272524,-1.64332777909614,-2.9310331814559265,-0.2838588755894216,-0.2685856675596574,210,0.38571428571428573
30,60,0.2,0.8,2,3,3,-0.2084709936337179,-1.64513505903174,-2.60527563553355,-0.38214820795065796,-0.34456225666634743,237,0.3670886075949367
30,60,0.3,0.9,3,5,3,-0.21727023486781494,-1.6519754826301924,-2.2748387454784473,-0.38081347448775194,-0.3563757448250433,155,0.3870967741935484
30,60,0.3,0.85,3,3,3,-0.26073298229870345,-1.6580672851320994,-2.1579602123105044,-0.42767246586913443,-0.41923018497658093,155,0.3935483870967742
20,60,0.4,0.9,5,5,3,-0.17959988862635368,-1.663306627548949,-2.3705119789904985,-0.30950626598201225,-0.3026205846100576,85,0.4235294117647059
30,60,0.4,0.8,3,3,3,-0.1965853088255446,-1.666811111370961,-1.9377312701752605,-0.33203648849059264,-0.3254584574820941,144,0.4305555555555556
20,60,0.4,0.8,2,5,3,-0.16443131314742365,-1.6697426380606026,-2.6415337884524526,-0.29714145559607186,-0.2821515263792379,210,0.38095238095238093
20,60,0.3,0.8,3,5,3,-0.1979805334281357,-1.6805688479209728,-1.948283492057429,-0.3505741843537702,-0.3332265466110489,151,0.3973509933774834
20,60,0.2,0.85,3,5,3,-0.21821060805633452,-1.688076490178797,-2.152091714139067,-0.3714619958181331,-0.36379738593870115,160,0.4125
20,60,0.3,0.8,3,5,5,-0.2029963492605682,-1.7038921956525335,-2.013982766814239,-0.36651149857506626,-0.34086716628016367,151,0.39072847682119205
30,30,0.2,0.9,5,5,3,-0.2406497822664333,-1.7174800663843723,-2.068342265923387,-0.437537914640041,-0.40685731364024713,93,0.3978494623655914
30,60,0.3,0.9,3,5,5,-0.22723465224173844,-1.7497357114538776,-2.388942030815722,-0.4011708681028987,-0.3710390540225793,155,0.3870967741935484
20,60,0.2,0.85,3,5,5,-0.22841562986404396,-1.7754698348419387,-2.275552254945078,-0.38823296987754385,-0.37897036787180083,160,0.4
20,30,0.4,0.85,2,3,3,-0.2595974581310375,-1.7835743927502672,-3.514339161088406,-0.45619542450956463,-0.44476715127978494,198,0.31313131313131315
30,30,0.4,0.8,3,3,3,-0.23863877888423057,-1.7836982024065076,-2.379180596181532,-0.4296557644769585,-0.40742269051488567,142,0.3873239436619718
20,30,0.4,0.85,2,3,5,-0.2617318780414556,-1.7848989960381534,-3.492239364541426,-0.4567296752756532,-0.4478961333136935,197,0.3147208121827411
20,60,0.2,0.85,3,3,5,-0.2513877473027918,-1.8087681788012782,-2.3877020897507055,-0.42076265643228705,-0.4125137928674142,160,0.375
30,60,0.4,0.8,3,3,5,-0.208453260265534,-1.8152906701545417,-2.108788642185802,-0.33296006911835785,-0.3432759874217507,144,0.4166666666666667
30,60,0.2,0.8,2,3,5,-0.22817255322351582,-1.825885925629392,-2.8324033443671195,-0.393513742736172,-0.37374513415400135,237,0.350210970464135
30,60,0.3,0.9,3,3,3,-0.26758122244018223,-1.8481494483897105,-2.271191284907418,-0.4338500030603245,-0.4288717177326965,155,0.38064516129032255
30,30,0.4,0.8,3,5,3,-0.22929406973259803,-1.8568050212102318,-2.374296354844957,-0.4223303063391507,-0.39338517986918364,142,0.33098591549295775
30,60,0.3,0.8,3,5,5,-0.23257350445506364,-1.8652197852137413,-2.496351172567421,-0.42652267664264787,-0.3788337385641063,155,0.36129032258064514
30,30,0.4,0.8,3,5,5,-0.2305058461969276,-1.8701165151979295,-2.409351387859486,-0.4250472201862331,-0.39521437758881783,142,0.33098591549295775
30,30,0.2,0.9,5,3,3,-0.25980092571799807,-1.8716249345258658,-2.4882037886459694,-0.45702649789016814,-0.434918638240949,93,0.43010752688172044
20,60,0.2,0.85,3,3,3,-0.25831554991130345,-1.8982820179325386,-2.453140842018417,-0.4179649535426774,-0.42246285768119507,160,0.375
20,30,0.4,0.85,2,5,5,-0.2547117552241953,-1.8990226456999693,-3.9449163366820965,-0.4560657399956274,-0.43757233154577635,197,0.3401015228426396
30,60,0.4,0.9,5,5,5,-0.26442843884426026,-1.9010567449716058,-2.646284892142211,-0.42413936188582224,-0.4215309031775283,87,0.3793103448275862
30,60,0.3,0.85,3,5,3,-0.24583478441966677,-1.9020282048656525,-2.540956585583213,-0.40946922221844906,-0.3980080817850694,155,0.3870967741935484
20,60,0.4,0.9,5,3,3,-0.22903758709586708,-1.9078227707982183,-2.9045960535549287,-0.3688894471970401,-0.37723433817438634,85,0.4117647058823529
20,30,0.3,0.8,3,5,3,-0.195722323424527,-1.908341073988573,-2.9280247059648223,-0.3804246948044696,-0.34713064363249024,142,0.352112676056338
30,60,0.3,0.85,3,3,5,-0.28968684122638777,-1.9086959348470707,-2.474184522977098,-0.45088285447353427,-0.4595036481272067,155,0.3935483870967742
20,30,0.3,0.8,3,5,5,-0.19858906163866574,-1.9239082885232934,-3.0177155565801144,-0.39271824879313744,-0.35167824413919846,142,0.33098591549295775
30,60,0.4,0.85,5,5,5,-0.26984288198374484,-1.9247311227860358,-2.6746769211034076,-0.45328989430065336,-0.4290983056396257,87,0.3793103448275862
20,60,0.3,0.85,3,3,5,-0.27354139085912643,-1.9361285426649477,-2.505194758374626,-0.4309311387623064,-0.4440563261079925,151,0.3576158940397351
20,30,0.2,0.8,3,5,3,-0.18530270443695618,-1.9570613560103183,-2.9999369921894896,-0.3688350296950502,-0.33047072289680535,149,0.3624161073825503
30,60,0.4,0.85,5,5,3,-0.2750585948764185,-1.9704443545823602,-2.7675794431448018,-0.45087700521571417,-0.43634656285866646,87,0.367816091954023
30,60,0.4,0.9,5,5,3,-0.2726294601858169,-1.9830484884465258,-2.7576133722843177,-0.4343361184118021,-0.43297586093785967,87,0.3793103448275862
20,30,0.2,0.8,3,5,5,-0.18956447390159592,-1.9835373225629365,-3.1240326795746185,-0.3819541763299765,-0.3373096804354979,149,0.348993288590604
30,60,0.4,0.8,5,5,3,-0.2696289248197943,-1.9876557968669808,-2.7100798056106514,-0.4500852221766639,-0.42880010238304733,87,0.3793103448275862
20,30,0.4,0.85,2,5,3,-0.2633083133286902,-1.996092843989012,-4.138325418276563,-0.4621694896084467,-0.4502015763496692,198,0.3383838383838384
20,30,0.4,0.9,2,3,5,-0.2906107266041288,-1.998651096818571,-3.748905214042255,-0.4934949615836547,-0.4893807335469834,197,0.3197969543147208
20,60,0.3,0.85,3,3,3,-0.27701811514039654,-2.0046766245874217,-2.5392629875449204,-0.4434323431792754,-0.4489344342459418,151,0.36423841059602646
20,60,0.2,0.9,3,5,3,-0.2507954711591137,-2.022496017728892,-2.559519121633682,-0.4224045507195755,-0.41165962926316035,160,0.39375
30,60,0.4,0.8,2,3,3,-0.28663673458878114,-2.0400107156397365,-2.7295951165338908,-0.44776968730707534,-0.45632816575537305,217,0.3778801843317972
30,60,0.4,0.8,5,5,5,-0.27729803211249715,-2.0466233480525813,-2.8376022766686,-0.4677958881756942,-0.43944622020685364,87,0.3793103448275862
20,30,0.3,0.8,3,3,5,-0.23462253860349103,-2.0488098232457155,-3.0835959758828673,-0.4288500433805531,-0.40751239377794424,142,0.34507042253521125
20,30,0.4,0.9,2,3,3,-0.29638770175836815,-2.057044056365903,-3.8796829307419385,-0.4984498481006213,-0.497489075880693,198,0.31313131313131315
20,30,0.4,0.8,2,5,5,-0.2715880106672388,-2.069241328745201,-4.24390165657284,-0.4612276254951553,-0.46223264927775276,197,0.29441624365482233
20,60,0.3,0.85,3,5,5,-0.253147601465987,-2.07249297825131,-2.599373385118035,-0.4048371341481929,-0.41504846702563114,151,0.3509933774834437
20,30,0.4,0.9,2,5,3,-0.27415393599061655,-2.0754082673891667,-4.308501559463186,-0.47981480306417146,-0.46593471439087575,198,0.3333333333333333
30,60,0.3,0.9,3,3,5,-0.29236334938124775,-2.0762484683990685,-2.488457100985664,-0.45442473837102604,-0.463161552876974,155,0.3935483870967742
30,60,0.3,0.85,3,5,5,-0.26469589544709005,-2.0773390026185368,-2.7628146860738028,-0.4456304223006532,-0.42481824774238097,155,0.3741935483870968
20,60,0.3,0.85,3,5,3,-0.2538909477452683,-2.0804365603593395,-2.5815555675581034,-0.40592492035128913,-0.4161175898549576,151,0.3576158940397351
20,60,0.2,0.9,3,5,5,-0.25379797924402925,-2.0867391085697125,-2.6104783656797683,-0.42691968423598414,-0.41598392603851897,160,0.3875
30,60,0.2,0.85,2,3,3,-0.25584821026738547,-2.106024894644493,-3.088415457937821,-0.43529185972173057,-0.413733933615699,237,0.3755274261603376
20,30,0.4,0.9,2,5,5,-0.27997233066057525,-2.1067966885812353,-4.429034958159783,-0.48009862248723356,-0.47428302563467695,197,0.3096446700507614
20,60,0.3,0.8,2,5,5,-0.26009929372014395,-2.106908598042539,-2.8206354928059647,-0.4462135008591589,-0.42595962366855544,225,0.36
20,60,0.3,0.9,3,5,3,-0.2613520302971486,-2.114335440137026,-2.671059394772262,-0.4304717025729925,-0.42679914979398825,151,0.3576158940397351
20,30,0.4,0.8,2,3,5,-0.2960648116998231,-2.123119528403397,-3.9721410047738788,-0.5037958075589097,-0.4970375548471083,197,0.3096446700507614
30,60,0.3,0.8,2,3,3,-0.28701993150299865,-2.1322682813986766,-3.1067640474130283,-0.4638288366469294,-0.45685497023771215,233,0.3648068669527897
20,30,0.3,0.85,3,5,3,-0.22297288704003226,-2.1432427125521,-3.21277363845589,-0.3877975713083379,-0.3897302098724842,142,0.36619718309859156
30,60,0.2,0.8,2,5,3,-0.23640118842412006,-2.1655618819113727,-3.241100214227666,-0.41176951663255235,-0.3857577858489195,237,0.35443037974683544
30,60,0.4,0.8,2,3,5,-0.3089453958294003,-2.1781292406572903,-2.94449975787168,-0.4803820162543633,-0.4866173347396967,217,0.3548387096774194
30,30,0.4,0.85,3,3,5,-0.2956339684055522,-2.1801269934801044,-2.9354016748226726,-0.49362742964648465,-0.4896247418067302,142,0.352112676056338
20,30,0.4,0.8,2,3,3,-0.30443611053073505,-2.1873970786400387,-3.9717011458834928,-0.5155211143623555,-0.5086796541582468,198,0.31313131313131315
20,60,0.4,0.8,2,3,5,-0.2355718630832685,-2.1918236814647005,-3.4373225622890744,-0.4056272241160388,-0.39085622171398404,210,0.3476190476190476
20,30,0.4,0.8,2,5,3,-0.28724514323584294,-2.1965453599595106,-4.430113634751379,-0.48163506432992476,-0.48462766512100997,198,0.29797979797979796
30,60,0.4,0.9,3,3,3,-0.2703811811373553,-2.2034906754749595,-2.6298729362636695,-0.41473845800952713,-0.4327930821871069,144,0.3680555555555556
30,60,0.4,0.85,3,3,3,-0.26767053976475885,-2.208530457553052,-2.6956413514014805,-0.41082153600969873,-0.42899699258367907,144,0.375
20,30,0.2,0.8,3,3,5,-0.24284062025535869,-2.2134442998630925,-3.1926821693800185,-0.4457398883196019,-0.41990181848226305,149,0.3422818791946309
20,30,0.3,0.85,3,5,5,-0.2367361550172129,-2.217791140948433,-3.3953605053289695,-0.4080059681903392,-0.4107110751163481,142,0.33098591549295775
30,60,0.4,0.8,3,5,3,-0.23310886834932654,-2.2274122542861803,-2.678811960328802,-0.37449386317034816,-0.3796129840051171,144,0.4305555555555556
30,30,0.4,0.85,3,3,3,-0.29297413702797215,-2.2292743598345024,-2.9089191633584286,-0.49653375049557513,-0.4859194182095833,142,0.352112676056338
20,60,0.3,0.9,3,3,3,-0.30132771797730373,-2.2319410010505387,-2.6938847690530947,-0.47881716366448757,-0.48249422187783353,151,0.39072847682119205
30,60,0.2,0.9,2,5,5,-0.24937045021150595,-2.242500120606896,-3.291462910943618,-0.4450638931335552,-0.40447984477411836,237,0.35864978902953587
20,60,0.4,0.8,2,3,3,-0.24598752932041967,-2.244354946644265,-3.379767202502277,-0.4195665418375554,-0.4060837644491888,210,0.3380952380952381
30,60,0.2,0.8,2,5,5,-0.24864623921418705,-2.251578664793113,-3.416291499506102,-0.43404134079249534,-0.40344122004937977,237,0.34177215189873417
20,30,0.2,0.85,3,5,3,-0.21650520600255607,-2.256621911577104,-3.3711821563126527,-0.3777825842180841,-0.3797468387140903,149,0.3624161073825503
30,30,0.4,0.85,3,5,3,-0.2803219208009544,-2.2836787222435286,-2.8886133505705134,-0.46810044157944175,-0.4681183530665931,142,0.34507042253521125
20,60,0.3,0.8,2,5,3,-0.2817413736957969,-2.2883495460224013,-2.96928978626737,-0.467864736246941,-0.4565158382347466,225,0.3511111111111111
20,30,0.3,0.8,3,3,3,-0.24876452219635947,-2.290067490591494,-3.282309976971139,-0.4481928491491225,-0.4287531337335917,142,0.3380281690140845
20,60,0.2,0.9,3,3,5,-0.300282871266324,-2.2933541327362432,-2.8777056327833277,-0.48157555575765176,-0.481071571134319,160,0.375
20,60,0.2,0.9,3,3,3,-0.302344095000716,-2.293873233238519,-2.87927072122523,-0.4850784914500226,-0.4838764008806935,160,0.3875
30,60,0.4,0.9,3,5,3,-0.25335737663000657,-2.306329453743719,-2.899998168645011,-0.3869157548965412,-0.40876609536438224,144,0.3819444444444444
30,60,0.2,0.85,2,3,5,-0.27553961899777313,-2.3123820532511132,-3.37154706160121,-0.44918270375234337,-0.4414667381837507,237,0.35864978902953587
30,60,0.2,0.9,2,3,3,-0.26521408028645654,-2.3155381744399226,-3.4000469745926267,-0.4446544697903718,-0.42699938878407795,237,0.34177215189873417
30,60,0.4,0.9,3,3,5,-0.2868721219629071,-2.3493236338186407,-2.8379733174628416,-0.4383177278340763,-0.45564495951356687,144,0.3819444444444444
20,60,0.4,0.85,3,5,3,-0.236495621283499,-2.3516839407014327,-3.4164477846410204,-0.38068954371403285,-0.39131518181489655,140,0.35
30,60,0.3,0.8,2,3,5,-0.31177929687095585,-2.3533332764136405,-3.425315848232129,-0.49624111621692657,-0.49040953929882336,233,0.33476394849785407
20,30,0.2,0.85,3,5,5,-0.2331952370793129,-2.3591308738689167,-3.5783248832059353,-0.40261784124947264,-0.4053475691323203,149,0.3288590604026846
20,60,0.3,0.9,3,5,5,-0.2846048085730396,-2.359350361028126,-2.9674446496638085,-0.46283350322919703,-0.459511079352628,151,0.3509933774834437
30,30,0.2,0.8,3,3,5,-0.2992732755648846,-2.3597357906516927,-3.0051745641586955,-0.49029499331296134,-0.4936887247552971,156,0.33974358974358976
30,30,0.3,0.8,3,3,5,-0.30581515669666925,-2.364671563948222,-2.952339884061797,-0.49936281426862383,-0.5026961701041146,150,0.36
30,60,0.2,0.9,2,5,3,-0.25954241927167676,-2.369437431989823,-3.4598100967429652,-0.45107887763978627,-0.41898245936435574,237,0.35864978902953587
30,60,0.4,0.85,3,3,5,-0.2868381971788395,-2.3732187317180533,-2.9489136772080338,-0.43826966340470985,-0.4555983778148196,144,0.3680555555555556
20,60,0.4,0.85,3,5,5,-0.24026484225120515,-2.374065275231619,-3.4458147205122844,-0.3863029445072933,-0.3968322723251013,140,0.3357142857142857
30,60,0.3,0.8,2,5,3,-0.29387146670372133,-2.3783617786716866,-3.497890106265965,-0.4802543189877444,-0.46623575042403953,233,0.33476394849785407
30,30,0.4,0.85,3,5,5,-0.29381858009477013,-2.4140718900292137,-3.0684082826063666,-0.4855109997012723,-0.4870971749238666,142,0.3380281690140845
30,60,0.2,0.85,2,5,3,-0.26532403267408344,-2.433477006693284,-3.571914510239311,-0.4505033947617688,-0.4271543155347357,237,0.3670886075949367
20,60,0.4,0.9,3,5,3,-0.24654585961889264,-2.4416320004170373,-3.5410289358550306,-0.4096264749088462,-0.4059749606992882,140,0.32857142857142857
30,60,0.3,0.85,2,3,3,-0.32012800585910994,-2.4423868543663225,-3.3592204738628544,-0.49695044037853,-0.5015085090943916,233,0.3776824034334764
20,60,0.4,0.85,3,3,5,-0.28295690885623936,-2.4514339136226124,-3.589426923150076,-0.44491303427140927,-0.4577157386796076,140,0.32142857142857145
20,60,0.2,0.8,2,5,5,-0.29268586972023203,-2.4545415151939425,-3.1163341829781355,-0.49031766271588106,-0.47167682643405107,240,0.3458333333333333
20,30,0.3,0.85,3,3,5,-0.28577856608829544,-2.4563552038243297,-3.7530373387629337,-0.47723013023335503,-0.48254974298627273,142,0.3591549295774648
30,60,0.2,0.9,2,3,5,-0.27554385548331983,-2.4563561794809337,-3.4867493392718862,-0.45052993681610254,-0.44147264009693343,237,0.35864978902953587
20,60,0.3,0.9,3,3,5,-0.3278315838305301,-2.4566943030123856,-2.969286255598112,-0.5113811162777464,-0.5179851844367769,151,0.3841059602649007
20,30,0.2,0.8,3,3,3,-0.25488249847041533,-2.459855320164432,-3.349316312235161,-0.4658401449970865,-0.4378245367930821,149,0.3288590604026846
30,60,0.3,0.8,2,5,5,-0.3044514059721266,-2.4665140716193563,-3.6895001160199503,-0.5011083781764973,-0.480577989646951,233,0.33047210300429186
30,30,0.3,0.85,3,3,5,-0.32237223850889474,-2.4757796412232067,-3.0321572819588516,-0.5286960006897707,-0.5251481998573289,150,0.38666666666666666
30,30,0.2,0.8,3,5,5,-0.29167789767804275,-2.4813766190131474,-2.9877799699637375,-0.4793901510504265,-0.4831339246443612,156,0.3333333333333333
30,30,0.2,0.85,3,3,5,-0.317791126967536,-2.4854093759209985,-3.089598982503835,-0.5237953052723604,-0.5189856022656518,156,0.36538461538461536
30,60,0.4,0.9,3,5,5,-0.27309403686959877,-2.494498149534669,-3.141336614657719,-0.4218990149804852,-0.43658101071060207,144,0.3958333333333333
30,60,0.4,0.8,3,5,5,-0.2605778966744059,-2.4991733214894354,-3.0511664138558974,-0.42307147694831326,-0.41901101261960694,144,0.4027777777777778
30,30,0.3,0.8,3,3,3,-0.31038433189174675,-2.5207133394800545,-3.0712023138011926,-0.5056415810256023,-0.5089416125094107,150,0.36666666666666664
20,60,0.2,0.8,2,5,3,-0.2908281510277285,-2.525098650165323,-3.2401568191211743,-0.4802029841723804,-0.46911722511543463,240,0.3416666666666667
30,60,0.2,0.85,2,5,5,-0.27885863314746473,-2.527516885815604,-3.7400131490402684,-0.46630969167028347,-0.44608196900967634,237,0.35864978902953587
30,30,0.2,0.8,3,5,3,-0.29335311061022684,-2.5280218683930427,-3.0294498566626156,-0.4823657118654906,-0.485470795137554,156,0.34615384615384615
30,30,0.3,0.85,3,3,3,-0.31501281997906516,-2.5441976684563663,-3.06885822262515,-0.5228837683239009,-0.515229692775355,150,0.37333333333333335
30,30,0.3,0.8,3,5,5,-0.3036932313645432,-2.546053966174107,-3.026691451944067,-0.49615979281432354,-0.49978297371846936,150,0.34
30,30,0.2,0.8,3,3,3,-0.3064228274192604,-2.547168614997343,-3.1566798381063115,-0.5001925402070395,-0.5035289461219643,156,0.34615384615384615
30,60,0.4,0.85,2,3,3,-0.35532945038358155,-2.553731825041198,-3.4444908466677755,-0.5386337501320513,-0.547103474964319,217,0.37327188940092165
30,30,0.3,0.8,3,5,3,-0.303558437378569,-2.5702451292101767,-3.042533290113593,-0.49657780978275323,-0.4995976403029889,150,0.3466666666666667
30,30,0.4,0.9,3,3,5,-0.34675951301850916,-2.571135156684043,-3.3918346173759177,-0.5655115367327878,-0.5583460642895643,142,0.36619718309859156
30,30,0.2,0.85,3,3,3,-0.3120001087481874,-2.5769478362102434,-3.1478156845829988,-0.5191462399910638,-0.5111411388494403,156,0.34615384615384615
20,60,0.3,0.8,2,3,5,-0.3282652263354704,-2.5829007058153195,-3.499248063233294,-0.5296104290915962,-0.5196041037119599,225,0.3244444444444444
30,30,0.2,0.85,3,5,3,-0.3045917777845769,-2.591398915995486,-3.103331686282554,-0.5036387317035265,-0.5010175820041058,156,0.3717948717948718
20,30,0.3,0.85,3,3,3,-0.2847317817659031,-2.6018590065496996,-3.7558721477893227,-0.4769910525920652,-0.48106410363963137,142,0.38028169014084506
30,30,0.4,0.9,3,5,3,-0.32142493952603024,-2.6175467994920947,-3.270644204451684,-0.5305231910116635,-0.5248868472157862,142,0.352112676056338
20,60,0.2,0.8,2,3,5,-0.3290361427284386,-2.6197637336998256,-3.38212604986437,-0.5306046478051583,-0.520619471865394,240,0.375
20,60,0.3,0.85,2,5,5,-0.32075014381496014,-2.62563167451677,-3.5437117830754126,-0.5003547557141614,-0.5096546105633635,225,0.35555555555555557
30,30,0.3,0.85,3,5,3,-0.31586102800430627,-2.627531844450902,-3.1044099215493466,-0.5189183011988079,-0.5163778387760704,150,0.38
30,60,0.4,0.85,3,5,3,-0.27464815120996444,-2.632754135803722,-3.186645167130685,-0.4169576354067328,-0.43874592304920523,144,0.3958333333333333
30,30,0.2,0.85,3,5,5,-0.3137564283418127,-2.6459696024111024,-3.1643529535614054,-0.517158903005835,-0.5135266352311847,156,0.3525641025641026
20,30,0.2,0.85,3,3,5,-0.29417180016224,-2.6460451733063577,-3.8762000000189776,-0.48918850000887115,-0.49438642652843656,149,0.3422818791946309
20,60,0.4,0.85,3,3,3,-0.2962726343558256,-2.6494541363376567,-3.8418171228483065,-0.4637302925667808,-0.4760989896741372,140,0.32857142857142857
20,60,0.2,0.8,2,3,3,-0.3292157891727505,-2.6603028060678042,-3.480671501670417,-0.5308361921258821,-0.520855941694582,240,0.3541666666666667
30,30,0.4,0.9,3,3,3,-0.3413450301646812,-2.6676159689268584,-3.5103876048061062,-0.55541996861735,-0.5512935371493957,142,0.34507042253521125
20,60,0.3,0.8,2,3,3,-0.33873246580257166,-2.673585134002782,-3.5999305069195837,-0.5430273883626971,-0.5333064742004325,225,0.31555555555555553
30,60,0.3,0.85,2,3,5,-0.341206527107474,-2.676250230682773,-3.6961107869820724,-0.5225204837892552,-0.5290448505784724,233,0.34334763948497854
30,60,0.3,0.85,2,5,3,-0.3231771260013987,-2.684120027481192,-3.8680266814027147,-0.5059652915640425,-0.5055349020493196,233,0.34334763948497854
30,30,0.4,0.9,3,5,5,-0.3372103839585563,-2.68699854217779,-3.414615240704963,-0.5514660126625262,-0.5458720115713978,142,0.3591549295774648
30,60,0.3,0.85,2,5,5,-0.3259167513136382,-2.6978167924338936,-3.9463412605258554,-0.5165197735193672,-0.5091401846374409,233,0.33047210300429186
30,30,0.3,0.85,3,5,5,-0.32614057287973264,-2.701302870078322,-3.1734388106839533,-0.5312989344141282,-0.5301889860033975,150,0.38666666666666666
30,60,0.4,0.8,2,5,3,-0.33564544765004756,-2.719401373654604,-3.5509397642765532,-0.5127900185650011,-0.5218477854423377,217,0.35023041474654376
20,60,0.4,0.85,2,5,5,-0.2669139491564324,-2.7197500434161834,-4.526008228523569,-0.4254490321095511,-0.4361431008832608,210,0.3523809523809524
30,60,0.4,0.85,2,3,5,-0.3771891077736603,-2.7441543582759484,-3.7714891587581594,-0.5664738413359074,-0.5744324799934291,217,0.3456221198156682
20,60,0.3,0.9,2,5,3,-0.34560008410345355,-2.7650104540552047,-3.6580447620305114,-0.547959982759811,-0.5421980797397621,225,0.3511111111111111
20,30,0.3,0.9,3,5,3,-0.29230342621688377,-2.769910416033681,-4.0110816056283225,-0.49015360324976076,-0.49176311794942684,142,0.323943661971831
30,60,0.4,0.8,2,5,5,-0.33939981507317596,-2.77175403735469,-3.759875997032417,-0.523552835233507,-0.526711967458942,217,0.35023041474654376
20,60,0.3,0.9,2,5,5,-0.3427528476006908,-2.7785107151647526,-3.786961873701765,-0.5421166812416517,-0.5385212129020926,225,0.3377777777777778
30,60,0.3,0.9,2,5,5,-0.33192986972606686,-2.7834799851599215,-4.107840225833947,-0.5280530666143157,-0.5170120438577783,233,0.33905579399141633
20,60,0.3,0.85,2,5,3,-0.3415131087451211,-2.794900189997242,-3.6435270752633926,-0.5302699717027823,-0.5369160355422267,225,0.3422222222222222
20,30,0.2,0.85,3,3,3,-0.2926714267438155,-2.820472685122476,-3.8923647033629125,-0.48829532133799713,-0.4922803378234669,149,0.35570469798657717
30,60,0.4,0.85,3,5,5,-0.29268105565872204,-2.8218854341998503,-3.435674620365547,-0.4443627236133161,-0.46359502018752785,144,0.3888888888888889
20,60,0.4,0.85,2,5,3,-0.28220968967074744,-2.826869370593805,-4.324897084851365,-0.44737519932362646,-0.4576611581937151,210,0.35714285714285715
20,60,0.4,0.9,2,5,3,-0.29263780837614484,-2.8353884761108685,-4.405290255708329,-0.4756141213454095,-0.4721112891896949,210,0.3238095238095238
30,60,0.3,0.9,2,5,3,-0.3405264792707211,-2.8613778069719573,-4.166385025107954,-0.5293242270498812,-0.5281673545901473,233,0.33905579399141633
20,60,0.4,0.9,3,5,5,-0.283258084128445,-2.8839969070538474,-4.168470820497397,-0.4614656129276048,-0.4581347285245029,140,0.32857142857142857
20,60,0.4,0.9,2,5,5,-0.28997871876960346,-2.8862658629065154,-4.744996722060983,-0.471970769372825,-0.46844360008111263,210,0.32857142857142857
20,30,0.2,0.9,3,5,3,-0.28456990051108155,-2.8949728764385125,-4.174408103937753,-0.4791900439529655,-0.48083416909601473,149,0.3288590604026846
30,60,0.4,0.9,2,5,5,-0.3585089202179248,-2.926974692517603,-3.9884117869335984,-0.546941482185589,-0.5511255356072009,217,0.35023041474654376
20,60,0.4,0.9,3,3,3,-0.3218504512561413,-2.933660436303172,-4.093446344284197,-0.5038917534281856,-0.5105970462110976,140,0.35
30,30,0.3,0.9,3,3,5,-0.38259792689614447,-2.9338287533764014,-3.6249775152356385,-0.6090743189824259,-0.6026272727855813,150,0.38
20,30,0.3,0.9,3,5,5,-0.31970310317519135,-2.9461423337533668,-4.274374682153924,-0.527408668761637,-0.529568167024477,142,0.30985915492957744
30,30,0.2,0.9,3,3,5,-0.37826104211964606,-2.949868263023107,-3.694900325176735,-0.6038022361603967,-0.5972682441240802,156,0.36538461538461536
20,30,0.3,0.9,3,3,5,-0.35109335266814856,-2.9658026253414427,-4.350215668139317,-0.5667119094391408,-0.571120971601166,142,0.3380281690140845
30,30,0.4,0.85,2,5,5,-0.342365923442845,-2.994847421942532,-3.8557696774959966,-0.5558850489790603,-0.5526273748206524,212,0.33962264150943394
30,30,0.3,0.8,2,5,5,-0.3191865724301849,-2.999415699591387,-3.6042420479664274,-0.5205414571339084,-0.521874422898722,225,0.35555555555555557
30,60,0.4,0.9,2,5,3,-0.36996572852383125,-3.0077799233271305,-4.000921682308708,-0.5576586240228926,-0.5654856924349035,217,0.33640552995391704
30,30,0.3,0.9,3,3,3,-0.36973377712258093,-3.0126676158818304,-3.6838233774214584,-0.5925968908448591,-0.586631313695509,150,0.36
30,30,0.4,0.8,2,5,5,-0.339385526892258,-3.031337221411741,-3.8317373635919374,-0.5474699394821776,-0.5487280400775147,212,0.3443396226415094
30,30,0.2,0.9,3,5,5,-0.36847952835034303,-3.0374068579309403,-3.7754147677441106,-0.5874394388650086,-0.5850555944587499,156,0.3525641025641026
30,30,0.2,0.9,3,3,3,-0.3674528589628321,-3.0616726520171826,-3.7921599518303823,-0.5897706161535835,-0.5837636540483085,156,0.34615384615384615
30,30,0.3,0.9,3,5,5,-0.37892001325364133,-3.064929397203157,-3.762730673950981,-0.6003937263012169,-0.5980847339495435,150,0.38666666666666666
30,30,0.3,0.85,2,5,5,-0.330694494530247,-3.0656110724260155,-3.758818355578679,-0.5406343605906517,-0.5372648195082712,225,0.35555555555555557
30,30,0.4,0.8,2,5,3,-0.3526723967220132,-3.0753351352561986,-3.796392278746885,-0.5665583736516855,-0.5659866234904054,213,0.3474178403755869
30,30,0.2,0.8,2,5,5,-0.33208485950826294,-3.0757099906957017,-3.7547616649795565,-0.5433286499324804,-0.53910792358914,232,0.3448275862068966
30,60,0.4,0.85,2,5,5,-0.3775994831060796,-3.0851716190366756,-4.146179103958521,-0.5668862145552477,-0.5749382739329407,217,0.31336405529953915
20,30,0.2,0.9,3,5,5,-0.31410985533495217,-3.0878221848579384,-4.431930708257475,-0.5197725414528048,-0.5219669328729422,149,0.31543624161073824
20,60,0.2,0.85,2,5,5,-0.34991374499991434,-3.0885305628199347,-3.987520721388019,-0.5391655497319372,-0.547743022540931,240,0.3541666666666667
30,30,0.3,0.85,2,3,5,-0.3676509478445028,-3.089614198703916,-3.9342564720069713,-0.5837197720536293,-0.5850557219388657,225,0.37333333333333335
30,30,0.2,0.85,2,5,5,-0.33743539678857937,-3.093527568061259,-3.8165185454370216,-0.5584802868254919,-0.546167860415272,232,0.35344827586206895
30,30,0.4,0.85,2,5,3,-0.35027409372671836,-3.101092887560947,-3.9489195308893095,-0.5622535396087214,-0.5628952628989355,213,0.3380281690140845
30,60,0.4,0.9,2,3,3,-0.3990362470213188,-3.1087762700265027,-4.1212133320312825,-0.5937413867414696,-0.6009857494972537,217,0.3686635944700461
30,60,0.4,0.85,2,5,3,-0.38252703005708166,-3.119262873401966,-4.078313698996805,-0.5730531936993535,-0.5809906021840986,217,0.31336405529953915
30,30,0.3,0.9,3,5,3,-0.37172090342906006,-3.123688359187173,-3.8054708176713516,-0.5923470043846523,-0.5891218901151098,150,0.36666666666666664
30,30,0.2,0.9,3,5,3,-0.36301231949268764,-3.132536947562245,-3.873885815978991,-0.5814648955458608,-0.5781536883372839,156,0.34615384615384615
30,30,0.3,0.85,2,3,3,-0.36602249184385727,-3.1356577565173263,-3.993395661568254,-0.5844728129032462,-0.5830024312691251,225,0.3688888888888889
30,30,0.2,0.85,2,3,5,-0.3811120776834549,-3.1435789676036507,-3.995153131605111,-0.6005606855357504,-0.601842588615678,232,0.3620689655172414
30,60,0.3,0.9,2,3,3,-0.38269263268409204,-3.1439967503154516,-4.344585358841121,-0.5735896268415284,-0.5811933337542565,233,0.33905579399141633
30,30,0.4,0.85,2,3,3,-0.3853438102024275,-3.1450164869909956,-4.187332696421574,-0.6084367779603213,-0.6070511950474264,213,0.3615023474178404
20,30,0.2,0.9,3,3,5,-0.35831408232064155,-3.1459487895641636,-4.3559498023730105,-0.5763657813289831,-0.5804133987354334,149,0.3221476510067114
30,30,0.3,0.8,2,5,3,-0.33998024494610957,-3.148518963026343,-3.6848354668802648,-0.5501008795481371,-0.549507420408448,225,0.35555555555555557
20,60,0.2,0.85,2,5,3,-0.35426831958442306,-3.1568317808549016,-4.044777316660742,-0.5468984078141341,-0.5533092010911518,240,0.35
20,60,0.3,0.85,2,3,5,-0.39791684893909407,-3.1580119546654584,-4.206472588090315,-0.597295036511235,-0.6073543048412409,225,0.3244444444444444
30,30,0.4,0.85,2,3,5,-0.38978596259240883,-3.161749531520126,-4.180263576900407,-0.6112358004291767,-0.6124834443308889,212,0.36792452830188677
20,60,0.3,0.9,2,3,5,-0.3978894738810844,-3.1730079444637735,-4.172810269747295,-0.6081006600766039,-0.6073214096380825,225,0.3466666666666667
20,60,0.2,0.9,2,5,3,-0.3598313064846642,-3.183331011678582,-4.133234915408312,-0.5659072718999147,-0.5603741330059478,240,0.3375
20,30,0.3,0.9,3,3,3,-0.3443916971213291,-3.1840990514808327,-4.582855134554997,-0.5589728784495365,-0.5624074773953842,142,0.3028169014084507
30,30,0.3,0.8,2,3,5,-0.3641247699050604,-3.191302407194584,-3.9248285073430007,-0.5801481791613319,-0.5806035039700985,225,0.3688888888888889
20,60,0.4,0.9,3,3,5,-0.3487048252732443,-3.2014136545128715,-4.469857073815253,-0.5394341695061204,-0.545659078607323,140,0.35
30,30,0.4,0.9,2,3,3,-0.3974813597619006,-3.2137865015015628,-4.259687125423542,-0.6297542933136648,-0.6218082856190339,213,0.36619718309859156
20,60,0.2,0.9,2,5,5,-0.3610579616195223,-3.2141922566472014,-4.1489417592276165,-0.5653381633333867,-0.5619250386177117,240,0.3333333333333333
20,60,0.3,0.9,2,3,3,-0.4062014115037976,-3.2282076907379027,-4.2282166755478805,-0.6164843584552502,-0.6172514990812312,225,0.36
30,30,0.2,0.8,2,5,3,-0.3529589528224071,-3.2490942290287377,-3.8656980290759173,-0.566926549732512,-0.5663552852300169,232,0.3448275862068966
30,60,0.4,0.9,2,3,5,-0.40993882660268965,-3.2566027429049353,-4.292882366696462,-0.6078405003545589,-0.6139509995124981,217,0.3548387096774194
30,30,0.3,0.8,2,3,3,-0.37767203121364,-3.2669875698180926,-3.954182405704141,-0.5984980441852741,-0.5975842241203718,225,0.36
30,30,0.3,0.85,2,5,3,-0.34330466997112896,-3.271884261021921,-3.941324621291462,-0.5531972062893535,-0.5538522058948343,225,0.3511111111111111
30,30,0.4,0.9,2,3,5,-0.4046454681079442,-3.2776154105724293,-4.321451844546457,-0.6366683577310372,-0.6303915162315111,212,0.36792452830188677
30,30,0.4,0.9,2,5,3,-0.36748641111847935,-3.279298578618579,-4.143106944169584,-0.5876738065499819,-0.584848481030273,213,0.3427230046948357
30,30,0.2,0.85,2,3,3,-0.38661631774128347,-3.286293306524981,-4.250654277700621,-0.6099911118850363,-0.6086110291274316,232,0.34913793103448276
30,30,0.4,0.8,2,3,5,-0.38755945038091744,-3.2899937929789407,-4.187076740654115,-0.60934153450248,-0.6097651994296451,212,0.35377358490566035
20,60,0.4,0.85,2,3,5,-0.3546049369903109,-3.2921848004373597,-4.674649110094976,-0.5431954554810501,-0.554272861091772,210,0.3333333333333333
30,30,0.3,0.9,2,3,3,-0.3843803064738489,-3.296400126817837,-4.176668517933776,-0.6141490779778368,-0.6058681598199768,225,0.3688888888888889
30,30,0.4,0.8,2,3,3,-0.39763639637511694,-3.2979111657803135,-4.144410043786372,-0.6228534191459645,-0.6219950320123467,213,0.3474178403755869
30,30,0.3,0.9,2,3,5,-0.38817386133046805,-3.2998438911607386,-4.184448313691154,-0.6171305861873144,-0.6105162142308536,225,0.3688888888888889
20,60,0.3,0.85,2,3,3,-0.41375257942466404,-3.309125473239859,-4.373683565880875,-0.616701824288858,-0.6261717855393171,225,0.31555555555555553
30,30,0.2,0.8,2,3,5,-0.3817156052153331,-3.330942533743165,-4.179534454764452,-0.6021559881597769,-0.6025874457350907,232,0.35344827586206895
20,60,0.2,0.9,2,3,5,-0.4009904694310833,-3.3490398766542246,-4.2409979739877555,-0.611811572628393,-0.6110397009474726,240,0.36666666666666664
30,60,0.3,0.9,2,3,5,-0.39510770932214145,-3.35053365983111,-4.534880823893094,-0.5898768253581763,-0.5962672285374082,233,0.33047210300429186
20,60,0.2,0.9,2,3,3,-0.4050380710545487,-3.3575690953803914,-4.319943202232718,-0.6150987712797817,-0.6158686834751541,240,0.3625
30,30,0.2,0.85,2,5,3,-0.35807869552577,-3.3968622467056013,-4.157953947292373,-0.5722896595913911,-0.572916670228234,232,0.33620689655172414
20,60,0.2,0.85,2,3,5,-0.40295184384876326,-3.4011603940858377,-4.313296262605969,-0.6034783456544117,-0.6133831595538097,240,0.35833333333333334
20,30,0.2,0.9,3,3,3,-0.3520949492253548,-3.4038560685198638,-4.619721397140619,-0.5690598388540331,-0.5724158833031635,149,0.30201342281879195
20,60,0.4,0.85,2,3,3,-0.37052147987293416,-3.4160044492267105,-4.729306543759624,-0.5634406168828319,-0.5743455432555109,210,0.3333333333333333
20,60,0.4,0.9,2,3,3,-0.3721792785087018,-3.4210894312855302,-4.838288756201182,-0.5735761981670716,-0.5764118460718795,210,0.34285714285714286
20,60,0.4,0.9,2,3,5,-0.37161069121766044,-3.4278893018895076,-4.836470081784886,-0.5728632814285683,-0.5757036701120269,210,0.3380952380952381
20,60,0.2,0.85,2,3,3,-0.40835327426465406,-3.432115636771336,-4.419685469259815,-0.6101720296128339,-0.6198033193184589,240,0.3333333333333333
30,30,0.2,0.8,2,3,3,-0.3958726395236192,-3.435736790214543,-4.205633939153281,-0.620731142536848,-0.6198679250931394,232,0.3448275862068966
30,30,0.2,0.9,2,3,5,-0.4102958475041333,-3.464050748845897,-4.400927664615735,-0.643257575855756,-0.6370945683111158,232,0.3620689655172414
30,30,0.3,0.9,2,5,3,-0.36423703920548867,-3.534474808953445,-4.23366318630648,-0.5835988557592143,-0.5807456080200499,225,0.3511111111111111
30,30,0.2,0.9,2,3,3,-0.4130558088662536,-3.5390710062923447,-4.538014655645527,-0.6479038408223713,-0.6403473486347504,232,0.34913793103448276
30,30,0.4,0.9,2,5,5,-0.39117816294094176,-3.546488577608829,-4.501948342110781,-0.6152863608660193,-0.6141784920344262,212,0.33962264150943394
30,30,0.3,0.9,2,5,5,-0.384145245557851,-3.7234182892398207,-4.499336590692554,-0.6067118435710112,-0.6055792825021517,225,0.3511111111111111
30,30,0.2,0.9,2,5,3,-0.38493514494836323,-3.7246783110726507,-4.551453074729613,-0.6092272623999413,-0.6065496246328372,232,0.33189655172413796
30,30,0.2,0.9,2,5,5,-0.3962854022062199,-3.81675581706002,-4.660330777579845,-0.6214563340711905,-0.6203662330552152,232,0.33620689655172414
20,30,0.3,0.85,2,3,5,-0.39086003823077586,-3.8259653506464564,-5.061295531610816,-0.6185923655539021,-0.6210603262564431,211,0.3080568720379147
20,30,0.3,0.85,2,3,3,-0.38434116160308573,-3.836747454041836,-5.038948471810979,-0.6139822354145625,-0.6130810997825771,211,0.2985781990521327
20,30,0.2,0.85,2,3,5,-0.3881463501376644,-3.919384333733301,-5.255749729698682,-0.6152590738651609,-0.6177486031786971,221,0.31221719457013575
20,30,0.2,0.85,2,3,3,-0.38112358552086445,-3.972435989962146,-5.3088738149473365,-0.6100231298687899,-0.6091127519391555,221,0.3076923076923077
20,30,0.3,0.9,2,3,5,-0.4144231188270392,-3.9743567140262166,-5.050523497523251,-0.6473810463118037,-0.6492232395533931,211,0.3175355450236967
20,30,0.3,0.8,2,3,5,-0.4106795532909051,-3.9746482891919914,-5.084718746429417,-0.6439908559781794,-0.6448199697255073,211,0.2985781990521327
20,30,0.3,0.8,2,3,3,-0.4139347128238412,-3.975540757121174,-4.91234385414267,-0.6484814690094035,-0.6486502890670038,211,0.2938388625592417
20,30,0.2,0.9,2,3,5,-0.4058700721987534,-4.014145978286971,-5.179606534388325,-0.6372282822572697,-0.6391235167580684,221,0.3257918552036199
20,30,0.3,0.8,2,5,5,-0.37752059054023457,-4.019287014158789,-5.231082493524325,-0.6024938288288342,-0.604645547703339,211,0.2843601895734597
20,30,0.3,0.9,2,3,3,-0.4114303240328552,-4.060054854075011,-5.173114375392106,-0.6463825893018995,-0.645705197851822,211,0.2985781990521327
20,30,0.2,0.8,2,5,5,-0.36237774302876935,-4.062304384767158,-5.564494539276236,-0.5833437922274026,-0.5855991711157416,221,0.2986425339366516
20,30,0.2,0.8,2,3,5,-0.40960080028019485,-4.06802356012496,-5.281952609377399,-0.6427140411267104,-0.6435461284626776,221,0.3031674208144796
20,30,0.2,0.8,2,3,3,-0.4122869668410788,-4.098256828442706,-5.122359700264894,-0.6465441885494929,-0.6467139390041277,221,0.3031674208144796
20,30,0.3,0.8,2,5,3,-0.3854577900272458,-4.099267599144261,-5.2697736398028,-0.6128492844192244,-0.6144536461323074,211,0.2985781990521327
20,30,0.2,0.9,2,3,3,-0.40483850185125025,-4.108917402846752,-5.303284406138051,-0.6385882509359919,-0.6378959286086205,221,0.3167420814479638
20,30,0.3,0.85,2,5,5,-0.3759120565306193,-4.165877187747071,-5.4402328343249735,-0.6014985351388042,-0.6026431761375268,211,0.3175355450236967
20,30,0.2,0.8,2,5,3,-0.37120585182172694,-4.166191239610806,-5.590993178104902,-0.5950782727177555,-0.5967562779232283,221,0.3167420814479638
20,30,0.2,0.85,2,5,5,-0.3610475425323847,-4.2196532339843245,-5.8478675192443745,-0.5827065127340616,-0.5839051312490298,221,0.33031674208144796
20,30,0.3,0.85,2,5,3,-0.3769630285901291,-4.221450496446312,-5.558155364499256,-0.6047217937787239,-0.603952031209569,211,0.3222748815165877
20,30,0.3,0.9,2,5,3,-0.38471031615521434,-4.254318428909301,-5.606119027292378,-0.6138800675034004,-0.6135351241630216,211,0.3127962085308057
20,30,0.2,0.9,2,5,3,-0.3671399877524337,-4.255232647403527,-5.977355703035823,-0.5920007655204331,-0.5916362761300424,221,0.33031674208144796
20,30,0.2,0.85,2,5,3,-0.36163588358375265,-4.301579150475191,-5.9763390674343,-0.5854620824084499,-0.584654813585036,221,0.334841628959276
20,30,0.3,0.9,2,5,5,-0.3998783775013861,-4.384082758675195,-5.65595636503199,-0.6309046391370119,-0.6319648151206292,211,0.2890995260663507
20,30,0.2,0.9,2,5,5,-0.37978483918938744,-4.395062732348511,-6.082481431535807,-0.6063250173753126,-0.6074557949633965,221,0.31221719457013575
