ticker,settlementDate,sharesShort,daysToCover,shortVolRatio,shortVol,totalVol,marketCap,dtc_pct,svr_pct,combo
INTC,2026-05-15,141034491,1.0,0.0,,,498428420000.0,0.02981651376146789,0.26146788990825687,0.8543577981651376
MU,2026-05-15,35235443,1.0,0.0,,,974373497405.0,0.02981651376146789,0.26146788990825687,0.8543577981651376
SNDK,2026-05-15,9135603,1.0,0.0,,,230919321445.0,0.02981651376146789,0.26146788990825687,0.8543577981651376
MELI,2026-05-15,1037777,1.1137,0.0,,,81510929220.0,0.05963302752293578,0.26146788990825687,0.8394495412844036
SHOP,2026-05-15,21812029,1.180789,0.0,,,141943139679.0,0.06422018348623854,0.26146788990825687,0.8371559633027523
LITE,2026-05-15,9154609,1.343798,0.0,,,67192748000.0,0.06880733944954129,0.26146788990825687,0.8348623853211009
MRVL,2026-05-15,32247247,1.436845,0.0,,,230483556000.0,0.0779816513761468,0.26146788990825687,0.8302752293577982
PLTR,2026-05-15,70816470,1.440881,0.0,,,324907692243.0,0.08256880733944955,0.26146788990825687,0.8279816513761468
QCOM,2026-05-15,50442626,1.579531,0.0,,,227600760000.0,0.0963302752293578,0.26146788990825687,0.8211009174311927
PODD,2026-05-15,3014097,1.59725,0.0,,,10612733350.0,0.10091743119266056,0.26146788990825687,0.8188073394495413
HOOD,2026-05-15,37744984,1.673428,0.0,,,74264652051.0,0.10550458715596331,0.26146788990825687,0.8165137614678899
SMCI,2026-05-15,81224279,1.778179,0.0,,,25043065590.0,0.11926605504587157,0.26146788990825687,0.8096330275229358
EBAY,2026-05-15,14423044,1.793164,0.0,,,48661972642.0,0.12385321100917432,0.26146788990825687,0.8073394495412844
CSGP,2026-05-15,18639692,1.890435,0.0,,,13839175181.0,0.12844036697247707,0.26146788990825687,0.805045871559633
FISV,2026-05-15,14208673,1.911145,0.0,,,29025014458.0,0.13302752293577982,0.26146788990825687,0.8027522935779816
DDOG,2026-05-15,15608515,1.912545,0.0,,,83333839847.0,0.13761467889908258,0.26146788990825687,0.8004587155963303
LULU,2026-05-15,6342715,1.917189,0.0,,,12487507542.0,0.14220183486238533,0.26146788990825687,0.7981651376146789
FER,2026-05-15,2828007,1.933524,0.0,,,48066972411.0,0.14678899082568808,0.26146788990825687,0.7958715596330275
NVDA,2026-05-15,296966425,1.943416,0.0,,,4963420000000.0,0.15137614678899083,0.26146788990825687,0.7935779816513762
NXPI,2026-05-15,7873049,1.9577,0.0,,,74721340541.0,0.1559633027522936,0.26146788990825687,0.7912844036697247
GEHC,2026-05-15,12176506,1.984045,0.0,,,29417851801.0,0.16055045871559634,0.26146788990825687,0.7889908256880733
CSCO,2026-05-15,58968443,2.01498,0.0,,,479436112651.0,0.1651376146788991,0.26146788990825687,0.786697247706422
CME,2026-05-15,4782505,2.088189,0.0,,,93271295918.0,0.1743119266055046,0.26146788990825687,0.7821100917431193
META,2026-05-15,32148051,2.144226,0.0,,,1505285019272.0,0.1834862385321101,0.26146788990825687,0.7775229357798166
FFIV,2026-05-15,1455561,2.212539,0.0,,,22192510807.0,0.18807339449541285,0.26146788990825687,0.7752293577981652
NDAQ,2026-05-15,6951478,2.269796,0.0,,,49360400849.0,0.19724770642201836,0.26146788990825687,0.7706422018348624
COO,2026-05-15,5114208,2.275093,0.0,,,13139003561.0,0.2018348623853211,0.26146788990825687,0.768348623853211
MSFT,2026-05-15,77302679,2.34488,0.0,,,3095205888116.0,0.21100917431192662,0.26146788990825687,0.7637614678899083
COIN,2026-05-15,25604551,2.365889,0.0,,,40143853774.0,0.21559633027522937,0.26146788990825687,0.7614678899082569
MCHP,2026-05-15,29256024,2.366589,0.0,,,47887283684.0,0.22018348623853212,0.26146788990825687,0.7591743119266054
ON,2026-05-15,35104463,2.372435,0.0,,,45954568177.0,0.22477064220183487,0.26146788990825687,0.7568807339449541
MSTR,2026-05-15,39548870,2.441602,0.0,,,42207941704.0,0.23394495412844038,0.26146788990825687,0.7522935779816513
PTC,2026-05-15,4130267,2.453247,0.0,,,15824293367.0,0.23853211009174313,0.26146788990825687,0.75
EXE,2026-05-15,6038529,2.470487,0.0,,,22025800127.0,0.24311926605504589,0.26146788990825687,0.7477064220183487
PYPL,2026-05-15,43143105,2.484689,0.0,,,36422135806.0,0.24770642201834864,0.26146788990825687,0.7454128440366973
GOOG,2026-05-15,43535503,2.485965,0.0,,,4431548160000.0,0.25688073394495414,0.26146788990825687,0.7408256880733946
CRWD,2026-05-15,7512730,2.520648,0.0,,,170799096321.0,0.26605504587155965,0.26146788990825687,0.7362385321100917
DASH,2026-05-15,14813731,2.533722,0.0,,,68320695610.0,0.2706422018348624,0.26146788990825687,0.7339449541284404
REG,2026-05-15,3948051,2.611015,0.0,,,14230282519.0,0.2889908256880734,0.26146788990825687,0.7247706422018348
HBAN,2026-05-15,56747631,2.650124,0.0,,,33488197297.0,0.2981651376146789,0.26146788990825687,0.7201834862385321
ROST,2026-05-15,7517564,2.669673,0.0,,,73898336478.0,0.3073394495412844,0.26146788990825687,0.7155963302752294
CMCSA,2026-05-15,85159958,2.688619,0.0,,,85128427415.0,0.3119266055045872,0.26146788990825687,0.713302752293578
ASML,2026-05-15,984988,1.0,0.4014427958930385,284639.0,709040.0,632755597337.0,0.02981651376146789,0.5458715596330275,0.7121559633027523
NWSA,2026-05-15,14515723,2.745894,0.0,,,14923398678.0,0.3256880733944954,0.26146788990825687,0.7064220183486238
CSX,2026-05-15,33724754,2.760165,0.0,,,87313944843.0,0.3302752293577982,0.26146788990825687,0.7041284403669725
AMD,2026-05-15,44696277,1.0,0.41415274606853436,8905389.0,21502668.0,760479526017.0,0.02981651376146789,0.5642201834862385,0.7029816513761469
NFLX,2026-05-15,98015366,2.765141,0.0,,,346043423031.0,0.3348623853211009,0.26146788990825687,0.7018348623853211
DXCM,2026-05-15,17564139,2.783834,0.0,,,28114705104.0,0.3394495412844037,0.26146788990825687,0.6995412844036697
FTNT,2026-05-15,19647622,2.825643,0.0,,,105999569210.0,0.3486238532110092,0.26146788990825687,0.694954128440367
NTRS,2026-05-15,2563382,2.874088,0.0,,,31545006071.0,0.3577981651376147,0.26146788990825687,0.6903669724770642
