Date,Wealth
2019-03-05,1.0
2019-03-06,0.977363686427824
2019-03-07,0.9539367543250719
2019-03-08,0.9277726202325347
2019-03-11,0.9277726202325347
2019-03-12,0.9277726202325347
2019-03-13,0.9277726202325347
2019-03-14,0.9277726202325347
2019-03-15,0.9277726202325347
2019-03-18,0.9277726202325347
2019-03-19,0.9277726202325347
2019-03-20,0.9277726202325347
2019-03-21,0.9277726202325347
2019-03-22,0.8839083338545195
2019-03-25,0.8839083338545195
2019-03-26,0.8839083338545195
2019-03-27,0.8839083338545195
2019-03-28,0.8839083338545195
2019-03-29,0.8839083338545195
2019-04-01,0.8839083338545195
2019-04-02,0.8839083338545195
2019-04-03,0.8839083338545195
2019-04-04,0.8839083338545195
2019-04-05,0.8839083338545195
2019-04-08,0.8839083338545195
2019-04-09,0.8839083338545195
2019-04-10,0.8839083338545195
2019-04-11,0.8839083338545195
2019-04-12,0.8839083338545195
2019-04-15,0.8839083338545195
2019-04-16,0.8502627066357379
2019-04-17,0.8092112559917907
2019-04-18,0.8092112559917907
2019-04-22,0.8092112559917907
2019-04-23,0.8092112559917907
2019-04-24,0.8092112559917907
2019-04-25,0.7598825761126005
2019-04-26,0.7373722097596014
2019-04-29,0.7373722097596014
2019-04-30,0.7373722097596014
2019-05-01,0.7129497281644736
2019-05-02,0.6874970981472066
2019-05-03,0.6874970981472066
2019-05-06,0.6874970981472066
2019-05-07,0.6568818304369871
2019-05-08,0.641977893695981
2019-05-09,0.641977893695981
2019-05-10,0.641977893695981
2019-05-13,0.6094132825998022
2019-05-14,0.6094132825998022
2019-05-15,0.6094132825998022
2019-05-16,0.6094132825998022
2019-05-17,0.6094132825998022
2019-05-20,0.6094132825998022
2019-05-21,0.6094132825998022
2019-05-22,0.6094132825998022
2019-05-23,0.5844169796799474
2019-05-24,0.5844169796799474
2019-05-28,0.5694092471799141
2019-05-29,0.552755062538314
2019-05-30,0.552755062538314
2019-05-31,0.5280795631467429
2019-06-03,0.5014189091602983
2019-06-04,0.5014189091602983
2019-06-05,0.5014189091602983
2019-06-06,0.5014189091602983
2019-06-07,0.5014189091602983
2019-06-10,0.5014189091602983
2019-06-11,0.5014189091602983
2019-06-12,0.5014189091602983
2019-06-13,0.5014189091602983
2019-06-14,0.5014189091602983
2019-06-17,0.5014189091602983
2019-06-18,0.5014189091602983
2019-06-19,0.5014189091602983
2019-06-20,0.5014189091602983
2019-06-21,0.5014189091602983
2019-06-24,0.5014189091602983
2019-06-25,0.48327816345384467
2019-06-26,0.47131899744846073
2019-06-27,0.47131899744846073
2019-06-28,0.47131899744846073
2019-07-01,0.47131899744846073
2019-07-02,0.47131899744846073
2019-07-03,0.47131899744846073
2019-07-05,0.47131899744846073
2019-07-08,0.47131899744846073
2019-07-09,0.47131899744846073
2019-07-10,0.47131899744846073
2019-07-11,0.47131899744846073
2019-07-12,0.47131899744846073
2019-07-15,0.47131899744846073
2019-07-16,0.47131899744846073
2019-07-17,0.4528535407683949
2019-07-18,0.4528535407683949
2019-07-19,0.44349047809495196
2019-07-22,0.44349047809495196
2019-07-23,0.44349047809495196
2019-07-24,0.44349047809495196
2019-07-25,0.44349047809495196
2019-07-26,0.44349047809495196
2019-07-29,0.44349047809495196
2019-07-30,0.44349047809495196
2019-07-31,0.43049334052350435
2019-08-01,0.4069438606783346
2019-08-02,0.3811233178196945
2019-08-05,0.3627772516628364
2019-08-06,0.3627772516628364
2019-08-07,0.3627772516628364
2019-08-08,0.3627772516628364
2019-08-09,0.3627772516628364
2019-08-12,0.3627772516628364
2019-08-13,0.3627772516628364
2019-08-14,0.3627772516628364
2019-08-15,0.3627772516628364
2019-08-16,0.3627772516628364
2019-08-19,0.3627772516628364
2019-08-20,0.3627772516628364
2019-08-21,0.3627772516628364
2019-08-22,0.3627772516628364
2019-08-23,0.3627772516628364
2019-08-26,0.3627772516628364
2019-08-27,0.3627772516628364
2019-08-28,0.3627772516628364
2019-08-29,0.3627772516628364
2019-08-30,0.3627772516628364
2019-09-03,0.3627772516628364
2019-09-04,0.3627772516628364
2019-09-05,0.3627772516628364
2019-09-06,0.3627772516628364
2019-09-09,0.3452759168334981
2019-09-10,0.332221451387648
2019-09-11,0.332221451387648
2019-09-12,0.332221451387648
2019-09-13,0.332221451387648
2019-09-16,0.332221451387648
2019-09-17,0.332221451387648
2019-09-18,0.332221451387648
2019-09-19,0.332221451387648
2019-09-20,0.332221451387648
2019-09-23,0.332221451387648
2019-09-24,0.32050511990528474
2019-09-25,0.32050511990528474
2019-09-26,0.32050511990528474
2019-09-27,0.30569017306182866
2019-09-30,0.30569017306182866
2019-10-01,0.29374244965162394
2019-10-02,0.2844114399378778
2019-10-03,0.2844114399378778
2019-10-04,0.2844114399378778
2019-10-07,0.2844114399378778
2019-10-08,0.27245210057354635
2019-10-09,0.27245210057354635
2019-10-10,0.27245210057354635
2019-10-11,0.27245210057354635
2019-10-14,0.27245210057354635
2019-10-15,0.27245210057354635
2019-10-16,0.27245210057354635
2019-10-17,0.27245210057354635
2019-10-18,0.27245210057354635
2019-10-21,0.27245210057354635
2019-10-22,0.2604190169216995
2019-10-23,0.2604190169216995
2019-10-24,0.2604190169216995
2019-10-25,0.2604190169216995
2019-10-28,0.2604190169216995
2019-10-29,0.2604190169216995
2019-10-30,0.2604190169216995
2019-10-31,0.24752448154722462
2019-11-01,0.24752448154722462
2019-11-04,0.24752448154722462
2019-11-05,0.24109443128473174
2019-11-06,0.24109443128473174
2019-11-07,0.24109443128473174
2019-11-08,0.24109443128473174
2019-11-11,0.24109443128473174
2019-11-12,0.24109443128473174
2019-11-13,0.24109443128473174
2019-11-14,0.24109443128473174
2019-11-15,0.24109443128473174
2019-11-18,0.24109443128473174
2019-11-19,0.24109443128473174
2019-11-20,0.2341994729917451
2019-11-21,0.22949128190381632
2019-11-22,0.22949128190381632
2019-11-25,0.22949128190381632
2019-11-26,0.22949128190381632
2019-11-27,0.22949128190381632
2019-11-29,0.22949128190381632
2019-12-02,0.2218247779455511
2019-12-03,0.2167571408708564
2019-12-04,0.2167571408708564
2019-12-05,0.2167571408708564
2019-12-06,0.2167571408708564
2019-12-09,0.2167571408708564
2019-12-10,0.2167571408708564
2019-12-11,0.2167571408708564
2019-12-12,0.21130518974538126
2019-12-13,0.21130518974538126
2019-12-16,0.21130518974538126
2019-12-17,0.21130518974538126
2019-12-18,0.21130518974538126
2019-12-19,0.21130518974538126
2019-12-20,0.21130518974538126
2019-12-23,0.21130518974538126
2019-12-24,0.21130518974538126
2019-12-26,0.21130518974538126
2019-12-27,0.21130518974538126
2019-12-30,0.21130518974538126
2019-12-31,0.21130518974538126
2020-01-02,0.21130518974538126
2020-01-03,0.2056771879690203
2020-01-06,0.2015806320613594
2020-01-07,0.19769235639917673
2020-01-08,0.19226994570089656
2020-01-09,0.19226994570089656
2020-01-10,0.19226994570089656
2020-01-13,0.19226994570089656
2020-01-14,0.19226994570089656
2020-01-15,0.19226994570089656
2020-01-16,0.19226994570089656
2020-01-17,0.19226994570089656
2020-01-21,0.19226994570089656
2020-01-22,0.19226994570089656
2020-01-23,0.19226994570089656
2020-01-24,0.18645066464127685
2020-01-27,0.17882700985027186
2020-01-28,0.17882700985027186
2020-01-29,0.17882700985027186
2020-01-30,0.17882700985027186
2020-01-31,0.17059428744378033
2020-02-03,0.17059428744378033
2020-02-04,0.17059428744378033
2020-02-05,0.17059428744378033
2020-02-06,0.17059428744378033
2020-02-07,0.17059428744378033
2020-02-10,0.17059428744378033
2020-02-11,0.17059428744378033
2020-02-12,0.17059428744378033
2020-02-13,0.17059428744378033
2020-02-14,0.17059428744378033
2020-02-18,0.17059428744378033
2020-02-19,0.17059428744378033
2020-02-20,0.17059428744378033
2020-02-21,0.1646318897384327
2020-02-24,0.15730576888913303
2020-02-25,0.148620591594399
2020-02-26,0.1430416374467839
2020-02-27,0.13437867330859438
2020-02-28,0.1280608824835988
2020-03-02,0.1280608824835988
2020-03-03,0.1280608824835988
2020-03-04,0.1280608824835988
2020-03-05,0.1280608824835988
2020-03-06,0.1280608824835988
2020-03-09,0.09234015856605093
2020-03-10,0.09234015856605093
2020-03-11,0.08280102386294862
2020-03-12,0.06889041132058109
2020-03-13,0.06889041132058109
2020-03-16,0.05532300206692975
2020-03-17,0.05532300206692975
2020-03-18,0.04345311543012269
2020-03-19,0.04345311543012269
2020-03-20,0.04345311543012269
2020-03-23,0.04345311543012269
2020-03-24,0.04345311543012269
2020-03-25,0.04345311543012269
2020-03-26,0.04345311543012269
2020-03-27,0.04345311543012269
2020-03-30,0.04345311543012269
2020-03-31,0.04345311543012269
2020-04-01,0.04345311543012269
2020-04-02,0.04345311543012269
2020-04-03,0.04345311543012269
2020-04-06,0.04345311543012269
2020-04-07,0.04345311543012269
2020-04-08,0.04345311543012269
2020-04-09,0.04345311543012269
2020-04-13,0.04345311543012269
2020-04-14,0.04345311543012269
2020-04-15,0.04345311543012269
2020-04-16,0.04345311543012269
2020-04-17,0.04345311543012269
2020-04-20,0.04345311543012269
2020-04-21,0.04345311543012269
2020-04-22,0.04345311543012269
2020-04-23,0.04345311543012269
2020-04-24,0.04345311543012269
2020-04-27,0.04345311543012269
2020-04-28,0.04345311543012269
2020-04-29,0.04345311543012269
2020-04-30,0.04345311543012269
2020-05-01,0.04145945889397669
2020-05-04,0.04145945889397669
2020-05-05,0.04145945889397669
2020-05-06,0.04145945889397669
2020-05-07,0.04145945889397669
2020-05-08,0.04145945889397669
2020-05-11,0.04145945889397669
2020-05-12,0.04145945889397669
2020-05-13,0.03946780663102475
2020-05-14,0.03946780663102475
2020-05-15,0.03946780663102475
2020-05-18,0.03946780663102475
2020-05-19,0.03946780663102475
2020-05-20,0.03946780663102475
2020-05-21,0.03946780663102475
2020-05-22,0.03946780663102475
2020-05-26,0.03946780663102475
2020-05-27,0.03946780663102475
2020-05-28,0.03946780663102475
2020-05-29,0.03946780663102475
2020-06-01,0.03946780663102475
2020-06-02,0.03946780663102475
2020-06-03,0.03946780663102475
2020-06-04,0.03946780663102475
2020-06-05,0.03946780663102475
2020-06-08,0.03946780663102475
2020-06-09,0.03946780663102475
2020-06-10,0.03946780663102475
2020-06-11,0.0368239396302955
2020-06-12,0.0368239396302955
2020-06-15,0.0368239396302955
2020-06-16,0.0368239396302955
2020-06-17,0.0368239396302955
2020-06-18,0.0368239396302955
2020-06-19,0.0368239396302955
2020-06-22,0.0368239396302955
2020-06-23,0.0368239396302955
2020-06-24,0.0368239396302955
2020-06-25,0.0368239396302955
2020-06-26,0.0368239396302955
2020-06-29,0.0368239396302955
2020-06-30,0.0368239396302955
2020-07-01,0.0368239396302955
2020-07-02,0.0368239396302955
2020-07-06,0.0368239396302955
2020-07-07,0.0368239396302955
2020-07-08,0.0368239396302955
2020-07-09,0.0368239396302955
2020-07-10,0.0368239396302955
2020-07-13,0.0368239396302955
2020-07-14,0.0368239396302955
2020-07-15,0.0368239396302955
2020-07-16,0.0368239396302955
2020-07-17,0.0368239396302955
2020-07-20,0.0368239396302955
2020-07-21,0.0368239396302955
2020-07-22,0.0368239396302955
2020-07-23,0.0368239396302955
2020-07-24,0.0368239396302955
2020-07-27,0.0368239396302955
2020-07-28,0.0368239396302955
2020-07-29,0.0368239396302955
2020-07-30,0.035165844472748446
2020-07-31,0.03421279881988987
2020-08-03,0.03421279881988987
2020-08-04,0.03421279881988987
2020-08-05,0.03421279881988987
2020-08-06,0.03421279881988987
2020-08-07,0.03421279881988987
2020-08-10,0.03421279881988987
2020-08-11,0.03321584621191489
2020-08-12,0.03321584621191489
2020-08-13,0.03321584621191489
2020-08-14,0.03321584621191489
2020-08-17,0.03321584621191489
2020-08-18,0.03321584621191489
2020-08-19,0.03321584621191489
2020-08-20,0.03321584621191489
2020-08-21,0.03321584621191489
2020-08-24,0.03321584621191489
2020-08-25,0.03321584621191489
2020-08-26,0.03321584621191489
2020-08-27,0.03321584621191489
2020-08-28,0.03321584621191489
2020-08-31,0.03321584621191489
2020-09-01,0.03321584621191489
2020-09-02,0.03321584621191489
2020-09-03,0.03101102296269009
2020-09-04,0.03016874650303253
2020-09-08,0.028058045162983738
2020-09-09,0.028058045162983738
2020-09-10,0.026869429362076026
2020-09-11,0.026869429362076026
2020-09-14,0.026869429362076026
2020-09-15,0.026869429362076026
2020-09-16,0.026869429362076026
2020-09-17,0.026869429362076026
2020-09-18,0.026869429362076026
2020-09-21,0.025349724637269495
2020-09-22,0.025349724637269495
2020-09-23,0.02421587491741761
2020-09-24,0.02421587491741761
2020-09-25,0.02421587491741761
2020-09-28,0.02421587491741761
2020-09-29,0.02421587491741761
2020-09-30,0.02421587491741761
2020-10-01,0.02421587491741761
2020-10-02,0.02421587491741761
2020-10-05,0.02421587491741761
2020-10-06,0.02421587491741761
2020-10-07,0.02421587491741761
2020-10-08,0.02421587491741761
2020-10-09,0.02421587491741761
2020-10-12,0.02421587491741761
2020-10-13,0.02421587491741761
2020-10-14,0.02421587491741761
2020-10-15,0.02421587491741761
2020-10-16,0.02421587491741761
2020-10-19,0.02356112701841854
2020-10-20,0.02356112701841854
2020-10-21,0.022656656224929333
2020-10-22,0.021726096413864998
2020-10-23,0.021726096413864998
2020-10-26,0.020877049051269744
2020-10-27,0.019900760625924253
2020-10-28,0.018838115133593396
2020-10-29,0.018201015906631462
2020-10-30,0.017312613253952797
2020-11-02,0.017312613253952797
2020-11-03,0.017312613253952797
2020-11-04,0.017312613253952797
2020-11-05,0.017312613253952797
2020-11-06,0.017312613253952797
2020-11-09,0.017312613253952797
2020-11-10,0.017312613253952797
2020-11-11,0.017312613253952797
2020-11-12,0.017312613253952797
2020-11-13,0.017312613253952797
2020-11-16,0.017312613253952797
2020-11-17,0.017312613253952797
2020-11-18,0.017312613253952797
2020-11-19,0.017312613253952797
2020-11-20,0.017312613253952797
2020-11-23,0.017312613253952797
2020-11-24,0.017312613253952797
2020-11-25,0.017312613253952797
2020-11-27,0.017312613253952797
2020-11-30,0.017312613253952797
2020-12-01,0.017312613253952797
2020-12-02,0.017312613253952797
2020-12-03,0.017312613253952797
2020-12-04,0.017312613253952797
2020-12-07,0.017312613253952797
2020-12-08,0.017312613253952797
2020-12-09,0.017312613253952797
2020-12-10,0.017312613253952797
2020-12-11,0.017312613253952797
2020-12-14,0.016788516620704255
2020-12-15,0.016788516620704255
2020-12-16,0.016788516620704255
2020-12-17,0.016788516620704255
2020-12-18,0.016788516620704255
2020-12-21,0.016788516620704255
2020-12-22,0.016788516620704255
2020-12-23,0.016788516620704255
2020-12-24,0.016788516620704255
2020-12-28,0.016788516620704255
2020-12-29,0.016788516620704255
2020-12-30,0.016788516620704255
2020-12-31,0.016788516620704255
2021-01-04,0.016101766242263445
2021-01-05,0.016101766242263445
2021-01-06,0.015531865506354532
2021-01-07,0.015531865506354532
2021-01-08,0.015531865506354532
2021-01-11,0.015531865506354532
2021-01-12,0.015531865506354532
2021-01-13,0.015531865506354532
2021-01-14,0.015531865506354532
2021-01-15,0.015531865506354532
2021-01-19,0.015531865506354532
2021-01-20,0.015531865506354532
2021-01-21,0.015531865506354532
2021-01-22,0.015531865506354532
2021-01-25,0.015056251223505897
2021-01-26,0.014524107627342247
2021-01-27,0.013742557087417333
2021-01-28,0.013742557087417333
2021-01-29,0.013187852186159598
2021-02-01,0.013187852186159598
2021-02-02,0.013187852186159598
2021-02-03,0.013187852186159598
2021-02-04,0.013187852186159598
2021-02-05,0.013187852186159598
2021-02-08,0.013187852186159598
2021-02-09,0.013187852186159598
2021-02-10,0.013187852186159598
2021-02-11,0.013187852186159598
2021-02-12,0.013187852186159598
2021-02-16,0.013187852186159598
2021-02-17,0.013187852186159598
2021-02-18,0.013187852186159598
2021-02-19,0.013187852186159598
2021-02-22,0.012532757074091691
2021-02-23,0.012130594188971087
2021-02-24,0.012130594188971087
2021-02-25,0.011436899346604017
2021-02-26,0.010969754641242346
2021-03-01,0.010969754641242346
2021-03-02,0.010969754641242346
2021-03-03,0.010969754641242346
2021-03-04,0.010390506578693509
2021-03-05,0.010390506578693509
2021-03-08,0.010390506578693509
2021-03-09,0.010390506578693509
2021-03-10,0.010390506578693509
2021-03-11,0.010390506578693509
2021-03-12,0.010390506578693509
2021-03-15,0.010390506578693509
2021-03-16,0.010390506578693509
2021-03-17,0.010390506578693509
2021-03-18,0.010390506578693509
2021-03-19,0.010390506578693509
2021-03-22,0.010390506578693509
2021-03-23,0.009987146284718602
2021-03-24,0.009987146284718602
2021-03-25,0.009987146284718602
2021-03-26,0.009987146284718602
2021-03-29,0.009987146284718602
2021-03-30,0.009987146284718602
2021-03-31,0.009987146284718602
2021-04-01,0.009987146284718602
2021-04-05,0.009987146284718602
2021-04-06,0.009987146284718602
2021-04-07,0.009987146284718602
2021-04-08,0.009987146284718602
2021-04-09,0.009987146284718602
2021-04-12,0.009987146284718602
2021-04-13,0.009987146284718602
2021-04-14,0.009987146284718602
2021-04-15,0.009987146284718602
2021-04-16,0.009987146284718602
2021-04-19,0.009987146284718602
2021-04-20,0.009608728750642354
2021-04-21,0.009608728750642354
2021-04-22,0.009608728750642354
2021-04-23,0.009608728750642354
2021-04-26,0.009608728750642354
2021-04-27,0.009608728750642354
2021-04-28,0.009608728750642354
2021-04-29,0.009608728750642354
2021-04-30,0.009608728750642354
2021-05-03,0.009608728750642354
2021-05-04,0.009295600490812059
2021-05-05,0.009015888197930148
2021-05-06,0.009015888197930148
2021-05-07,0.009015888197930148
2021-05-10,0.009015888197930148
2021-05-11,0.009015888197930148
2021-05-12,0.008646641531878597
2021-05-13,0.008646641531878597
2021-05-14,0.008646641531878597
2021-05-17,0.008646641531878597
2021-05-18,0.008646641531878597
2021-05-19,0.008646641531878597
2021-05-20,0.008646641531878597
2021-05-21,0.008646641531878597
2021-05-24,0.008646641531878597
2021-05-25,0.008646641531878597
2021-05-26,0.008646641531878597
2021-05-27,0.008646641531878597
2021-05-28,0.008646641531878597
2021-06-01,0.008646641531878597
2021-06-02,0.008646641531878597
2021-06-03,0.008646641531878597
2021-06-04,0.008646641531878597
2021-06-07,0.008646641531878597
2021-06-08,0.008646641531878597
2021-06-09,0.008428221340786453
2021-06-10,0.008233913115762643
2021-06-11,0.008233913115762643
2021-06-14,0.008233913115762643
2021-06-15,0.008233913115762643
2021-06-16,0.008037987512758318
2021-06-17,0.007732172435098316
2021-06-18,0.007486017074164242
2021-06-21,0.007486017074164242
2021-06-22,0.007486017074164242
2021-06-23,0.007486017074164242
2021-06-24,0.007486017074164242
2021-06-25,0.007486017074164242
2021-06-28,0.007486017074164242
2021-06-29,0.007486017074164242
2021-06-30,0.007486017074164242
2021-07-01,0.007486017074164242
2021-07-02,0.007486017074164242
2021-07-06,0.007486017074164242
2021-07-07,0.007486017074164242
2021-07-08,0.007486017074164242
2021-07-09,0.007486017074164242
2021-07-12,0.007486017074164242
2021-07-13,0.007486017074164242
2021-07-14,0.007486017074164242
2021-07-15,0.007486017074164242
2021-07-16,0.007285861956738374
2021-07-19,0.007020332605916559
2021-07-20,0.007020332605916559
2021-07-21,0.007020332605916559
2021-07-22,0.007020332605916559
2021-07-23,0.007020332605916559
2021-07-26,0.007020332605916559
2021-07-27,0.007020332605916559
2021-07-28,0.007020332605916559
2021-07-29,0.007020332605916559
2021-07-30,0.007020332605916559
2021-08-02,0.007020332605916559
2021-08-03,0.007020332605916559
2021-08-04,0.007020332605916559
2021-08-05,0.007020332605916559
2021-08-06,0.007020332605916559
2021-08-09,0.007020332605916559
2021-08-10,0.006849546646398004
2021-08-11,0.006849546646398004
2021-08-12,0.006849546646398004
2021-08-13,0.006849546646398004
2021-08-16,0.006849546646398004
2021-08-17,0.0066444729598263905
2021-08-18,0.006491804030252644
2021-08-19,0.006324871841401746
2021-08-20,0.006324871841401746
2021-08-23,0.006324871841401746
2021-08-24,0.006324871841401746
2021-08-25,0.006324871841401746
2021-08-26,0.006324871841401746
2021-08-27,0.006324871841401746
2021-08-30,0.006324871841401746
2021-08-31,0.006324871841401746
2021-09-01,0.006324871841401746
2021-09-02,0.006324871841401746
2021-09-03,0.006324871841401746
2021-09-07,0.006132783901344193
2021-09-08,0.006132783901344193
2021-09-09,0.005973580641630928
2021-09-10,0.005784783856504631
2021-09-13,0.005643917359927228
2021-09-14,0.0054436816360149114
2021-09-15,0.0054436816360149114
2021-09-16,0.0054436816360149114
2021-09-17,0.005300045150007667
2021-09-20,0.005077474144132055
2021-09-21,0.004984675143757363
2021-09-22,0.004984675143757363
2021-09-23,0.004984675143757363
2021-09-24,0.004984675143757363
2021-09-27,0.004984675143757363
2021-09-28,0.0047601481451876974
2021-09-29,0.0047601481451876974
2021-09-30,0.004572675967444994
2021-10-01,0.004572675967444994
2021-10-04,0.004572675967444994
2021-10-05,0.004572675967444994
2021-10-06,0.004572675967444994
2021-10-07,0.004572675967444994
2021-10-08,0.004572675967444994
2021-10-11,0.004572675967444994
2021-10-12,0.004572675967444994
2021-10-13,0.004572675967444994
2021-10-14,0.004572675967444994
2021-10-15,0.004572675967444994
2021-10-18,0.004572675967444994
2021-10-19,0.004572675967444994
2021-10-20,0.004572675967444994
2021-10-21,0.004572675967444994
2021-10-22,0.004572675967444994
2021-10-25,0.004572675967444994
2021-10-26,0.004572675967444994
2021-10-27,0.004337021273795518
2021-10-28,0.004337021273795518
2021-10-29,0.004337021273795518
2021-11-01,0.004337021273795518
2021-11-02,0.004337021273795518
2021-11-03,0.004337021273795518
2021-11-04,0.004337021273795518
2021-11-05,0.004337021273795518
2021-11-08,0.004337021273795518
2021-11-09,0.004337021273795518
2021-11-10,0.004337021273795518
2021-11-11,0.004337021273795518
2021-11-12,0.004337021273795518
2021-11-15,0.004337021273795518
2021-11-16,0.004337021273795518
2021-11-17,0.004337021273795518
2021-11-18,0.004337021273795518
2021-11-19,0.004173610997975735
2021-11-22,0.004028377641692391
2021-11-23,0.004028377641692391
2021-11-24,0.004028377641692391
2021-11-26,0.0038679334718614523
2021-11-29,0.0038679334718614523
2021-11-30,0.003715916416084983
2021-12-01,0.0035654568544626177
2021-12-02,0.0035654568544626177
2021-12-03,0.0035654568544626177
2021-12-06,0.0035654568544626177
2021-12-07,0.0035654568544626177
2021-12-08,0.0035654568544626177
2021-12-09,0.0035654568544626177
2021-12-10,0.0035654568544626177
2021-12-13,0.0035654568544626177
2021-12-14,0.0035654568544626177
2021-12-15,0.0035654568544626177
2021-12-16,0.0035654568544626177
2021-12-17,0.0035654568544626177
2021-12-20,0.003456798792296031
2021-12-21,0.003456798792296031
2021-12-22,0.003456798792296031
2021-12-23,0.003456798792296031
2021-12-27,0.003456798792296031
2021-12-28,0.003456798792296031
2021-12-29,0.003456798792296031
2021-12-30,0.003456798792296031
2021-12-31,0.003456798792296031
2022-01-03,0.003456798792296031
2022-01-04,0.0033203056815554713
2022-01-05,0.0031421157182788865
2022-01-06,0.0030258350876322684
2022-01-07,0.002927112054410508
2022-01-10,0.0028243921931890583
2022-01-11,0.0028243921931890583
2022-01-12,0.0028243921931890583
2022-01-13,0.0028243921931890583
2022-01-14,0.0028243921931890583
2022-01-18,0.0027259050815820218
2022-01-19,0.0026250249801567076
2022-01-20,0.002533037807801948
2022-01-21,0.0023535638165391296
2022-01-24,0.0023535638165391296
2022-01-25,0.002266643134074035
2022-01-26,0.002160697211785935
2022-01-27,0.002160697211785935
2022-01-28,0.002160697211785935
2022-01-31,0.002160697211785935
2022-02-01,0.002160697211785935
2022-02-02,0.002160697211785935
2022-02-03,0.002160697211785935
2022-02-04,0.002160697211785935
2022-02-07,0.002160697211785935
2022-02-08,0.002160697211785935
2022-02-09,0.002160697211785935
2022-02-10,0.002160697211785935
2022-02-11,0.002160697211785935
2022-02-14,0.002160697211785935
2022-02-15,0.002160697211785935
2022-02-16,0.002160697211785935
2022-02-17,0.002037150807128307
2022-02-18,0.002037150807128307
2022-02-22,0.001951015191251499
2022-02-23,0.001821148137239173
2022-02-24,0.001749789377815222
2022-02-25,0.001749789377815222
2022-02-28,0.001749789377815222
2022-03-01,0.0016317868797867607
2022-03-02,0.0016317868797867607
2022-03-03,0.0016317868797867607
2022-03-04,0.0016317868797867607
2022-03-07,0.0014909440270404752
2022-03-08,0.0014205893945741037
2022-03-09,0.0014205893945741037
2022-03-10,0.0014205893945741037
2022-03-11,0.0014205893945741037
2022-03-14,0.0014205893945741037
2022-03-15,0.0014205893945741037
2022-03-16,0.0014205893945741037
2022-03-17,0.0014205893945741037
2022-03-18,0.0014205893945741037
2022-03-21,0.0014205893945741037
2022-03-22,0.0014205893945741037
2022-03-23,0.0014205893945741037
2022-03-24,0.0014205893945741037
2022-03-25,0.0014205893945741037
2022-03-28,0.0014205893945741037
2022-03-29,0.0014205893945741037
2022-03-30,0.0014205893945741037
2022-03-31,0.0013685246707862437
2022-04-01,0.0013178307095294004
2022-04-04,0.0013178307095294004
2022-04-05,0.001262612665595686
2022-04-06,0.001206314491047113
2022-04-07,0.001206314491047113
2022-04-08,0.001206314491047113
2022-04-11,0.0011696726252359655
2022-04-12,0.0011390916134419219
2022-04-13,0.0011390916134419219
2022-04-14,0.0011390916134419219
2022-04-18,0.0011390916134419219
2022-04-19,0.0011390916134419219
2022-04-20,0.0011390916134419219
2022-04-21,0.0010742317008815402
2022-04-22,0.0010065461769946944
2022-04-25,0.0009763005449407765
2022-04-26,0.000926857425311676
2022-04-27,0.000926857425311676
2022-04-28,0.000926857425311676
2022-04-29,0.000865283673553074
2022-05-02,0.0008359129083542119
2022-05-03,0.0008359129083542119
2022-05-04,0.0008359129083542119
2022-05-05,0.0008359129083542119
2022-05-06,0.0008359129083542119
2022-05-09,0.0007364985781335942
2022-05-10,0.0007364985781335942
2022-05-11,0.0007364985781335942
2022-05-12,0.0007364985781335942
2022-05-13,0.0007364985781335942
2022-05-16,0.0007364985781335942
2022-05-17,0.0007364985781335942
2022-05-18,0.0006664873916342782
2022-05-19,0.0006664873916342782
2022-05-20,0.0006664873916342782
2022-05-23,0.0006664873916342782
2022-05-24,0.0006664873916342782
2022-05-25,0.0006664873916342782
2022-05-26,0.0006664873916342782
2022-05-27,0.0006664873916342782
2022-05-31,0.0006664873916342782
2022-06-01,0.0006664873916342782
2022-06-02,0.0006664873916342782
2022-06-03,0.0006664873916342782
2022-06-06,0.0006664873916342782
2022-06-07,0.0006664873916342782
2022-06-08,0.0006664873916342782
2022-06-09,0.0006434740692495569
2022-06-10,0.0006111244424695472
2022-06-13,0.0005647038607209997
2022-06-14,0.000540990881546969
2022-06-15,0.000540990881546969
2022-06-16,0.000502166489725384
2022-06-17,0.000502166489725384
2022-06-21,0.000502166489725384
2022-06-22,0.000502166489725384
2022-06-23,0.000502166489725384
2022-06-24,0.000502166489725384
2022-06-27,0.000502166489725384
2022-06-28,0.000502166489725384
2022-06-29,0.000502166489725384
2022-06-30,0.000502166489725384
2022-07-01,0.000502166489725384
2022-07-05,0.000502166489725384
2022-07-06,0.000502166489725384
2022-07-07,0.000502166489725384
2022-07-08,0.000502166489725384
2022-07-11,0.000502166489725384
2022-07-12,0.000502166489725384
2022-07-13,0.000502166489725384
2022-07-14,0.000481797565125565
2022-07-15,0.000481797565125565
2022-07-18,0.000481797565125565
2022-07-19,0.000481797565125565
2022-07-20,0.000481797565125565
2022-07-21,0.000481797565125565
2022-07-22,0.000481797565125565
2022-07-25,0.000481797565125565
2022-07-26,0.000481797565125565
2022-07-27,0.000481797565125565
2022-07-28,0.000481797565125565
2022-07-29,0.000481797565125565
2022-08-01,0.000481797565125565
2022-08-02,0.000481797565125565
2022-08-03,0.000481797565125565
2022-08-04,0.000481797565125565
2022-08-05,0.000481797565125565
2022-08-08,0.000481797565125565
2022-08-09,0.000481797565125565
2022-08-10,0.000481797565125565
2022-08-11,0.000481797565125565
2022-08-12,0.000481797565125565
2022-08-15,0.000481797565125565
2022-08-16,0.000481797565125565
2022-08-17,0.000481797565125565
2022-08-18,0.000481797565125565
2022-08-19,0.0004612370194661149
2022-08-22,0.000447063200849431
2022-08-23,0.00043828667384448365
2022-08-24,0.00043828667384448365
2022-08-25,0.00043828667384448365
2022-08-26,0.0004151920880431369
2022-08-29,0.0004151920880431369
2022-08-30,0.0004151920880431369
2022-08-31,0.0004151920880431369
2022-09-01,0.0004151920880431369
2022-09-02,0.0004151920880431369
2022-09-06,0.0004151920880431369
2022-09-07,0.0004151920880431369
2022-09-08,0.0004151920880431369
2022-09-09,0.0004151920880431369
2022-09-12,0.0004151920880431369
2022-09-13,0.0004151920880431369
2022-09-14,0.0004151920880431369
2022-09-15,0.0004151920880431369
2022-09-16,0.0004151920880431369
2022-09-19,0.0004151920880431369
2022-09-20,0.0004151920880431369
2022-09-21,0.0004151920880431369
2022-09-22,0.00039343818824669126
2022-09-23,0.0003674793506798643
2022-09-26,0.00035369045261686747
2022-09-27,0.00035369045261686747
2022-09-28,0.00035369045261686747
2022-09-29,0.00035369045261686747
2022-09-30,0.00035369045261686747
2022-10-03,0.00035369045261686747
2022-10-04,0.00035369045261686747
2022-10-05,0.00035369045261686747
2022-10-06,0.00035369045261686747
2022-10-07,0.00035369045261686747
2022-10-10,0.00035369045261686747
2022-10-11,0.00035369045261686747
2022-10-12,0.00035369045261686747
2022-10-13,0.00035369045261686747
2022-10-14,0.00035369045261686747
2022-10-17,0.00035369045261686747
2022-10-18,0.00035369045261686747
2022-10-19,0.00035369045261686747
2022-10-20,0.00035369045261686747
2022-10-21,0.00035369045261686747
2022-10-24,0.00035369045261686747
2022-10-25,0.00035369045261686747
2022-10-26,0.00035369045261686747
2022-10-27,0.00035369045261686747
2022-10-28,0.00035369045261686747
2022-10-31,0.00035369045261686747
2022-11-01,0.00035369045261686747
2022-11-02,0.00035369045261686747
2022-11-03,0.00032377701785531366
2022-11-04,0.00032377701785531366
2022-11-07,0.00032377701785531366
2022-11-08,0.00032377701785531366
2022-11-09,0.00032377701785531366
2022-11-10,0.00032377701785531366
2022-11-11,0.0003086821605606787
2022-11-14,0.0003086821605606787
2022-11-15,0.0003086821605606787
2022-11-16,0.0003086821605606787
2022-11-17,0.0003086821605606787
2022-11-18,0.0003086821605606787
2022-11-21,0.0003086821605606787
2022-11-22,0.0003086821605606787
2022-11-23,0.0003086821605606787
2022-11-25,0.0003086821605606787
2022-11-28,0.0003086821605606787
2022-11-29,0.0003086821605606787
2022-11-30,0.0003086821605606787
2022-12-01,0.0003086821605606787
2022-12-02,0.0003086821605606787
2022-12-05,0.00029485551472892025
2022-12-06,0.000280935437637992
2022-12-07,0.00026556559889030464
2022-12-08,0.00026556559889030464
2022-12-09,0.0002572987223308418
2022-12-12,0.0002572987223308418
2022-12-13,0.0002572987223308418
2022-12-14,0.0002572987223308418
2022-12-15,0.0002470353637747581
2022-12-16,0.0002386759256379293
2022-12-19,0.00023142357606346754
2022-12-20,0.00023142357606346754
2022-12-21,0.00023142357606346754
2022-12-22,0.00023142357606346754
2022-12-23,0.00023142357606346754
2022-12-27,0.00023142357606346754
2022-12-28,0.00023142357606346754
2022-12-29,0.00023142357606346754
2022-12-30,0.00023142357606346754
2023-01-03,0.00023142357606346754
2023-01-04,0.00023142357606346754
2023-01-05,0.00022287106196887998
2023-01-06,0.00022287106196887998
2023-01-09,0.00022287106196887998
2023-01-10,0.00022287106196887998
2023-01-11,0.00022287106196887998
2023-01-12,0.00022287106196887998
2023-01-13,0.00022287106196887998
2023-01-17,0.00022287106196887998
2023-01-18,0.00021508407596399515
2023-01-19,0.00020791723083124345
2023-01-20,0.00020791723083124345
2023-01-23,0.00020791723083124345
2023-01-24,0.00020791723083124345
2023-01-25,0.00020791723083124345
2023-01-26,0.00020791723083124345
2023-01-27,0.00020791723083124345
2023-01-30,0.00020791723083124345
2023-01-31,0.00020791723083124345
2023-02-01,0.00020791723083124345
2023-02-02,0.00020791723083124345
2023-02-03,0.00020791723083124345
2023-02-06,0.00020791723083124345
2023-02-07,0.00020791723083124345
2023-02-08,0.00020791723083124345
2023-02-09,0.00019824165357071514
2023-02-10,0.00019824165357071514
2023-02-13,0.00019824165357071514
2023-02-14,0.00019824165357071514
2023-02-15,0.00019824165357071514
2023-02-16,0.00019824165357071514
2023-02-17,0.00019824165357071514
2023-02-21,0.00018895031282727646
2023-02-22,0.00018343820559788888
2023-02-23,0.00018343820559788888
2023-02-24,0.00018343820559788888
2023-02-27,0.00018343820559788888
2023-02-28,0.00018343820559788888
2023-03-01,0.00017974458669235693
2023-03-02,0.00017974458669235693
2023-03-03,0.00017974458669235693
2023-03-06,0.00017974458669235693
2023-03-07,0.00017974458669235693
2023-03-08,0.00017974458669235693
2023-03-09,0.0001705529845687857
2023-03-10,0.00016034232367037097
2023-03-13,0.0001450398008031937
2023-03-14,0.0001450398008031937
2023-03-15,0.00013564984771857473
2023-03-16,0.00013564984771857473
2023-03-17,0.00013564984771857473
2023-03-20,0.00013564984771857473
2023-03-21,0.00013564984771857473
2023-03-22,0.00013564984771857473
2023-03-23,0.00013564984771857473
2023-03-24,0.00013564984771857473
2023-03-27,0.00013564984771857473
2023-03-28,0.00013564984771857473
2023-03-29,0.00013564984771857473
2023-03-30,0.00013564984771857473
2023-03-31,0.00013564984771857473
2023-04-03,0.00013564984771857473
2023-04-04,0.00013564984771857473
2023-04-05,0.00013564984771857473
2023-04-06,0.00013564984771857473
2023-04-10,0.00013564984771857473
2023-04-11,0.00013564984771857473
2023-04-12,0.00013564984771857473
2023-04-13,0.00013564984771857473
2023-04-14,0.00013564984771857473
2023-04-17,0.00013564984771857473
2023-04-18,0.00013564984771857473
2023-04-19,0.00013564984771857473
2023-04-20,0.00013053434291224417
2023-04-21,0.00013053434291224417
2023-04-24,0.00013053434291224417
2023-04-25,0.0001222672370393517
2023-04-26,0.00011753152373555037
2023-04-27,0.00011753152373555037
2023-04-28,0.00011753152373555037
2023-05-01,0.00011753152373555037
2023-05-02,0.00011011003073817641
2023-05-03,0.00010495883544063125
2023-05-04,9.84328714588894e-05
2023-05-05,9.84328714588894e-05
2023-05-08,9.84328714588894e-05
2023-05-09,9.84328714588894e-05
2023-05-10,9.84328714588894e-05
2023-05-11,9.84328714588894e-05
2023-05-12,9.84328714588894e-05
2023-05-15,9.84328714588894e-05
2023-05-16,9.578873456175559e-05
2023-05-17,9.578873456175559e-05
2023-05-18,9.578873456175559e-05
2023-05-19,9.578873456175559e-05
2023-05-22,9.578873456175559e-05
2023-05-23,9.21744780448595e-05
2023-05-24,9.00890657861425e-05
2023-05-25,8.729082636370599e-05
2023-05-26,8.729082636370599e-05
2023-05-30,8.729082636370599e-05
2023-05-31,8.729082636370599e-05
2023-06-01,8.729082636370599e-05
2023-06-02,8.729082636370599e-05
2023-06-05,8.729082636370599e-05
2023-06-06,8.729082636370599e-05
2023-06-07,8.729082636370599e-05
2023-06-08,8.729082636370599e-05
2023-06-09,8.729082636370599e-05
2023-06-12,8.729082636370599e-05
2023-06-13,8.729082636370599e-05
2023-06-14,8.729082636370599e-05
2023-06-15,8.729082636370599e-05
2023-06-16,8.729082636370599e-05
2023-06-20,8.729082636370599e-05
2023-06-21,8.729082636370599e-05
2023-06-22,8.519819910329653e-05
2023-06-23,8.324692983276978e-05
2023-06-26,8.324692983276978e-05
2023-06-27,8.324692983276978e-05
2023-06-28,8.324692983276978e-05
2023-06-29,8.324692983276978e-05
2023-06-30,8.324692983276978e-05
2023-07-03,8.324692983276978e-05
2023-07-05,8.324692983276978e-05
2023-07-06,8.324692983276978e-05
2023-07-07,8.324692983276978e-05
2023-07-10,8.324692983276978e-05
2023-07-11,8.324692983276978e-05
2023-07-12,8.324692983276978e-05
2023-07-13,8.324692983276978e-05
2023-07-14,8.324692983276978e-05
2023-07-17,8.324692983276978e-05
2023-07-18,8.324692983276978e-05
2023-07-19,8.324692983276978e-05
2023-07-20,8.324692983276978e-05
2023-07-21,8.324692983276978e-05
2023-07-24,8.324692983276978e-05
2023-07-25,8.324692983276978e-05
2023-07-26,8.324692983276978e-05
2023-07-27,7.839737080618144e-05
2023-07-28,7.839737080618144e-05
2023-07-31,7.839737080618144e-05
2023-08-01,7.839737080618144e-05
2023-08-02,7.500501770005523e-05
2023-08-03,7.073363151707296e-05
2023-08-04,6.607808595902119e-05
2023-08-07,6.607808595902119e-05
2023-08-08,6.607808595902119e-05
2023-08-09,6.607808595902119e-05
2023-08-10,6.607808595902119e-05
2023-08-11,6.607808595902119e-05
2023-08-14,6.607808595902119e-05
2023-08-15,6.432293820597658e-05
2023-08-16,6.170874068084488e-05
2023-08-17,5.9164787790005706e-05
2023-08-18,5.9164787790005706e-05
2023-08-21,5.9164787790005706e-05
2023-08-22,5.9164787790005706e-05
2023-08-23,5.9164787790005706e-05
2023-08-24,5.9164787790005706e-05
2023-08-25,5.9164787790005706e-05
2023-08-28,5.9164787790005706e-05
2023-08-29,5.9164787790005706e-05
2023-08-30,5.9164787790005706e-05
2023-08-31,5.9164787790005706e-05
2023-09-01,5.9164787790005706e-05
2023-09-05,5.761243309112344e-05
2023-09-06,5.6212648132898096e-05
2023-09-07,5.6212648132898096e-05
2023-09-08,5.6212648132898096e-05
2023-09-11,5.6212648132898096e-05
2023-09-12,5.6212648132898096e-05
2023-09-13,5.6212648132898096e-05
2023-09-14,5.6212648132898096e-05
2023-09-15,5.4347136137685096e-05
2023-09-18,5.4347136137685096e-05
2023-09-19,5.4347136137685096e-05
2023-09-20,5.4347136137685096e-05
2023-09-21,5.211311109563991e-05
2023-09-22,5.090106239624792e-05
2023-09-25,5.090106239624792e-05
2023-09-26,4.8977888258731274e-05
2023-09-27,4.787235873457361e-05
2023-09-28,4.787235873457361e-05
2023-09-29,4.787235873457361e-05
2023-10-02,4.787235873457361e-05
2023-10-03,4.6392631789638285e-05
2023-10-04,4.6392631789638285e-05
2023-10-05,4.6392631789638285e-05
2023-10-06,4.6392631789638285e-05
2023-10-09,4.6392631789638285e-05
2023-10-10,4.6392631789638285e-05
2023-10-11,4.6392631789638285e-05
2023-10-12,4.440893021545818e-05
2023-10-13,4.440893021545818e-05
2023-10-16,4.440893021545818e-05
2023-10-17,4.440893021545818e-05
2023-10-18,4.440893021545818e-05
2023-10-19,4.2138803406936934e-05
2023-10-20,4.049024806313668e-05
2023-10-23,4.049024806313668e-05
2023-10-24,4.049024806313668e-05
2023-10-25,3.819489819755722e-05
2023-10-26,3.547915183556793e-05
2023-10-27,3.361956958674397e-05
2023-10-30,3.361956958674397e-05
2023-10-31,3.361956958674397e-05
2023-11-01,3.361956958674397e-05
2023-11-02,3.361956958674397e-05
2023-11-03,3.361956958674397e-05
2023-11-06,3.361956958674397e-05
2023-11-07,3.361956958674397e-05
2023-11-08,3.361956958674397e-05
2023-11-09,3.361956958674397e-05
2023-11-10,3.361956958674397e-05
2023-11-13,3.361956958674397e-05
2023-11-14,3.361956958674397e-05
2023-11-15,3.361956958674397e-05
2023-11-16,3.361956958674397e-05
2023-11-17,3.361956958674397e-05
2023-11-20,3.361956958674397e-05
2023-11-21,3.361956958674397e-05
2023-11-22,3.361956958674397e-05
2023-11-24,3.361956958674397e-05
2023-11-27,3.361956958674397e-05
2023-11-28,3.361956958674397e-05
2023-11-29,3.271060692490786e-05
2023-11-30,3.271060692490786e-05
2023-12-01,3.271060692490786e-05
2023-12-04,3.20028768946457e-05
2023-12-05,3.111580234511046e-05
2023-12-06,3.0043342232862644e-05
2023-12-07,3.0043342232862644e-05
2023-12-08,3.0043342232862644e-05
2023-12-11,3.0043342232862644e-05
2023-12-12,3.0043342232862644e-05
2023-12-13,3.0043342232862644e-05
2023-12-14,3.0043342232862644e-05
2023-12-15,3.0043342232862644e-05
2023-12-18,3.0043342232862644e-05
2023-12-19,3.0043342232862644e-05
2023-12-20,3.0043342232862644e-05
2023-12-21,3.0043342232862644e-05
2023-12-22,3.0043342232862644e-05
2023-12-26,3.0043342232862644e-05
2023-12-27,3.0043342232862644e-05
2023-12-28,3.0043342232862644e-05
2023-12-29,3.0043342232862644e-05
2024-01-02,2.876915708275435e-05
2024-01-03,2.7487255233841694e-05
2024-01-04,2.683793649650343e-05
2024-01-05,2.683793649650343e-05
2024-01-08,2.683793649650343e-05
2024-01-09,2.683793649650343e-05
2024-01-10,2.683793649650343e-05
2024-01-11,2.683793649650343e-05
2024-01-12,2.683793649650343e-05
2024-01-16,2.683793649650343e-05
2024-01-17,2.6240622369174236e-05
2024-01-18,2.6240622369174236e-05
2024-01-19,2.6240622369174236e-05
2024-01-22,2.6240622369174236e-05
2024-01-23,2.6240622369174236e-05
2024-01-24,2.6240622369174236e-05
2024-01-25,2.6240622369174236e-05
2024-01-26,2.6240622369174236e-05
2024-01-29,2.6240622369174236e-05
2024-01-30,2.6240622369174236e-05
2024-01-31,2.6240622369174236e-05
2024-02-01,2.6240622369174236e-05
2024-02-02,2.6240622369174236e-05
2024-02-05,2.6240622369174236e-05
2024-02-06,2.6240622369174236e-05
2024-02-07,2.6240622369174236e-05
2024-02-08,2.6240622369174236e-05
2024-02-09,2.6240622369174236e-05
2024-02-12,2.6240622369174236e-05
2024-02-13,2.5191989145669645e-05
2024-02-14,2.5191989145669645e-05
2024-02-15,2.5191989145669645e-05
2024-02-16,2.5191989145669645e-05
2024-02-20,2.5191989145669645e-05
2024-02-21,2.5191989145669645e-05
2024-02-22,2.5191989145669645e-05
2024-02-23,2.5191989145669645e-05
2024-02-26,2.5191989145669645e-05
2024-02-27,2.5191989145669645e-05
2024-02-28,2.5191989145669645e-05
2024-02-29,2.5191989145669645e-05
2024-03-01,2.5191989145669645e-05
2024-03-04,2.5191989145669645e-05
2024-03-05,2.5191989145669645e-05
2024-03-06,2.5191989145669645e-05
2024-03-07,2.5191989145669645e-05
2024-03-08,2.5191989145669645e-05
2024-03-11,2.5191989145669645e-05
2024-03-12,2.5191989145669645e-05
2024-03-13,2.5191989145669645e-05
2024-03-14,2.4500618345257653e-05
2024-03-15,2.4500618345257653e-05
2024-03-18,2.4500618345257653e-05
2024-03-19,2.4500618345257653e-05
2024-03-20,2.4500618345257653e-05
2024-03-21,2.4500618345257653e-05
2024-03-22,2.4500618345257653e-05
2024-03-25,2.4500618345257653e-05
2024-03-26,2.4500618345257653e-05
2024-03-27,2.4500618345257653e-05
2024-03-28,2.4500618345257653e-05
2024-04-01,2.4500618345257653e-05
2024-04-02,2.3564875964781007e-05
2024-04-03,2.3564875964781007e-05
2024-04-04,2.2927234177713183e-05
2024-04-05,2.2927234177713183e-05
2024-04-08,2.2927234177713183e-05
2024-04-09,2.2927234177713183e-05
2024-04-10,2.1989120089566518e-05
2024-04-11,2.0843990643221253e-05
2024-04-12,2.0001674767546377e-05
2024-04-15,1.9318269581164348e-05
2024-04-16,1.875921261213186e-05
2024-04-17,1.7917397832043104e-05
2024-04-18,1.7246683995914596e-05
2024-04-19,1.6219237709367478e-05
2024-04-22,1.6219237709367478e-05
2024-04-23,1.6219237709367478e-05
2024-04-24,1.6219237709367478e-05
2024-04-25,1.6219237709367478e-05
2024-04-26,1.6219237709367478e-05
2024-04-29,1.6219237709367478e-05
2024-04-30,1.5226740531329394e-05
2024-05-01,1.5226740531329394e-05
2024-05-02,1.5226740531329394e-05
2024-05-03,1.5226740531329394e-05
2024-05-06,1.5226740531329394e-05
2024-05-07,1.5226740531329394e-05
2024-05-08,1.5226740531329394e-05
2024-05-09,1.5226740531329394e-05
2024-05-10,1.5226740531329394e-05
2024-05-13,1.5226740531329394e-05
2024-05-14,1.5226740531329394e-05
2024-05-15,1.5226740531329394e-05
2024-05-16,1.5226740531329394e-05
2024-05-17,1.5226740531329394e-05
2024-05-20,1.5226740531329394e-05
2024-05-21,1.5226740531329394e-05
2024-05-22,1.465487979083012e-05
2024-05-23,1.4263888167367747e-05
2024-05-24,1.3880543756413484e-05
2024-05-28,1.351117020102355e-05
2024-05-29,1.321531731245427e-05
2024-05-30,1.2398207779390309e-05
2024-05-31,1.2398207779390309e-05
2024-06-03,1.2398207779390309e-05
2024-06-04,1.2398207779390309e-05
2024-06-05,1.2398207779390309e-05
2024-06-06,1.2398207779390309e-05
2024-06-07,1.2398207779390309e-05
2024-06-10,1.2398207779390309e-05
2024-06-11,1.2398207779390309e-05
2024-06-12,1.2398207779390309e-05
2024-06-13,1.2398207779390309e-05
2024-06-14,1.2398207779390309e-05
2024-06-17,1.2398207779390309e-05
2024-06-18,1.2398207779390309e-05
2024-06-20,1.2398207779390309e-05
2024-06-21,1.2398207779390309e-05
2024-06-24,1.2398207779390309e-05
2024-06-25,1.2398207779390309e-05
2024-06-26,1.2398207779390309e-05
2024-06-27,1.2398207779390309e-05
2024-06-28,1.2398207779390309e-05
2024-07-01,1.2094121090112829e-05
2024-07-02,1.2094121090112829e-05
2024-07-03,1.2094121090112829e-05
2024-07-05,1.2094121090112829e-05
2024-07-08,1.2094121090112829e-05
2024-07-09,1.2094121090112829e-05
2024-07-10,1.2094121090112829e-05
2024-07-11,1.2094121090112829e-05
2024-07-12,1.2094121090112829e-05
2024-07-15,1.2094121090112829e-05
2024-07-16,1.2094121090112829e-05
2024-07-17,1.1158503466459199e-05
2024-07-18,1.1158503466459199e-05
2024-07-19,1.1158503466459199e-05
2024-07-22,1.1158503466459199e-05
2024-07-23,1.1158503466459199e-05
2024-07-24,1.060191219256975e-05
2024-07-25,9.72539456134959e-06
2024-07-26,9.72539456134959e-06
2024-07-29,9.72539456134959e-06
2024-07-30,9.72539456134959e-06
2024-07-31,9.72539456134959e-06
2024-08-01,9.121637234776696e-06
2024-08-02,8.415801140180908e-06
2024-08-05,8.107821437734873e-06
2024-08-06,8.107821437734873e-06
2024-08-07,8.107821437734873e-06
2024-08-08,8.107821437734873e-06
2024-08-09,8.107821437734873e-06
2024-08-12,8.107821437734873e-06
2024-08-13,8.107821437734873e-06
2024-08-14,8.107821437734873e-06
2024-08-15,8.107821437734873e-06
2024-08-16,8.107821437734873e-06
2024-08-19,8.107821437734873e-06
2024-08-20,8.107821437734873e-06
2024-08-21,8.107821437734873e-06
2024-08-22,8.107821437734873e-06
2024-08-23,8.107821437734873e-06
2024-08-26,8.107821437734873e-06
2024-08-27,8.107821437734873e-06
2024-08-28,8.107821437734873e-06
2024-08-29,8.107821437734873e-06
2024-08-30,8.107821437734873e-06
2024-09-03,7.564587967141674e-06
2024-09-04,7.241503148672745e-06
2024-09-05,6.9702655888838095e-06
2024-09-06,6.754819379614331e-06
2024-09-09,6.754819379614331e-06
2024-09-10,6.754819379614331e-06
2024-09-11,6.754819379614331e-06
2024-09-12,6.754819379614331e-06
2024-09-13,6.754819379614331e-06
2024-09-16,6.754819379614331e-06
2024-09-17,6.754819379614331e-06
2024-09-18,6.754819379614331e-06
2024-09-19,6.754819379614331e-06
2024-09-20,6.754819379614331e-06
2024-09-23,6.754819379614331e-06
2024-09-24,6.754819379614331e-06
2024-09-25,6.754819379614331e-06
2024-09-26,6.754819379614331e-06
2024-09-27,6.754819379614331e-06
2024-09-30,6.754819379614331e-06
2024-10-01,6.754819379614331e-06
2024-10-02,6.567985362660014e-06
2024-10-03,6.434660650384991e-06
2024-10-04,6.434660650384991e-06
2024-10-07,6.203126211312967e-06
2024-10-08,6.203126211312967e-06
2024-10-09,6.203126211312967e-06
2024-10-10,6.203126211312967e-06
2024-10-11,6.203126211312967e-06
2024-10-14,6.203126211312967e-06
2024-10-15,6.203126211312967e-06
2024-10-16,6.203126211312967e-06
2024-10-17,6.203126211312967e-06
2024-10-18,6.203126211312967e-06
2024-10-21,6.203126211312967e-06
2024-10-22,6.203126211312967e-06
2024-10-23,6.045894411298064e-06
2024-10-24,5.677464026484065e-06
2024-10-25,5.4942460137150345e-06
2024-10-28,5.4942460137150345e-06
2024-10-29,5.4942460137150345e-06
2024-10-30,5.181597898416007e-06
2024-10-31,4.672707151619429e-06
2024-11-01,4.527169613301575e-06
2024-11-04,4.527169613301575e-06
2024-11-05,4.527169613301575e-06
2024-11-06,4.527169613301575e-06
2024-11-07,4.527169613301575e-06
2024-11-08,4.527169613301575e-06
2024-11-11,4.527169613301575e-06
2024-11-12,4.527169613301575e-06
2024-11-13,4.527169613301575e-06
2024-11-14,4.527169613301575e-06
2024-11-15,4.295767147474156e-06
2024-11-18,4.295767147474156e-06
2024-11-19,4.295767147474156e-06
2024-11-20,4.295767147474156e-06
2024-11-21,4.295767147474156e-06
2024-11-22,4.295767147474156e-06
2024-11-25,4.295767147474156e-06
2024-11-26,4.295767147474156e-06
2024-11-27,4.295767147474156e-06
2024-11-29,4.295767147474156e-06
2024-12-02,4.295767147474156e-06
2024-12-03,4.295767147474156e-06
2024-12-04,4.191374219216598e-06
2024-12-05,4.191374219216598e-06
2024-12-06,4.191374219216598e-06
2024-12-09,3.99233088514428e-06
2024-12-10,3.902228642697318e-06
2024-12-11,3.902228642697318e-06
2024-12-12,3.902228642697318e-06
2024-12-13,3.902228642697318e-06
2024-12-16,3.902228642697318e-06
2024-12-17,3.8131436436062215e-06
2024-12-18,3.6236670418040125e-06
2024-12-19,3.4726160376874067e-06
2024-12-20,3.4726160376874067e-06
2024-12-23,3.4726160376874067e-06
2024-12-24,3.4726160376874067e-06
2024-12-26,3.4726160376874067e-06
2024-12-27,3.4726160376874067e-06
2024-12-30,3.4726160376874067e-06
2024-12-31,3.4726160376874067e-06
2025-01-02,3.4726160376874067e-06
2025-01-03,3.4726160376874067e-06
2025-01-06,3.4726160376874067e-06
2025-01-07,3.4726160376874067e-06
2025-01-08,3.4726160376874067e-06
2025-01-10,3.290418521570019e-06
2025-01-13,3.290418521570019e-06
2025-01-14,3.290418521570019e-06
2025-01-15,3.290418521570019e-06
2025-01-16,3.290418521570019e-06
2025-01-17,3.290418521570019e-06
2025-01-21,3.290418521570019e-06
2025-01-22,3.290418521570019e-06
2025-01-23,3.290418521570019e-06
2025-01-24,3.290418521570019e-06
2025-01-27,2.8175052453804656e-06
2025-01-28,2.8175052453804656e-06
2025-01-29,2.8175052453804656e-06
2025-01-30,2.8175052453804656e-06
2025-01-31,2.8175052453804656e-06
2025-02-03,2.737240185419729e-06
2025-02-04,2.737240185419729e-06
2025-02-05,2.737240185419729e-06
2025-02-06,2.5596309625474818e-06
2025-02-07,2.5596309625474818e-06
2025-02-10,2.5596309625474818e-06
2025-02-11,2.5596309625474818e-06
2025-02-12,2.4779120586117165e-06
2025-02-13,2.4779120586117165e-06
2025-02-14,2.348488798907824e-06
2025-02-18,2.348488798907824e-06
2025-02-19,2.348488798907824e-06
2025-02-20,2.348488798907824e-06
2025-02-21,2.190036417191738e-06
2025-02-24,2.1138855941999797e-06
2025-02-25,2.1138855941999797e-06
2025-02-26,2.1138855941999797e-06
2025-02-27,2.1138855941999797e-06
2025-02-28,2.1138855941999797e-06
2025-03-03,2.1138855941999797e-06
2025-03-04,1.9995642484763385e-06
2025-03-05,1.9995642484763385e-06
2025-03-06,1.9063378903598089e-06
2025-03-07,1.9063378903598089e-06
2025-03-10,1.7836418228141783e-06
2025-03-11,1.7041175012185173e-06
2025-03-12,1.6602541452004216e-06
2025-03-13,1.5953938366112496e-06
2025-03-14,1.5953938366112496e-06
2025-03-17,1.5953938366112496e-06
2025-03-18,1.5953938366112496e-06
2025-03-19,1.5953938366112496e-06
2025-03-20,1.5953938366112496e-06
2025-03-21,1.5953938366112496e-06
2025-03-24,1.5953938366112496e-06
2025-03-25,1.5953938366112496e-06
2025-03-26,1.5953938366112496e-06
2025-03-27,1.5953938366112496e-06
2025-03-28,1.5953938366112496e-06
2025-03-31,1.5953938366112496e-06
2025-04-01,1.5953938366112496e-06
2025-04-02,1.5953938366112496e-06
2025-04-03,1.40702138776832e-06
2025-04-04,1.2926394273526314e-06
2025-04-07,1.2466875707758552e-06
2025-04-08,1.193767928004579e-06
2025-04-09,1.193767928004579e-06
2025-04-10,1.193767928004579e-06
2025-04-11,1.193767928004579e-06
2025-04-14,1.193767928004579e-06
2025-04-15,1.193767928004579e-06
2025-04-16,1.193767928004579e-06
2025-04-17,1.193767928004579e-06
2025-04-21,1.193767928004579e-06
2025-04-22,1.193767928004579e-06
2025-04-23,1.193767928004579e-06
2025-04-24,1.193767928004579e-06
2025-04-25,1.193767928004579e-06
2025-04-28,1.193767928004579e-06
2025-04-29,1.193767928004579e-06
2025-04-30,1.193767928004579e-06
2025-05-01,1.193767928004579e-06
2025-05-02,1.193767928004579e-06
2025-05-05,1.193767928004579e-06
2025-05-06,1.193767928004579e-06
2025-05-07,1.193767928004579e-06
2025-05-08,1.193767928004579e-06
2025-05-09,1.193767928004579e-06
2025-05-12,1.1277502815199624e-06
2025-05-13,1.0816012082662412e-06
2025-05-14,1.0816012082662412e-06
2025-05-15,1.0816012082662412e-06
2025-05-16,1.0816012082662412e-06
2025-05-19,1.0816012082662412e-06
2025-05-20,1.0816012082662412e-06
2025-05-21,1.0327102241358875e-06
2025-05-22,1.0327102241358875e-06
2025-05-23,1.0327102241358875e-06
2025-05-27,1.0327102241358875e-06
2025-05-28,1.0327102241358875e-06
2025-05-29,1.0327102241358875e-06
2025-05-30,1.0327102241358875e-06
2025-06-02,1.0327102241358875e-06
2025-06-03,1.0327102241358875e-06
2025-06-04,1.0327102241358875e-06
2025-06-05,1.0327102241358875e-06
2025-06-06,1.0327102241358875e-06
2025-06-09,9.996152400487679e-07
2025-06-10,9.712729245958798e-07
2025-06-11,9.712729245958798e-07
2025-06-12,9.712729245958798e-07
2025-06-13,9.36007307750667e-07
2025-06-16,9.36007307750667e-07
2025-06-17,9.36007307750667e-07
2025-06-18,9.36007307750667e-07
2025-06-20,9.36007307750667e-07
2025-06-23,9.36007307750667e-07
2025-06-24,9.36007307750667e-07
2025-06-25,9.36007307750667e-07
2025-06-26,9.36007307750667e-07
2025-06-27,9.36007307750667e-07
2025-06-30,9.36007307750667e-07
2025-07-01,9.36007307750667e-07
2025-07-02,9.36007307750667e-07
2025-07-03,9.36007307750667e-07
2025-07-07,9.36007307750667e-07
2025-07-08,9.36007307750667e-07
2025-07-09,9.36007307750667e-07
2025-07-10,9.36007307750667e-07
2025-07-11,9.109300982252009e-07
2025-07-14,9.109300982252009e-07
2025-07-15,8.778878688843682e-07
2025-07-16,8.778878688843682e-07
2025-07-17,8.778878688843682e-07
2025-07-18,8.778878688843682e-07
2025-07-21,8.778878688843682e-07
2025-07-22,8.778878688843682e-07
2025-07-23,8.778878688843682e-07
2025-07-24,8.778878688843682e-07
2025-07-25,8.778878688843682e-07
2025-07-28,8.778878688843682e-07
2025-07-29,8.778878688843682e-07
2025-07-30,8.298846270162858e-07
2025-07-31,7.611240661419572e-07
2025-08-01,7.243236535482941e-07
2025-08-04,7.243236535482941e-07
2025-08-05,7.243236535482941e-07
2025-08-06,7.243236535482941e-07
2025-08-07,7.243236535482941e-07
2025-08-08,7.243236535482941e-07
2025-08-11,7.243236535482941e-07
2025-08-12,7.243236535482941e-07
2025-08-13,7.243236535482941e-07
2025-08-14,7.243236535482941e-07
2025-08-15,7.243236535482941e-07
2025-08-18,7.243236535482941e-07
2025-08-19,7.243236535482941e-07
2025-08-20,7.243236535482941e-07
2025-08-21,7.243236535482941e-07
2025-08-22,7.243236535482941e-07
2025-08-25,7.243236535482941e-07
2025-08-26,7.243236535482941e-07
2025-08-27,7.243236535482941e-07
2025-08-28,7.243236535482941e-07
2025-08-29,7.243236535482941e-07
2025-09-02,7.027389593881555e-07
2025-09-03,7.027389593881555e-07
2025-09-04,7.027389593881555e-07
2025-09-05,7.027389593881555e-07
2025-09-08,7.027389593881555e-07
2025-09-09,7.027389593881555e-07
2025-09-10,6.679041746256937e-07
2025-09-11,6.679041746256937e-07
2025-09-12,6.679041746256937e-07
2025-09-15,6.679041746256937e-07
2025-09-16,6.679041746256937e-07
2025-09-17,6.679041746256937e-07
2025-09-18,6.679041746256937e-07
2025-09-19,6.679041746256937e-07
2025-09-22,6.679041746256937e-07
2025-09-23,6.679041746256937e-07
2025-09-24,6.679041746256937e-07
2025-09-25,6.463473861050705e-07
2025-09-26,6.463473861050705e-07
2025-09-29,6.463473861050705e-07
2025-09-30,6.463473861050705e-07
2025-10-01,6.241423165648306e-07
2025-10-02,6.241423165648306e-07
2025-10-03,6.241423165648306e-07
2025-10-06,6.241423165648306e-07
2025-10-07,6.241423165648306e-07
2025-10-08,6.241423165648306e-07
2025-10-09,6.07099381410083e-07
2025-10-10,5.698263601673708e-07
2025-10-13,5.698263601673708e-07
2025-10-14,5.698263601673708e-07
2025-10-15,5.698263601673708e-07
2025-10-16,5.396508075062075e-07
2025-10-17,5.396508075062075e-07
2025-10-20,5.396508075062075e-07
2025-10-21,5.396508075062075e-07
2025-10-22,5.396508075062075e-07
2025-10-23,5.396508075062075e-07
2025-10-24,5.396508075062075e-07
2025-10-27,5.396508075062075e-07
2025-10-28,5.396508075062075e-07
2025-10-29,4.965363118202044e-07
2025-10-30,4.581383968635833e-07
2025-10-31,4.4054811415469034e-07
2025-11-03,4.4054811415469034e-07
2025-11-04,4.4054811415469034e-07
2025-11-05,4.4054811415469034e-07
2025-11-06,4.4054811415469034e-07
2025-11-07,4.4054811415469034e-07
2025-11-10,4.4054811415469034e-07
2025-11-11,4.4054811415469034e-07
2025-11-12,4.4054811415469034e-07
2025-11-13,4.1899144735310557e-07
2025-11-14,4.1899144735310557e-07
2025-11-17,4.03184428635616e-07
2025-11-18,4.03184428635616e-07
2025-11-19,4.03184428635616e-07
2025-11-20,4.03184428635616e-07
2025-11-21,4.03184428635616e-07
2025-11-24,4.03184428635616e-07
2025-11-25,4.03184428635616e-07
2025-11-26,4.03184428635616e-07
2025-11-28,4.03184428635616e-07
2025-12-01,4.03184428635616e-07
2025-12-02,4.03184428635616e-07
2025-12-03,4.03184428635616e-07
2025-12-04,4.03184428635616e-07
2025-12-05,4.03184428635616e-07
2025-12-08,4.03184428635616e-07
2025-12-09,4.03184428635616e-07
2025-12-10,4.03184428635616e-07
2025-12-11,4.03184428635616e-07
2025-12-12,4.03184428635616e-07
2025-12-15,4.03184428635616e-07
2025-12-16,4.03184428635616e-07
2025-12-17,3.855191174125405e-07
2025-12-18,3.855191174125405e-07
2025-12-19,3.855191174125405e-07
2025-12-22,3.855191174125405e-07
2025-12-23,3.855191174125405e-07
2025-12-24,3.855191174125405e-07
2025-12-26,3.855191174125405e-07
2025-12-29,3.855191174125405e-07
2025-12-30,3.855191174125405e-07
2025-12-31,3.800735160237858e-07
2026-01-02,3.683415452950835e-07
2026-01-05,3.6012597269806673e-07
2026-01-06,3.6012597269806673e-07
2026-01-07,3.4257027371228336e-07
2026-01-08,3.4257027371228336e-07
2026-01-09,3.4257027371228336e-07
2026-01-12,3.4257027371228336e-07
2026-01-13,3.2973956207001864e-07
2026-01-14,3.2973956207001864e-07
2026-01-15,3.2973956207001864e-07
2026-01-16,3.2973956207001864e-07
2026-01-20,3.130071679150695e-07
2026-01-21,3.130071679150695e-07
2026-01-22,3.130071679150695e-07
2026-01-23,3.130071679150695e-07
2026-01-26,3.130071679150695e-07
2026-01-27,3.130071679150695e-07
2026-01-28,3.001489595351983e-07
2026-01-29,2.8379194639259447e-07
2026-01-30,2.8379194639259447e-07
2026-02-02,2.8379194639259447e-07
2026-02-03,2.529908238863225e-07
2026-02-04,2.3449008687641424e-07
2026-02-05,2.1485554076787113e-07
2026-02-06,2.1485554076787113e-07
2026-02-09,2.1485554076787113e-07
2026-02-10,2.1485554076787113e-07
2026-02-11,2.1485554076787113e-07
2026-02-12,2.0069317549927614e-07
2026-02-13,2.0069317549927614e-07
2026-02-17,2.0069317549927614e-07
2026-02-18,2.0069317549927614e-07
2026-02-19,2.0069317549927614e-07
2026-02-20,2.0069317549927614e-07
2026-02-23,1.879821610636365e-07
2026-02-24,1.879821610636365e-07
2026-02-25,1.879821610636365e-07
2026-02-26,1.879821610636365e-07
2026-02-27,1.879821610636365e-07
2026-03-02,1.879821610636365e-07
2026-03-03,1.7825880890164373e-07
2026-03-04,1.7825880890164373e-07
2026-03-05,1.7103457490562056e-07
2026-03-06,1.637693843235959e-07
2026-03-09,1.637693843235959e-07
2026-03-10,1.637693843235959e-07
2026-03-11,1.5926445933735434e-07
2026-03-12,1.5179309001532346e-07
2026-03-13,1.5179309001532346e-07
2026-03-16,1.5179309001532346e-07
2026-03-17,1.5179309001532346e-07
2026-03-18,1.5179309001532346e-07
2026-03-19,1.5179309001532346e-07
2026-03-20,1.441301924805229e-07
2026-03-23,1.441301924805229e-07
2026-03-24,1.441301924805229e-07
2026-03-25,1.441301924805229e-07
2026-03-26,1.441301924805229e-07
2026-03-27,1.3873440203629002e-07
2026-03-30,1.3873440203629002e-07
2026-03-31,1.3873440203629002e-07
2026-04-01,1.3873440203629002e-07
2026-04-02,1.3873440203629002e-07
2026-04-06,1.3873440203629002e-07
2026-04-07,1.3873440203629002e-07
2026-04-08,1.3873440203629002e-07
2026-04-09,1.3873440203629002e-07
2026-04-10,1.3873440203629002e-07
2026-04-13,1.3873440203629002e-07
2026-04-14,1.3873440203629002e-07
2026-04-15,1.3873440203629002e-07
2026-04-16,1.3873440203629002e-07
2026-04-17,1.3873440203629002e-07
2026-04-20,1.3873440203629002e-07
2026-04-21,1.3394486396416252e-07
2026-04-22,1.3394486396416252e-07
2026-04-23,1.3394486396416252e-07
2026-04-24,1.3394486396416252e-07
2026-04-27,1.3394486396416252e-07
2026-04-28,1.2573664026678446e-07
2026-04-29,1.1765778899029828e-07
2026-04-30,1.1765778899029828e-07
2026-05-01,1.1765778899029828e-07
2026-05-04,1.1765778899029828e-07
2026-05-05,1.1765778899029828e-07
2026-05-06,1.1765778899029828e-07
2026-05-07,1.1765778899029828e-07
2026-05-08,1.1765778899029828e-07
2026-05-11,1.1266705334472997e-07
2026-05-12,1.1266705334472997e-07
2026-05-13,1.0835853330445415e-07
2026-05-14,1.0835853330445415e-07
2026-05-15,1.0835853330445415e-07
2026-05-18,1.0835853330445415e-07
2026-05-19,1.0835853330445415e-07
2026-05-20,1.0835853330445415e-07
2026-05-21,1.0835853330445415e-07
2026-05-22,1.0835853330445415e-07
2026-05-25,1.0835853330445415e-07
2026-05-26,1.0835853330445415e-07
2026-05-27,1.0835853330445415e-07
2026-05-28,1.0835853330445415e-07
2026-05-29,1.0835853330445415e-07
2026-06-01,1.0474456161228952e-07
2026-06-02,1.0474456161228952e-07
2026-06-03,1.005287416033482e-07
2026-06-04,1.005287416033482e-07
2026-06-05,1.005287416033482e-07
2026-06-08,1.005287416033482e-07
2026-06-09,1.005287416033482e-07
2026-06-10,9.392932904782293e-08
2026-06-11,9.392932904782293e-08
2026-06-12,9.392932904782293e-08
