threshold,hold_period,top_n,annual_return,sharpe,max_dd,win_rate,total_return
-0.95,1,5,-55.60466452529829,-2.1454047607167355,-78.47813571575469,38.004246284501065,-78.07918489644263
-0.95,1,10,-54.594540063967045,-2.107144558142072,-77.5538499700402,38.42887473460722,-77.13776566495473
-0.95,1,15,-54.33290945873641,-2.0888151946363975,-77.3115081107487,38.6411889596603,-76.89093151438024
-0.95,1,20,-54.62979747669281,-2.106800228738327,-77.58641549052493,38.6411889596603,-77.17093485252458
-0.95,1,25,-54.64733814611365,-2.109767028264497,-77.6026087458546,38.6411889596603,-77.18742828224416
-0.95,1,30,-54.68438128092272,-2.1120115214324673,-77.6367884724765,38.6411889596603,-77.22224159849192
-0.95,2,5,-27.186590136730516,-0.8652021477627533,-52.15701601367684,43.524416135881104,-44.73292395686339
-0.95,2,10,-26.612422805964208,-0.849955342530388,-51.440233501652585,43.73673036093418,-43.91559104710336
-0.95,2,15,-26.524671516378227,-0.8447417219603333,-51.33165258850181,43.73673036093418,-43.79018483581453
-0.95,2,20,-26.66065161160498,-0.8515871679696301,-51.49986241217475,43.73673036093418,-43.98445983384385
-0.95,2,25,-26.725708390613146,-0.8553771297977695,-51.58024304284873,43.73673036093418,-44.077295950812456
-0.95,2,30,-26.813031748957016,-0.8588284549942069,-51.68803759422991,43.73673036093418,-44.20179394860986
-0.95,4,5,-17.409781132115853,-0.5522125357973334,-40.19992820660582,43.73673036093418,-30.058389320333912
-0.95,4,10,-17.400232012896875,-0.5560761499989223,-40.015844282917456,43.73673036093418,-30.043274168557275
-0.95,4,15,-17.398175620229704,-0.5569071275127371,-40.021506181504094,43.73673036093418,-30.040018937962355
-0.95,4,20,-17.39125152865608,-0.5561937093599253,-40.01210884229071,43.73673036093418,-30.029057714504624
-0.95,4,25,-17.444541715408956,-0.5590163045131755,-40.08441635194509,43.73673036093418,-30.113398478735498
-0.95,4,30,-17.452231082935587,-0.5593938575687641,-40.09484642642922,43.73673036093418,-30.125564302965614
-0.95,6,5,-17.464921145752477,-0.6482138068514186,-38.6666424274991,43.40425531914894,-30.092411995461866
-0.95,6,10,-17.581151949073025,-0.6601796216018653,-38.861110782736944,43.19148936170213,-30.275913515360575
-0.95,6,15,-17.684595090717902,-0.6660895684375926,-39.00414968790674,43.19148936170213,-30.43903811776033
-0.95,6,20,-17.63400851393677,-0.6630993981756603,-38.93421909613005,43.19148936170213,-30.359287787137966
-0.95,6,25,-17.54097726210849,-0.6599866877016441,-38.80551621250348,43.19148936170213,-30.212512287882287
-0.95,6,30,-17.491495995108043,-0.6581894198858657,-38.73701079361906,43.19148936170213,-30.134387254665075
-0.95,8,5,-14.231864672126083,-0.6258219888896596,-32.50905144945626,43.19148936170213,-24.898668093439525
-0.95,8,10,-14.550588939788312,-0.6478604623341583,-32.98565718484592,43.61702127659575,-25.418347336515602
-0.95,8,15,-14.584302098453616,-0.6506060453812154,-33.03496109111991,43.40425531914894,-25.473218676861677
-0.95,8,20,-14.52044931551778,-0.6480790517763011,-32.941565155040905,43.40425531914894,-25.36927640163804
-0.95,8,25,-14.381600627230085,-0.6421806757038212,-32.738266135322206,43.40425531914894,-25.143020704147855
-0.95,8,30,-14.384505643810986,-0.6424691437992948,-32.74252251648772,43.40425531914894,-25.147757719066675
-0.95,13,5,-7.537094230569452,-0.3928923735686864,-19.283961393662885,43.71002132196162,-13.570538708572833
-0.95,13,10,-7.728274705754656,-0.4084542867521496,-19.536043948230443,43.49680170575693,-13.902833300531537
-0.95,13,15,-7.811624016139474,-0.41432445622207503,-19.671263068524148,43.49680170575693,-14.047518992263996
-0.95,13,20,-7.760478720376119,-0.4113051886602704,-19.588301587892186,43.49680170575693,-13.958749451489616
-0.95,13,25,-7.68399034010665,-0.4070022847916175,-19.464157802240823,43.49680170575693,-13.825914468816759
-0.95,13,30,-7.699073637307752,-0.40807736830707597,-19.48864562754179,43.49680170575693,-13.852116665185132
-0.95,26,5,1.9519124236619279,0.24458436374171313,-7.767764062356141,43.162393162393165,3.6552763736888982
-0.95,26,10,1.8602347779660633,0.23644947168836092,-7.806542655390613,43.162393162393165,3.4822400048745816
-0.95,26,15,1.9492587799695427,0.24546242968463014,-7.762317513500072,42.94871794871795,3.650265896213023
-0.95,26,20,2.0395268275562595,0.25457735926621033,-7.730151216168146,42.94871794871795,3.820768286318499
-0.95,26,25,2.0699838074880628,0.25779861376346763,-7.673012402097035,42.94871794871795,3.878325995799803
-0.95,26,30,2.064161811614018,0.2572372618255482,-7.6577001046874145,42.94871794871795,3.8673224289711206
-0.95,39,5,5.563159283567631,0.8086934111867714,-6.217886491377456,45.06437768240343,10.52976356464339
-0.95,39,10,5.38144360049404,0.7880481218506421,-6.41266406226223,44.84978540772532,10.178181206002602
-0.95,39,15,5.4679434807081595,0.8009417774251467,-6.442774116137906,44.84978540772532,10.345476477993131
-0.95,39,20,5.579467035514041,0.8169106616624973,-6.37136325975598,44.84978540772532,10.561340852094126
-0.95,39,25,5.603853601738407,0.8211605346602501,-6.336089399524669,44.84978540772532,10.60856916711559
-0.95,39,30,5.590568306422794,0.8192578773372597,-6.344854557669,44.84978540772532,10.582839012418388
-0.95,52,5,5.030445096744396,0.84094887138884,-6.948345391331834,44.396551724137936,9.457883391738031
-0.95,52,10,4.6154192890875745,0.7810453260033257,-7.09514812251808,44.396551724137936,8.66281996370315
-0.95,52,15,4.649428438031178,0.787816918999194,-7.1134945504340745,44.396551724137936,8.72787154485357
-0.95,52,20,4.753338193429535,0.8049693257733881,-7.068425748605456,44.396551724137936,8.926736899379751
-0.95,52,25,4.775822419631237,0.809242288515867,-7.079209687513521,44.396551724137936,8.969789680954454
-0.95,52,30,4.762760830302071,0.8069834724197501,-7.084538318230138,44.396551724137936,8.944778412079124
-0.95,65,5,2.4010248179261895,0.4726069546567076,-7.3273696260169,43.93939393939394,4.4458580828346195
-0.95,65,10,2.1270886195909444,0.42620420728333486,-7.3616420710159725,44.37229437229438,3.9341840762066926
-0.95,65,15,2.154700966500167,0.43148012653107387,-7.405533746080851,44.37229437229438,3.985708261974885
-0.95,65,20,2.2478353608480717,0.4489608711987475,-7.373215468152439,44.37229437229438,4.159581108719457
-0.95,65,25,2.270846414149119,0.45345122981115105,-7.379979102642431,44.37229437229438,4.2025608460843245
-0.95,65,30,2.2650683842348585,0.452294338361988,-7.386750841453981,44.37229437229438,4.19176796134928
-0.95,78,5,1.9519799075128796,0.4238651763149405,-7.236638592971767,43.69565217391304,3.5918093932589823
-0.95,78,10,1.6089052205193743,0.3577786416251623,-7.351020785282946,42.82608695652174,2.9563730434590596
-0.95,78,15,1.6320138363928205,0.3625243311235028,-7.404951174934049,43.04347826086957,2.99911884321975
-0.95,78,20,1.72201564877128,0.38120141377656863,-7.3474323883123915,43.04347826086957,3.1656786502816336
-0.95,78,25,1.7387070257595116,0.3847289602449705,-7.340783765228565,43.04347826086957,3.196581543973598
-0.95,78,30,1.7375090943885896,0.3844075098763498,-7.345486486403907,43.04347826086957,3.1943635201020726
-0.95,104,5,2.9076643898383825,0.7158194631828332,-6.911182845311304,41.885964912280706,5.3232976732169535
-0.95,104,10,2.5445368973422644,0.6374851021809252,-6.9787736156224245,41.66666666666667,4.65174623118898
-0.95,104,15,2.5611910518559267,0.6412332871321554,-7.009232856261538,41.66666666666667,4.682503614908917
-0.95,104,20,2.626363159877698,0.6566126848939763,-6.997270687330648,41.885964912280706,4.802904255953155
-0.95,104,25,2.6344199530367707,0.6586420834939003,-6.996500420965424,41.885964912280706,4.817792884504968
-0.95,104,30,2.6319701019215103,0.657940274636133,-6.997878665812651,41.885964912280706,4.813265558419366
-0.85,1,5,-78.10962290887107,-4.647902561112412,-94.18653804710408,38.004246284501065,-94.15342002778172
-0.85,1,10,-77.4470575646324,-4.881443756262101,-93.85334352028379,35.881104033970274,-93.81832736472748
-0.85,1,15,-78.43079004559752,-5.109325073467958,-94.34493750964684,34.394904458598724,-94.3127218573656
-0.85,1,20,-78.87565073242497,-5.21589245084995,-94.56097758981791,34.394904458598724,-94.5299926705504
-0.85,1,25,-78.615679038136,-5.209186946357755,-94.43520125511444,34.182590233545646,-94.4034998156191
-0.85,1,30,-78.5241683149949,-5.2017484725276395,-94.3906096597204,33.97027600849257,-94.35865419167376
-0.85,2,5,-48.357486130169,-2.1849333196081324,-72.46586247280923,45.22292993630573,-70.91981820205145
-0.85,2,10,-48.877861969966155,-2.4038277264745727,-71.46509958020454,44.161358811040344,-71.46509958020454
-0.85,2,15,-51.29301731206999,-2.6213816999379973,-73.93287551453773,42.88747346072187,-73.93287551453773
-0.85,2,20,-51.9460488176833,-2.7053246350216384,-74.58228314631536,42.462845010615716,-74.58228314631536
-0.85,2,25,-52.10375621028109,-2.7266553103515756,-74.73797288631529,41.825902335456476,-74.73797288631529
-0.85,2,30,-51.96858801563419,-2.715626234138413,-74.60456122506976,42.462845010615716,-74.60456122506976
-0.85,4,5,-18.491228778402203,-0.6778861517908864,-40.66289648513804,50.955414012738856,-31.760365136530012
-0.85,4,10,-17.26496491272026,-0.6847133466998724,-36.642618365666046,50.10615711252654,-29.828998874680224
-0.85,4,15,-21.638146780054168,-0.9312471871090312,-40.35791558223464,48.19532908704883,-36.601842201651905
-0.85,4,20,-22.850044023525474,-1.0065304678228872,-41.22250540793008,47.77070063694268,-38.42207848165739
-0.85,4,25,-23.651751560820024,-1.0577036106477646,-42.37580643047353,47.346072186836516,-39.61266054849043
-0.85,4,30,-23.430508610314405,-1.0483451420251684,-41.9614018291716,47.346072186836516,-39.285181844644356
-0.85,6,5,-6.577286139295757,-0.14788780355207637,-31.888041083777495,52.55319148936171,-11.917115472077743
-0.85,6,10,-5.1107241969333135,-0.10785123547677909,-29.893484016826466,50.0,-9.320703281619835
-0.85,6,15,-9.454256701809417,-0.33483728619879666,-30.060540202874762,48.723404255319146,-16.90871637679504
-0.85,6,20,-11.286209994575803,-0.435034718134615,-30.565759162018445,48.29787234042553,-20.01669675168156
-0.85,6,25,-11.663769474757068,-0.46009376632118665,-30.178087218556414,48.08510638297872,-20.65040671437731
-0.85,6,30,-11.342454763669242,-0.44598299084916143,-29.926940175783535,48.29787234042553,-20.111248277408865
-0.85,8,5,3.6700445920142544,0.29632835455877626,-24.492327916399447,52.97872340425533,6.953405992393447
-0.85,8,10,4.878853896649438,0.364505977397793,-21.785889472975583,50.851063829787236,9.291059598748452
-0.85,8,15,1.144975195259823,0.176463164806762,-21.938585676931577,50.638297872340424,2.1460400355364895
-0.85,8,20,-0.7719349572928857,0.07436546611298392,-22.511580070970226,50.212765957446805,-1.4349111705057926
-0.85,8,25,-1.065682444545435,0.05760515903274511,-22.108166411459408,50.42553191489362,-1.9784161729930472
-0.85,8,30,-0.7706617030942775,0.07312696049546091,-21.926759404023798,50.42553191489362,-1.4325523035886079
-0.85,13,5,18.458191176631455,1.1229234487119624,-15.924256978843854,51.385927505330486,37.06066008315321
-0.85,13,10,17.25151372610185,1.1336692224613665,-15.872057435905429,51.385927505330486,34.47363064902784
-0.85,13,15,14.845914562931739,1.0194048399019722,-16.45835287145083,50.53304904051173,29.384341282240566
-0.85,13,20,13.563531244157012,0.9497980853029035,-17.361608452377975,50.31982942430704,26.708488119102313
-0.85,13,25,13.739113637508972,0.9647719005392991,-17.162622765613545,50.53304904051173,27.073333687284507
-0.85,13,30,14.252202064357022,0.9987013152477436,-17.25138202445602,50.74626865671642,28.14226951117005
-0.85,26,5,21.029366388411198,1.8208601264262003,-13.923735277812078,54.91452991452992,42.541059402659485
-0.85,26,10,17.941238710293316,1.7028591702787317,-14.568753051651829,54.059829059829056,35.86056444050958
-0.85,26,15,16.066661401006566,1.5810888526195817,-14.75339210738963,54.059829059829056,31.87760676759128
-0.85,26,20,15.321727179134982,1.5298698240368787,-15.33982131457079,53.205128205128204,30.310025002372363
-0.85,26,25,15.327493865500031,1.5397814643229721,-15.494157336890236,53.41880341880342,30.32212673744501
-0.85,26,30,15.772065420085601,1.5869808146418478,-15.631680313842445,52.77777777777778,31.256647716132946
-0.85,39,5,17.92743922147997,2.047223837187102,-14.92746643712961,55.15021459227468,35.65339539535144
-0.85,39,10,15.963057192888064,1.9519712625810568,-15.760210954104847,53.21888412017167,31.504409934817666
-0.85,39,15,15.000892791067244,1.8838852504373755,-16.057499510104357,53.00429184549357,29.49382715925175
-0.85,39,20,14.534136622186434,1.848619705454446,-16.491168020900492,53.00429184549357,28.523598588737453
-0.85,39,25,14.491897355013172,1.850852630488559,-16.556926644914082,53.21888412017167,28.435962765937095
-0.85,39,30,14.804904107541827,1.892360403984003,-16.68759156267209,53.00429184549357,29.08602471963564
-0.85,52,5,16.348689846044408,2.2113969958638275,-13.102805165886355,56.03448275862068,32.15532333390143
-0.85,52,10,14.724119615101072,2.11797638284513,-13.681378966086566,55.172413793103445,28.777640015252558
-0.85,52,15,14.585602151493982,2.131904090444029,-13.77422402560693,54.956896551724135,28.49149442194625
-0.85,52,20,14.278170322512707,2.1052138117540893,-14.041093876249544,55.172413793103445,27.857449360469346
-0.85,52,25,14.279131818134093,2.1133515852848728,-14.089221664239348,54.956896551724135,27.859430107646197
-0.85,52,30,14.643580828814763,2.1676768461614135,-14.133113530857544,54.956896551724135,28.611229800891813
-0.85,65,5,15.133100864386439,2.318294914934018,-13.284703508291852,55.62770562770562,29.479307991005864
-0.85,65,10,14.37222700481664,2.3347519341532306,-13.510079886100401,54.54545454545454,27.91487739249565
-0.85,65,15,14.421553279487597,2.3753722330533273,-13.559421236942192,54.761904761904766,28.01603493416762
-0.85,65,20,14.259988775391585,2.3610203963020266,-13.658765820314168,55.62770562770562,27.684836471643017
-0.85,65,25,14.367333359933232,2.3862162244762595,-13.630697049224672,55.84415584415584,27.904843565139757
-0.85,65,30,14.727356660116865,2.4436891994935106,-13.656851666521163,55.62770562770562,28.64398271847113
-0.85,78,5,14.915694142892066,2.5003360049136565,-11.987923109201082,55.869565217391305,28.889121686887997
-0.85,78,10,14.369536637153946,2.5410265679257664,-12.033264718651681,55.869565217391305,27.77313449944949
-0.85,78,15,14.517644575156186,2.60185225075638,-11.970068553811108,55.21739130434783,28.075336155342878
-0.85,78,20,14.51153781020973,2.6087024728141572,-12.033578334413308,55.65217391304348,28.062869440243787
-0.85,78,25,14.646251360806728,2.6385613258334426,-11.982814853110568,55.434782608695656,28.338009192861445
-0.85,78,30,15.01778323023284,2.702613320099559,-11.987261416015205,55.869565217391305,29.09821142632374
-0.85,104,5,16.038887562752556,3.2260881061163884,-9.959267194573385,55.26315789473685,30.888555248653283
-0.85,104,10,15.713120397974322,3.334854782516613,-9.85797245515464,55.70175438596491,30.224390443760598
-0.85,104,15,15.777818830833557,3.3610544317236712,-9.891159694760054,55.26315789473685,30.356175468761727
-0.85,104,20,15.802915945201622,3.368548719377474,-9.917968870286797,55.04385964912281,30.407312138481622
-0.85,104,25,15.987109418219635,3.407993101239444,-9.858989537873708,56.14035087719298,30.78289041947544
-0.85,104,30,16.32084598243384,3.4726304018475598,-9.869005290007538,56.14035087719298,31.464624038263533
-0.75,1,5,-77.56316112128366,-4.740493885069586,-93.91615449849542,36.09341825902335,-93.87767396972181
-0.75,1,10,-75.67674078431202,-5.174893788233748,-92.92360619979831,28.874734607218684,-92.8805663388075
-0.75,1,15,-77.35627714799634,-5.711855328730014,-93.80988699586914,27.81316348195329,-93.77173935735482
-0.75,1,20,-78.11335782491416,-5.92742674696566,-94.18907945152004,28.237791932059448,-94.15528433577897
-0.75,1,25,-77.8478396668816,-6.0026092922895975,-94.0566262280531,26.751592356687897,-94.02206079167522
-0.75,1,30,-77.84812575394383,-6.056280495675631,-94.05676968880563,26.326963906581742,-94.0222050867659
-0.75,2,5,-44.74540717111818,-1.97502650783642,-67.99536856983549,46.92144373673036,-67.0030165039787
-0.75,2,10,-43.19022903612078,-2.1708319893867944,-66.25605137748045,41.40127388535032,-65.24598657338075
-0.75,2,15,-46.470910129745924,-2.5194520861765635,-69.38487818862936,40.339702760084926,-68.9027830999731
-0.75,2,20,-47.32257562797666,-2.646631026389102,-70.30649574731973,39.27813163481954,-69.82112857157918
-0.75,2,25,-47.94395125381974,-2.731811392198013,-70.90046154275677,39.27813163481954,-70.48307089470765
-0.75,2,30,-48.729470350009265,-2.817210468676335,-71.80225465891333,38.853503184713375,-71.31009502878638
-0.75,4,5,-14.135424203540225,-0.48294496124066083,-34.02496111356128,51.59235668789809,-24.786591926413525
-0.75,4,10,-8.899266693712004,-0.30873428553991517,-30.644820226753954,49.25690021231423,-15.987394703556346
-0.75,4,15,-15.678432429102962,-0.7013260188184188,-32.91564660194767,47.13375796178344,-27.293062745335494
-0.75,4,20,-17.18726054142904,-0.8057883561778612,-33.71245319498779,46.07218683651805,-29.70577035601709
-0.75,4,25,-18.53204647273102,-0.9004782667137206,-34.904004410686184,46.07218683651805,-31.824221865634115
-0.75,4,30,-19.327525904605057,-0.9598258063437539,-36.050204432682186,46.07218683651805,-33.06314758498073
-0.75,6,5,-0.34171093166547317,0.12020632298157133,-25.777298379615477,51.91489361702127,-0.6363758840052136
-0.75,6,10,4.891604822384399,0.3555319091918545,-23.572075086758957,49.148936170212764,9.315842866836732
-0.75,6,15,-2.189733792412396,-0.004715665474182624,-25.18602637563283,46.808510638297875,-4.045307246195062
-0.75,6,20,-4.290134309682426,-0.12424674619559142,-25.715952248153297,47.87234042553192,-7.852671936663203
-0.75,6,25,-5.067755086547743,-0.17517229125628933,-25.589887587888384,47.02127659574468,-9.244103109542422
-0.75,6,30,-5.51958340236256,-0.20558686856722996,-25.553345336464574,47.02127659574468,-10.04806725939873
-0.75,8,5,8.817224329419249,0.5424839983094999,-20.17742165412727,51.91489361702127,17.06956869911267
-0.75,8,10,12.565630833782372,0.7719584388514692,-20.332221764428205,50.638297872340424,24.702716629551503
-0.75,8,15,6.258384786690652,0.4548676968882416,-19.72519958900959,48.51063829787234,11.987481785617614
-0.75,8,20,3.6982193931304863,0.3132145317036187,-20.07976236348874,48.29787234042553,7.007624874545382
-0.75,8,25,2.6394413937204764,0.2507647645327996,-19.61284510856265,48.29787234042553,4.978902883083003
-0.75,8,30,2.2873725821866753,0.23116463906971305,-19.57334240780435,47.87234042553192,4.308296487960184
-0.75,13,5,20.927577980259837,1.2965709977940432,-17.563961989417297,53.09168443496801,42.425861284079105
-0.75,13,10,19.007083621336008,1.321624516193142,-16.703121671865727,52.66524520255863,38.24498989944056
-0.75,13,15,13.580870782734555,1.0281610596964634,-16.18583631118987,51.59914712153518,26.744496633829474
-0.75,13,20,11.419397346755256,0.8986120343393526,-16.15743671274428,50.74626865671642,22.292345929902257
-0.75,13,25,10.275228961914685,0.8297339776782089,-15.533982306617789,50.53304904051173,19.965458593280694
-0.75,13,30,9.875360345972894,0.8146280328907266,-15.405348449577483,50.31982942430704,19.157127673209207
-0.75,26,5,19.794999406167314,1.6987074155680357,-17.604577163530234,55.55555555555556,39.85302106587552
-0.75,26,10,13.780911229724001,1.3032721764292632,-18.16328990665471,54.91452991452992,27.09512708959476
-0.75,26,15,9.552912489119425,0.9616815384460947,-18.345033217546924,52.77777777777778,18.464246007795214
-0.75,26,20,8.743469721609065,0.9046297335351262,-18.601700175209757,52.35042735042735,16.843865742224118
-0.75,26,25,8.136616443144739,0.8583441773911235,-18.577219997029903,52.13675213675214,15.635797328093549
-0.75,26,30,7.706924346250088,0.8254859923323036,-18.987156565281293,52.13675213675214,14.783910627191531
-0.75,39,5,17.142378386548284,1.8954579187432425,-17.7476494355711,57.93991416309014,33.98816342631446
-0.75,39,10,13.466427072798126,1.5659195815590674,-18.41618831501085,56.65236051502146,26.316797586628372
-0.75,39,15,11.246367585635575,1.3635572131863412,-18.687994297304765,54.077253218884124,21.78451416361613
-0.75,39,20,10.73219974925619,1.3282676224668688,-19.047503325227765,55.15021459227468,20.74568726596253
-0.75,39,25,10.075790520811845,1.267453476352833,-19.23385788242661,55.15021459227468,19.425416739891265
-0.75,39,30,9.76310303231871,1.2438165992104866,-19.4966488629713,54.93562231759657,18.798836612912552
-0.75,52,5,15.201215804176172,2.008462120372231,-15.461408150925127,58.189655172413794,29.765437652503014
-0.75,52,10,12.84541174136895,1.801711234489017,-15.525820859806993,56.03448275862068,24.921454536815133
-0.75,52,15,11.835912386024084,1.7165471318240453,-15.63788113214134,54.525862068965516,22.871526917358764
-0.75,52,20,11.55815313127626,1.7021922905682079,-15.959620890583547,55.603448275862064,22.310217998775016
-0.75,52,25,11.152299368522645,1.6621476977856007,-16.188896609028312,54.956896551724135,21.492161672745947
-0.75,52,30,10.951448569845956,1.6504918765816459,-16.385010980624337,55.603448275862064,21.08824614002036
-0.75,65,5,14.56928386654537,2.2058698377544825,-15.265174886445521,58.658008658008654,28.319215909106667
-0.75,65,10,12.869321409058365,2.0861827873826146,-14.978110856057947,56.926406926406926,24.850180814990885
-0.75,65,15,12.634847145672223,2.1105993284527176,-14.863271274035183,57.57575757575758,24.375093151796335
-0.75,65,20,12.447751618577719,2.1088161052778958,-14.863426651481081,57.7922077922078,23.99659412222359
-0.75,65,25,12.242222611899267,2.103188618304141,-14.875336775098113,58.00865800865801,23.58140818798027
-0.75,65,30,12.381816845700012,2.143789833669824,-15.01313603943062,58.22510822510822,23.863331360958107
-0.75,78,5,14.438370123274735,2.374089817250027,-14.53762529594429,58.913043478260875,27.913543225124048
-0.75,78,10,13.333810600504625,2.350445307984545,-13.923434772813238,58.47826086956521,25.66885053017749
-0.75,78,15,13.51544324105689,2.4488102050785594,-13.679449199388738,58.69565217391305,26.03673077067954
-0.75,78,20,13.659681363159448,2.5015848987033436,-13.636854967842726,58.69565217391305,26.329218193437164
-0.75,78,25,13.484481134471004,2.5001823861629244,-13.683303703098348,59.34782608695652,25.973985487721386
-0.75,78,30,13.754594412910714,2.566571178454181,-13.7345742208561,60.0,26.521850990685515
-0.75,104,5,15.879502332011475,3.133832744915927,-12.608920002772573,59.210526315789465,30.56341633093598
-0.75,104,10,14.975991830966917,3.1821301244039,-12.101700351802158,58.77192982456141,28.727136173007707
-0.75,104,15,15.110531437108076,3.276689623149696,-11.892478767225267,60.526315789473685,28.99983484891684
-0.75,104,20,15.395004597489127,3.3635869242266185,-11.766859016957575,61.40350877192983,29.57728411013072
-0.75,104,25,15.202938030480562,3.3424333666812904,-11.737821119369285,61.8421052631579,29.187283552734744
-0.75,104,30,15.544519534274581,3.431457954768429,-11.734860328303743,61.8421052631579,29.8812455068197
-0.65,1,5,-78.93582893525824,-5.156028629013843,-94.59327918619809,35.881104033970274,-94.55908149399913
-0.65,1,10,-77.56876359319791,-5.825924097892774,-93.9262152491496,28.237791932059448,-93.88053095310312
-0.65,1,15,-78.6760500693515,-6.459956111307044,-94.48050668605194,26.963906581740975,-94.43299403231144
-0.65,1,20,-78.9637316760732,-6.676560492017755,-94.6510025394621,26.751592356687897,-94.57254459226732
-0.65,1,25,-78.53149808402021,-6.783755838511968,-94.4519353258528,24.840764331210192,-94.3622523392607
-0.65,1,30,-78.54206966625507,-6.920721273510197,-94.45580369986631,25.265392781316347,-94.36743999698797
-0.65,2,5,-46.02806887062394,-2.107925835697356,-68.92213668278731,46.496815286624205,-68.42021574605918
-0.65,2,10,-44.9267239509021,-2.4080368969306467,-67.50299327548875,41.825902335456476,-67.20510632409503
-0.65,2,15,-47.12638750029213,-2.737589808588573,-70.22122237166872,40.976645435244166,-69.61071502693225
-0.65,2,20,-47.154328507040645,-2.824761763724699,-70.43947112313653,39.70276008492569,-69.64072351926247
-0.65,2,25,-47.78648988295434,-2.9475100105750793,-71.08482940650183,40.339702760084926,-70.31597540084388
-0.65,2,30,-48.642167739745034,-3.0732268253079393,-71.97662350883712,39.490445859872615,-71.21871946010417
-0.65,4,5,-16.45822210851331,-0.6116589944612683,-35.46187943839001,51.167728237791934,-28.544720624056353
-0.65,4,10,-12.197350767227466,-0.5076683472381234,-33.51522955951577,48.61995753715499,-21.582489371632676
-0.65,4,15,-17.597901834320417,-0.8680035714178216,-35.380750973546974,46.92144373673036,-30.35585295158154
-0.65,4,20,-18.290969000710888,-0.9332714581466915,-35.39138015045751,45.22292993630573,-31.446668549081792
-0.65,4,25,-20.31682037746778,-1.0947567556328555,-37.792627923530496,45.010615711252655,-34.58918167995344
-0.65,4,30,-20.943403276609406,-1.1629303606416168,-38.65411430110937,45.010615711252655,-35.54724642729048
-0.65,6,5,-4.075981705827402,-0.05250184421982965,-27.987246963664735,51.91489361702127,-7.467755206427862
-0.65,6,10,-0.1754149137059291,0.10110470360095176,-27.083672881773346,49.361702127659576,-0.3269144851239969
-0.65,6,15,-5.482799744413692,-0.20107192514615316,-27.908840333840747,47.4468085106383,-9.982740057105355
-0.65,6,20,-6.743713634252446,-0.28491204084472754,-27.73409241617405,48.29787234042553,-12.20954864949948
-0.65,6,25,-8.003081550465263,-0.3818215711250908,-27.41763853959408,47.02127659574468,-14.407779617375416
-0.65,6,30,-8.329679025045822,-0.41850868814045106,-27.068753372353537,47.23404255319149,-14.973632651865799
-0.65,8,5,4.9702210082577025,0.36444537690728834,-22.24505453521021,52.76595744680851,9.468702365261471
-0.65,8,10,7.720458716252487,0.5279611102774476,-21.191017594921536,51.48936170212765,14.878483914155204
-0.65,8,15,2.736935136471774,0.25821256140257554,-22.005452657844003,50.212765957446805,5.164957391409608
-0.65,8,20,0.8575619375188914,0.1443589240566576,-22.26620894233583,49.787234042553195,1.6053515170645571
-0.65,8,25,-0.11749715989932685,0.07311919134129531,-21.592074451127175,50.212765957446805,-0.21903014998518877
-0.65,8,30,-0.8666982428447101,0.02121686554089804,-22.065632329770533,49.148936170212764,-1.610398829245785
-0.65,13,5,17.252836374428515,1.1040928761405324,-18.614752625759866,52.87846481876333,34.47645382188797
-0.65,13,10,14.31759273074713,1.0366428342457188,-19.086101195672367,52.02558635394456,28.278797879914052
-0.65,13,15,9.184140783801498,0.7388434770964543,-19.40575844626623,50.74626865671642,17.76579890282166
-0.65,13,20,7.49641750644261,0.6359307409569902,-19.682785049967332,50.10660980810234,14.400442767681088
-0.65,13,25,6.311519193238291,0.554988298700549,-19.32207033353246,49.68017057569296,12.064726832306683
-0.65,13,30,5.179480708861228,0.47792608337158043,-19.779874574455658,49.89339019189765,9.854049122179198
-0.65,26,5,18.166238510514688,1.5723631932102309,-18.71222693158031,55.55555555555556,36.34230152005924
-0.65,26,10,11.648740672603264,1.1041283026918796,-19.29100946206589,54.27350427350427,22.70758149556551
-0.65,26,15,7.607312923048526,0.7639823939677165,-19.594457518612383,51.28205128205128,14.586841010629058
-0.65,26,20,6.91345729473134,0.7174107552312107,-19.589497498664688,51.28205128205128,13.21846576788188
-0.65,26,25,6.274072253439367,0.6624297256983304,-19.638396007174308,50.21367521367522,11.964233933993217
-0.65,26,30,5.669391531009138,0.6103180436350534,-20.173438109002362,50.85470085470085,10.784014342862335
-0.65,39,5,15.909686854403526,1.7773792729965106,-18.43713186364352,57.93991416309014,31.392512246484007
-0.65,39,10,11.441386477201409,1.343931738040786,-19.02609907181191,56.00858369098712,22.179599948666826
-0.65,39,15,9.560023210721425,1.1657736859727783,-19.083905480415375,53.21888412017167,18.3927051652498
-0.65,39,20,9.219877729598203,1.1586882199639004,-19.219889531664357,54.077253218884124,17.713892500329575
-0.65,39,25,8.833483330155566,1.1300076766254201,-19.450662365011695,54.077253218884124,16.94495816673214
-0.65,39,30,8.455962348508251,1.1021507996454392,-19.731800066251704,53.648068669527895,16.195917832535134
-0.65,52,5,14.657384358188796,1.9571448646376541,-16.018391352334515,58.620689655172406,28.639743839062916
-0.65,52,10,11.781743711926907,1.6778167458139357,-15.96546343456252,56.68103448275862,22.761968153981748
-0.65,52,15,10.817275227596902,1.5962486144787533,-15.982687317959021,54.956896551724135,20.818762933737965
-0.65,52,20,10.59476801287258,1.603051888771155,-16.16209202569916,56.25,20.37246850759442
-0.65,52,25,10.434088766001558,1.6016625540723741,-16.30123330651102,55.603448275862064,20.0506549755066
-0.65,52,30,10.144738606378723,1.5836174538609584,-16.550967747507716,55.603448275862064,19.47212805046965
-0.65,65,5,13.305278225155481,2.0254228579604363,-16.37631226382664,58.658008658008654,25.735696785842865
-0.65,65,10,11.2055122566598,1.8405803120278788,-15.932117122778088,57.14285714285714,21.49681992148258
-0.65,65,15,10.805437575074883,1.8293567249432028,-15.74420671976271,57.7922077922078,20.69667349546791
-0.65,65,20,10.280833428529878,1.7832264032241492,-15.629148970918006,56.926406926406926,19.65111200388754
-0.65,65,25,10.059592062484658,1.7753552478957184,-15.595469108971049,56.926406926406926,19.211407163934545
-0.65,65,30,10.092312839920158,1.8015495469352945,-15.768529726999292,58.00865800865801,19.276391510797474
-0.65,78,5,13.279411197463563,2.200399846628403,-15.644690323336107,59.78260869565217,25.5587641643501
-0.65,78,10,11.813742213447975,2.137512028544824,-14.645789833721334,58.69565217391305,22.609170069273276
-0.65,78,15,11.820373226262548,2.2122901838074966,-14.295559487203313,58.913043478260875,22.622443266789148
-0.65,78,20,11.631759051645707,2.218774832139271,-14.262031738799408,58.913043478260875,22.245150752507882
-0.65,78,25,11.353980615921788,2.2102024632137325,-14.290267126869672,59.34782608695652,21.690456834146723
-0.65,78,30,11.579175433884714,2.2767311867007507,-14.345214086863312,60.0,22.14005934994898
-0.65,104,5,14.673890182552785,2.913406811004886,-13.506670712287438,58.77192982456141,28.115746447640145
-0.65,104,10,13.247812472894417,2.8794187987332487,-12.778527782147576,58.55263157894737,25.247264408650018
-0.65,104,15,13.448140715106206,3.0055201865625203,-12.208769859751134,60.30701754385965,25.648459598450145
-0.65,104,20,13.386737398710856,3.0364851723720503,-12.004897693578819,60.526315789473685,25.525426840657815
-0.65,104,25,13.103965181658129,3.0112127777820614,-11.917931464304576,60.08771929824561,24.959537116360565
-0.65,104,30,13.422592502103914,3.102009499729057,-11.85528819473517,60.08771929824561,25.597262537851794
-0.55,1,5,-79.01213125641885,-5.168529558122295,-94.62982717284152,36.09341825902335,-94.59586064789546
-0.55,1,10,-77.53775817819974,-5.824162065051016,-93.91051433821026,28.237791932059448,-93.86471194692449
-0.55,1,15,-78.39574489637914,-6.445878221042845,-94.34412527009555,28.02547770700637,-94.295438623993
-0.55,1,20,-78.66935263073925,-6.648369089660071,-94.51024808147848,27.81316348195329,-94.42972557809098
-0.55,1,25,-78.44024839961583,-6.815311518405741,-94.40777902107521,25.477707006369428,-94.31738225958648
-0.55,1,30,-78.41665586204766,-6.948243213971009,-94.389793638728,26.53927813163482,-94.3057542292318
-0.55,2,5,-46.6080125208449,-2.1803466736621275,-69.5433716540626,46.496815286624205,-69.05148393086424
-0.55,2,10,-45.59664176871817,-2.507250640067088,-68.23791573559375,41.825902335456476,-67.94676552192506
-0.55,2,15,-47.29361512759319,-2.8219064005759793,-70.39701430058038,41.18895966029724,-69.79011094070474
-0.55,2,20,-47.572684666790884,-2.9396239719686625,-70.8753564739861,40.12738853503185,-70.08838681836885
-0.55,2,25,-48.724339344748635,-3.124534448508833,-72.0479724273466,40.552016985138,-71.3047283819413
-0.55,2,30,-49.420346423684755,-3.240212909090479,-72.78108465954548,39.490445859872615,-72.02843483783339
-0.55,4,5,-16.766856566575626,-0.6367541343089755,-35.52197779133316,51.167728237791934,-29.03732418138424
-0.55,4,10,-12.810999633684428,-0.5514508875293841,-33.691684669920384,48.40764331210191,-22.603721403018064
-0.55,4,15,-17.607150201618225,-0.8874332000999929,-35.56946203155471,46.92144373673036,-30.37046161923177
-0.55,4,20,-18.610456195056745,-0.9762091200669014,-36.165739167946356,45.64755838641189,-31.94681097953901
-0.55,4,25,-21.169721479690807,-1.1771165662136889,-39.09154292006999,45.43524416135881,-35.89167770243614
-0.55,4,30,-21.586707831003505,-1.2351087611929041,-40.01802647459128,45.22292993630573,-36.524037068958926
-0.55,6,5,-4.084138190061082,-0.05486654511422341,-28.06500476149819,51.70212765957447,-7.482429259305901
-0.55,6,10,-0.585296966647253,0.0790014171732354,-27.49093774412833,49.148936170212764,-1.0888609622125567
-0.55,6,15,-5.498673418277189,-0.20672915356298924,-27.995224979756927,47.4468085106383,-10.010934152256134
-0.55,6,20,-6.806224906443081,-0.29437620453665286,-27.741922311100918,48.51063829787234,-12.31927195398541
-0.55,6,25,-8.40877621725814,-0.4135333718467985,-27.74441830272407,47.02127659574468,-15.110412190867306
-0.55,6,30,-8.677062177121918,-0.44826535007188817,-27.079818749079553,47.02127659574468,-15.573587245403864
-0.55,8,5,5.317269664834168,0.3825544274135677,-22.1688828668016,52.34042553191489,10.144679597773344
-0.55,8,10,7.654574148181892,0.5284720299201,-21.421527890450175,50.851063829787236,14.747473261671384
-0.55,8,15,2.7633286924102274,0.26134336797418195,-22.020769865398783,50.0,5.215352446398791
-0.55,8,20,0.9101359111755691,0.14743271487976076,-22.530978881278763,49.361702127659576,1.704155430011145
-0.55,8,25,-0.2824700980275985,0.06142872953038219,-22.29458887282639,49.361702127659576,-0.5261853918844706
-0.55,8,30,-1.1674737432896931,-0.0005118310876163842,-22.868239930930613,48.08510638297872,-2.1664298312018215
-0.55,13,5,17.715384436915848,1.1399642226536602,-18.20751497682539,52.87846481876333,35.46543708798844
-0.55,13,10,14.730944656815549,1.0766750250724793,-18.429918602171234,51.59914712153518,29.143386578679163
-0.55,13,15,9.726223780341714,0.7880053783497319,-18.892057664315498,50.10660980810234,18.85629690019277
-0.55,13,20,7.889010624578008,0.6710135864666431,-19.62955339985427,49.46695095948827,15.179251756302193
-0.55,13,25,6.4085318183837,0.5655643385777488,-19.642623661101776,49.040511727078886,12.255123684003767
-0.55,13,30,5.133050766194658,0.477467349152995,-20.044969517392573,49.040511727078886,9.763814554137419
-0.55,26,5,17.952371248777954,1.563185414840386,-18.440908841695524,55.12820512820513,35.88438131759475
-0.55,26,10,11.39190766004534,1.088090979039083,-18.778472827645697,54.700854700854705,22.18387819720007
-0.55,26,15,7.466983648038483,0.7555734258968848,-18.940718293807667,51.70940170940172,14.3094810633124
-0.55,26,20,6.938739723158394,0.7232553966104815,-18.908746906020234,51.70940170940172,13.268192852930149
-0.55,26,25,6.519163002355888,0.6900497323391741,-18.82366964229384,50.427350427350426,12.444247166346155
-0.55,26,30,5.95378241974962,0.6437682441241842,-19.255614095798368,51.28205128205128,11.338371240823463
-0.55,39,5,16.264557489996644,1.8246334746912445,-18.036034761819963,57.93991416309014,32.1373650230439
-0.55,39,10,11.75852526072816,1.3912924755508664,-18.36204598357525,56.22317596566524,22.82334114688558
-0.55,39,15,10.021237714265375,1.2326374728775782,-18.229732202982653,53.21888412017167,19.315991873247352
-0.55,39,20,9.631846961676427,1.215755041246094,-18.50108866189675,53.862660944206006,18.536269695309503
-0.55,39,25,9.447561111908698,1.2167159307802982,-18.476861687999126,53.862660944206006,18.168071393090134
-0.55,39,30,9.238189093788773,1.215429407142931,-18.646091075221328,53.43347639484979,17.750389992664296
-0.55,52,5,15.035437773817195,2.015567535674571,-15.598691772905028,58.620689655172406,29.42181371691781
-0.55,52,10,12.155737112768072,1.7411594246868127,-15.237072187543255,56.46551724137932,23.519297878568167
-0.55,52,15,11.437976963685937,1.7015602903657268,-14.906302150566543,54.741379310344826,22.0677243507575
-0.55,52,20,11.134727428410883,1.6954058781975787,-15.217884555757133,56.03448275862068,21.45679957000548
-0.55,52,25,11.032926649917929,1.7086628946979945,-15.25678650592005,55.603448275862064,21.25202632788481
-0.55,52,30,10.872141974591564,1.7193927098912842,-15.394085090285214,55.81896551724138,20.928928026259406
-0.55,65,5,13.979814777630196,2.146989350103098,-15.730747046239479,58.44155844155844,27.111419682802417
-0.55,65,10,11.954866817517162,1.9874912770061943,-15.051521527406598,57.14285714285714,23.00198657701953
-0.55,65,15,11.711811407983298,2.013383634389654,-14.597887254877474,57.7922077922078,22.51285827687215
-0.55,65,20,11.080069808408899,1.94894066962799,-14.60565049105157,57.7922077922078,21.245677331558998
-0.55,65,25,10.975540094009162,1.9730902821202931,-14.498471567435855,57.35930735930735,21.036583610635095
-0.55,65,30,11.140298072274701,2.0350997308057894,-14.570213175424595,58.22510822510822,21.36622810485529
-0.55,78,5,13.81830464683751,2.299025019442068,-15.177043831689064,59.34782608695652,26.651229888991402
-0.55,78,10,12.45884540706812,2.265869532276815,-13.936408725647054,58.26086956521739,23.903505234797628
-0.55,78,15,12.537050573867447,2.3695090144675195,-13.381246635193921,58.47826086956521,24.060833707769458
-0.55,78,20,12.280132075676509,2.365312505894334,-13.461069818183091,58.913043478260875,23.544319345060117
-0.55,78,25,12.177041590487692,2.4032125809577236,-13.410329544087086,59.130434782608695,23.337338032102075
-0.55,78,30,12.51377511868963,2.507525168910214,-13.37510580900676,60.21739130434782,24.0140001049439
-0.55,104,5,15.036389468144652,3.0136418216876244,-12.983747445138395,58.77192982456141,28.849524365853707
-0.55,104,10,13.622091908993728,2.9931065507300927,-12.130514493842604,58.333333333333336,25.997295299812208
-0.55,104,15,13.866770023233755,3.14834347245684,-11.370485473782189,60.30701754385965,26.488696480459883
-0.55,104,20,13.741939979087881,3.1674413841971774,-11.26492348999676,60.74561403508771,26.237886176510038
-0.55,104,25,13.600272136596736,3.186566980226006,-11.088316216035842,60.526315789473685,25.9535149527196
-0.55,104,30,14.004806812157522,3.3155410409609902,-10.965701348555612,60.96491228070175,26.766301232367763
-0.45,1,5,-79.4206868526501,-5.3489657965792805,-94.8235581895122,36.09341825902335,-94.7908170198056
-0.45,1,10,-78.02310111822304,-6.12023371686905,-94.15412479881564,28.237791932059448,-94.11015473660619
-0.45,1,15,-78.78994458712344,-6.769832359663142,-94.53547917496847,28.02547770700637,-94.48843973293103
-0.45,1,20,-79.13536028560138,-7.0217314714825845,-94.73228012883463,27.176220806794056,-94.65501434388374
-0.45,1,25,-78.68433047983964,-7.1561850166131435,-94.52552716243004,24.628450106157114,-94.43703376825992
-0.45,1,30,-78.62553929990406,-7.300156326739712,-94.49084763655519,25.690021231422506,-94.40832198925555
-0.45,2,5,-47.178620815887406,-2.253881653875156,-70.14891014149414,46.28450106157113,-69.66680212682125
-0.45,2,10,-46.20852054939731,-2.6260231057893555,-68.90233212897417,41.6135881104034,-68.61727235235891
-0.45,2,15,-47.67502672201768,-2.9352951496279673,-70.79614794958306,41.18895966029724,-70.19742739785654
-0.45,2,20,-47.91599616275201,-3.0633540565186643,-71.23080265401964,40.12738853503185,-70.45343742008885
-0.45,2,25,-48.56735674998644,-3.202113170845124,-71.88781347933497,40.552016985138,-71.14031080960919
-0.45,2,30,-49.22898282038047,-3.320120649554488,-72.58829313433677,39.490445859872615,-71.83031229537944
-0.45,4,5,-16.955829648603228,-0.6514631305498525,-35.61460153381045,50.955414012738856,-29.33815705599465
-0.45,4,10,-12.874074000062407,-0.5664467801731728,-33.690271415692216,48.19532908704883,-22.708336677792364
-0.45,4,15,-17.531710209091877,-0.9018078704431747,-35.45915657882761,46.92144373673036,-30.251255447803683
-0.45,4,20,-18.44586824985641,-0.98768333663442,-35.957972169139275,45.43524416135881,-31.689368818577567
-0.45,4,25,-20.63256751578638,-1.1651246635816526,-38.53041514127725,45.43524416135881,-35.07279044955569
-0.45,4,30,-20.79701871424755,-1.2065428315704183,-39.172931245334965,45.22292993630573,-35.324008354957414
-0.45,6,5,-4.15698902141457,-0.05924443393135994,-28.06500476149819,51.91489361702127,-7.613444829546934
-0.45,6,10,-0.4530607428118727,0.08484195155007836,-27.48584052612485,49.57446808510638,-0.8433379969541188
-0.45,6,15,-5.305273439951163,-0.20042043688468456,-27.805433664130486,47.87234042553192,-9.667146866227949
-0.45,6,20,-6.515502803704532,-0.28331562017629136,-27.49326291302595,49.148936170212764,-11.808439901928613
-0.45,6,25,-7.907947814435923,-0.3897948555989668,-27.346044085834798,47.4468085106383,-14.24262638269267
-0.45,6,30,-7.961062282834675,-0.4105988282738207,-26.621386074028308,47.23404255319149,-14.334851903836554
-0.45,8,5,5.066498095834793,0.3709013993524062,-22.1688828668016,52.55319148936171,9.656036263866664
-0.45,8,10,7.655681429645056,0.5313469880525422,-21.41177702036702,51.06382978723404,14.749674504340371
-0.45,8,15,2.684135461252235,0.257556021187422,-21.88733787288415,49.787234042553195,5.064176903128881
-0.45,8,20,0.8883710740635653,0.14597439360389933,-22.47813829886057,49.361702127659576,1.6632466878460983
-0.45,8,25,0.01200793330995431,0.07956582357741458,-22.167135188826148,49.361702127659576,0.022396911841848777
-0.45,8,30,-0.7657936533824627,0.02464177469592734,-22.62645574321841,48.08510638297872,-1.423533374901087
-0.45,13,5,17.840518564190933,1.1495695781024848,-18.20751497682539,52.87846481876333,35.73356502422078
-0.45,13,10,15.19444620385675,1.1120736506953444,-18.419622650459733,51.812366737739865,30.116065953020943
-0.45,13,15,10.212295151447059,0.8269659668124061,-18.676309150684755,50.10660980810234,19.838070789374495
-0.45,13,20,8.40976537769047,0.7135019010135436,-19.399526129512235,49.46695095948827,16.216073259742835
-0.45,13,25,7.294828356020533,0.6356032923234921,-19.19473256903941,49.040511727078886,14.001489213531126
-0.45,13,30,6.1043689473916585,0.5563999128358175,-19.488413724727295,49.040511727078886,11.658674665978609
-0.45,26,5,18.127282325093063,1.5764158398729262,-18.440908841695524,55.55555555555556,36.258837830282054
-0.45,26,10,11.648714090941702,1.1121179772868435,-18.765702153688444,54.91452991452992,22.70752723991687
-0.45,26,15,7.788593110691844,0.7878379289984005,-18.69575078010112,51.92307692307693,14.945599372918018
-0.45,26,20,7.278050750922271,0.7586323181816252,-18.6648678276102,51.92307692307693,13.936546427915397
-0.45,26,25,7.132622489525309,0.7551618628295491,-18.41736523236316,50.641025641025635,13.649868738196158
-0.45,26,30,6.680924935631749,0.7233714781535288,-18.768006919154278,51.49572649572649,12.761579027707937
-0.45,39,5,16.388701438413445,1.839280977520704,-18.036034761819963,58.15450643776824,32.39839240890843
-0.45,39,10,11.848692132939886,1.4031760657221526,-18.352656833477266,56.437768240343345,23.00664912638577
-0.45,39,15,10.263141239925911,1.2636250117220489,-18.086416697244935,53.43347639484979,19.801565304591804
-0.45,39,20,10.013750744380246,1.2667294638565634,-18.289865346849854,54.077253218884124,19.30097771313799
-0.45,39,25,10.059934874752141,1.2988971928051791,-18.14032687129017,54.29184549356223,19.393607908946088
-0.45,39,30,9.981781093581056,1.3177880218110183,-18.227418324150545,53.862660944206006,19.236876432092597
-0.45,52,5,14.92395349950173,2.0125044612604484,-15.598691772905028,58.83620689655172,29.190963759952048
-0.45,52,10,11.977121071542385,1.7273671525434464,-15.226651749425969,56.896551724137936,23.15733822187285
-0.45,52,15,11.420312884636829,1.7104093696112952,-14.78464881571151,55.603448275862064,22.032099987506083
-0.45,52,20,11.249307665886832,1.7271873265667799,-14.997411357771295,56.896551724137936,21.687467646529512
-0.45,52,25,11.288987879376332,1.764021042331186,-14.97542854420174,56.46551724137932,21.767396784287783
-0.45,52,30,11.226204782286064,1.7940595522535334,-15.127675392087026,56.68103448275862,21.640941806022695
-0.45,65,5,13.9659783174525,2.154347924722474,-15.730747046239479,59.307359307359306,27.083131758120228
-0.45,65,10,11.91874630468277,1.9927771261043372,-15.033706267683044,57.35930735930735,22.929241082101882
-0.45,65,15,11.862386648293466,2.0493781077737685,-14.512954566891679,58.00865800865801,22.815773709683395
-0.45,65,20,11.375872154007173,2.014632175054898,-14.418572353515046,58.00865800865801,21.8382678651988
-0.45,65,25,11.355736135866824,2.0580164390194473,-14.26327888164457,58.00865800865801,21.7978870660418
-0.45,65,30,11.621453109854363,2.1477076298177957,-14.294870746979061,58.87445887445888,22.33124580992596
-0.45,78,5,13.726538208560557,2.2988862270848633,-15.177043831689064,59.78260869565217,26.4648951076921
-0.45,78,10,12.339696650499278,2.261899320355226,-13.922726751560276,58.47826086956521,23.663982451455222
-0.45,78,15,12.497059339466965,2.3781211531488196,-13.316737083754571,58.913043478260875,23.980370458014868
-0.45,78,20,12.359168506591022,2.3996376994298343,-13.312715951047693,59.130434782608695,23.703112076704347
-0.45,78,25,12.295040973760551,2.450039677781074,-13.218359486239816,59.34782608695652,23.574265874696533
-0.45,78,30,12.69861157772867,2.579720424117185,-13.123746433814642,60.21739130434782,24.386138314648598
-0.45,104,5,15.034555411335493,3.042185362798992,-12.983747445138395,58.99122807017544,28.845807115083133
-0.45,104,10,13.601631909185175,3.034483104657473,-12.120878887232001,58.333333333333336,25.9562430735901
-0.45,104,15,13.940958231004274,3.213250865716998,-11.365942290880538,60.30701754385965,26.637861987192114
-0.45,104,20,13.89981809701828,3.255359792976486,-11.222292067713369,61.18421052631579,26.555134424451342
-0.45,104,25,13.803266152862403,3.2877392551813953,-11.002010505704785,60.526315789473685,26.361075768955857
-0.45,104,30,14.276631703091947,3.4453632827757446,-10.787450500382967,61.18421052631579,27.31376205521332
-0.35,1,5,-79.4689644846162,-5.357904453055218,-94.84623196343104,35.881104033970274,-94.81363420611213
-0.35,1,10,-77.9737097381449,-6.114802600872413,-94.12954498873576,28.237791932059448,-94.08539004817342
-0.35,1,15,-78.5885974144605,-6.733439844507804,-94.43812306792407,27.81316348195329,-94.390245569431
-0.35,1,20,-78.90216456181585,-6.976846406244184,-94.62170543248996,27.176220806794056,-94.54281776161541
-0.35,1,25,-78.47900809594158,-7.118217165320833,-94.42655496947296,24.628450106157114,-94.33646171618525
-0.35,1,30,-78.34890905858796,-7.233798950246904,-94.35683561767301,25.477707006369428,-94.27230250572644
-0.35,2,5,-47.20786137170045,-2.2559125621260674,-70.17978834067307,46.28450106157113,-69.69817902227469
-0.35,2,10,-46.14307134379636,-2.6225774502187957,-68.83157525886425,41.6135881104034,-68.5458668825639
-0.35,2,15,-47.42050842609549,-2.919089780517204,-70.53008324804388,41.18895966029724,-69.92590799107414
-0.35,2,20,-47.643812059578714,-3.0455077509804354,-70.94916459388013,40.12738853503185,-70.16418928887676
-0.35,2,25,-48.30430947398232,-3.1865589139836734,-71.61849024795508,40.339702760084926,-70.86382627705025
-0.35,2,30,-48.90418056404526,-3.2961485880521058,-72.25961949884541,39.27813163481954,-71.49255026859622
-0.35,4,5,-16.922456509502805,-0.6497527844010551,-35.56623204562932,50.955414012738856,-29.28507239303446
-0.35,4,10,-12.575732217207614,-0.550079474382421,-33.690271415692216,48.61995753715499,-22.212926056477368
-0.35,4,15,-17.200639320685095,-0.8851682992115363,-35.12779053712022,47.13375796178344,-29.726994436822874
-0.35,4,20,-18.163790401010317,-0.9742823065313471,-35.54334230580548,45.64755838641189,-31.247102565769268
-0.35,4,25,-20.49900879541284,-1.1625430261828988,-38.33693874624401,45.64755838641189,-34.86843113149193
-0.35,4,30,-20.61179622975111,-1.1997842373539398,-39.00083753719114,45.43524416135881,-35.04102773995923
-0.35,6,5,-4.129626729917247,-0.05794182313739733,-28.06500476149819,52.12765957446809,-7.56424634419417
-0.35,6,10,-0.12975315026004797,0.10181021574870784,-27.48584052612485,49.57446808510638,-0.24186409662352304
-0.35,6,15,-4.8955334958112,-0.17796100498148312,-27.852886066116156,47.87234042553192,-8.93678606923416
-0.35,6,20,-6.233844121257337,-0.2686037586110874,-27.56029638475995,49.148936170212764,-11.31222087262682
-0.35,6,25,-7.833947003453634,-0.38854920027076056,-27.743184075439764,47.23404255319149,-14.114058043815891
-0.35,6,30,-7.836535245821208,-0.40619879711632767,-27.0311947569021,47.02127659574468,-14.11855634031255
-0.35,8,5,5.1980867142799925,0.3773460515010146,-22.1688828668016,52.55319148936171,9.912318864506432
-0.35,8,10,8.223705639234513,0.5629912973428993,-21.41177702036702,51.06382978723404,15.881471298392658
-0.35,8,15,3.188373017915813,0.28860738292419696,-21.947726824702297,49.787234042553195,6.028461180342237
-0.35,8,20,1.281001351256994,0.1707871635635439,-22.550964369767645,49.148936170212764,2.402399590102422
-0.35,8,25,0.20285353734255107,0.09157704993348736,-22.547447483938864,48.93617021276596,0.3786698784187026
-0.35,8,30,-0.48957114860599393,0.04238195523472232,-22.99137725402677,48.08510638297872,-0.9111550729157591
-0.35,13,5,17.950304007745977,1.1558402806159414,-18.20751497682539,52.87846481876333,35.969006969583425
-0.35,13,10,15.46549420288963,1.130090170162935,-18.419622650459733,51.812366737739865,30.68643716144659
-0.35,13,15,10.387014549706874,0.8404104139629265,-18.6993145300252,50.10660980810234,20.19188436977357
-0.35,13,20,8.483824933796914,0.7199833631052217,-19.432449167877508,49.46695095948827,16.363874785175536
-0.35,13,25,7.182791254879639,0.6284916111012354,-19.46229689737272,48.8272921108742,13.780041808916232
-0.35,13,30,6.04757362218995,0.5532832891871864,-19.726417207373213,48.8272921108742,11.547464627774273
-0.35,26,5,18.306193051513553,1.592252987740386,-18.440908841695524,55.55555555555556,36.64234893761331
-0.35,26,10,11.877052847819947,1.1345518900100784,-18.765702153688444,54.91452991452992,23.17399633579955
-0.35,26,15,7.8898927390185,0.7995801898152864,-18.72148321163968,51.92307692307693,15.146299472607794
-0.35,26,20,7.365564156052717,0.7692070571391442,-18.689905188418653,51.92307692307693,14.109219205331192
-0.35,26,25,7.044821199593332,0.748140249790242,-18.66182530840046,50.641025641025635,13.476950485963467
-0.35,26,30,6.619096060833218,0.719164152147302,-19.012990648381354,51.49572649572649,12.64023926468294
-0.35,39,5,16.404415134141793,1.840807878246482,-18.036034761819963,58.15450643776824,32.431449185290504
-0.35,39,10,11.938614352316135,1.413547820643638,-18.352656833477266,56.65236051502146,23.189584753104974
-0.35,39,15,10.28218406443646,1.2666397452515172,-18.1073741830996,53.648068669527895,19.839828454424115
-0.35,39,20,10.001193191289648,1.266134067954083,-18.338311093229308,54.29184549356223,19.27579709535774
-0.35,39,25,9.891537665886307,1.279917071652291,-18.391258616771456,54.506437768240346,19.05601770919676
-0.35,39,30,9.844228592295835,1.3030432835986037,-18.51985796657738,54.077253218884124,18.961254987549793
-0.35,52,5,14.885924584403543,2.008119228484259,-15.598691772905028,58.83620689655172,29.11226053993743
-0.35,52,10,11.993970204009607,1.7301141175371453,-15.226651749425969,56.896551724137936,23.19146171383459
-0.35,52,15,11.434404445267043,1.7137578192507197,-14.798471775039424,55.603448275862064,22.0605190238631
-0.35,52,20,11.249133202403705,1.7286361776048924,-15.031743101088079,56.896551724137936,21.687116272039276
-0.35,52,25,11.173024191950853,1.7494442898627398,-15.151834876172964,56.25,21.53387474202775
-0.35,52,30,11.1317611504969,1.7836579686646026,-15.346496100188311,56.46551724137932,21.450830640545824
-0.35,65,5,13.9291078128452,2.149626667864145,-15.730747046239479,59.307359307359306,27.007765899084646
-0.35,65,10,11.917746757005343,1.9929864064731206,-15.033706267683044,57.57575757575758,22.927228304936186
-0.35,65,15,11.928619980520017,2.0592880692661306,-14.526164647847251,58.44155844155844,22.949124389523146
-0.35,65,20,11.452345453789592,2.0266377779305893,-14.452549295911933,58.658008658008654,21.991682958797696
-0.35,65,25,11.323408160215575,2.0525608289644235,-14.423201829756815,58.44155844155844,21.733069223973423
-0.35,65,30,11.61124449547728,2.1474297825670168,-14.48187966586274,59.307359307359306,22.31073506611112
-0.35,78,5,13.650042865689983,2.288558594020984,-15.177043831689064,59.78260869565217,26.309663599440334
-0.35,78,10,12.248508081696507,2.2470045804937815,-13.922726751560276,58.69565217391305,23.480809158180204
-0.35,78,15,12.396019048279939,2.3572451469427524,-13.323705061182167,59.130434782608695,23.777180321639847
-0.35,78,20,12.244443327574883,2.375593575388887,-13.332252898144459,59.56521739130435,23.472647019492655
-0.35,78,25,12.098450423073114,2.4111831204882805,-13.343709562123218,59.56521739130435,23.179650983056565
-0.35,78,30,12.514362470114593,2.543167150933521,-13.291140122893431,60.21739130434782,24.01518184313909
-0.35,104,5,15.000425242688543,3.036653627170543,-12.983747445138395,58.99122807017544,28.776641132774184
-0.35,104,10,13.719866076827781,3.0647447648533315,-12.120878887232001,58.55263157894737,26.1935581514106
-0.35,104,15,14.136867653036456,3.261975595673903,-11.367055571944906,60.526315789473685,27.032142610670974
-0.35,104,20,14.10518399094174,3.307451731507915,-11.241140934905058,61.40350877192983,26.968339985572754
-0.35,104,25,13.934890514817443,3.326185928680176,-11.121742107988153,60.74561403508771,26.62565906332852
-0.35,104,30,14.436557649525938,3.492329350626088,-10.90768744184787,61.622807017543856,27.63634920711937
-0.25,1,5,-79.48347405072104,-5.360383394842651,-94.85303739099513,35.881104033970274,-94.82048267823598
-0.25,1,10,-77.96701042934741,-6.113307251169527,-94.12620735896053,28.237791932059448,-94.08202731423778
-0.25,1,15,-78.53768494901972,-6.737001785859075,-94.413379108452,27.81316348195329,-94.36528861012151
-0.25,1,20,-78.98489799520878,-7.024499466984132,-94.66105747911537,27.176220806794056,-94.58274701561827
-0.25,1,25,-78.63593172787886,-7.184631767889303,-94.50227164081755,24.416135881104033,-94.41340232733945
-0.25,1,30,-78.54461742262012,-7.3154481439522145,-94.45180045665002,25.690021231422506,-94.36868989290875
-0.25,2,5,-47.241318810052505,-2.2582199463967227,-70.2151013640236,46.28450106157113,-69.7340623662286
-0.25,2,10,-46.02679304761548,-2.613158734864338,-68.70568286294476,41.6135881104034,-68.41882048183585
-0.25,2,15,-47.231668421065386,-2.906040159525636,-70.3319515226829,41.18895966029724,-69.7237142832145
-0.25,2,20,-47.737824930093076,-3.0630184410111343,-71.04658709410383,40.12738853503185,-70.26424421793624
-0.25,2,25,-48.52318983395579,-3.2183417110603476,-71.84267621441889,40.339702760084926,-71.09397334541282
-0.25,2,30,-49.22220819082096,-3.3399653499361035,-72.58145635892755,38.853503184713375,-71.8232864713719
-0.25,4,5,-16.952359085990842,-0.6512478892560426,-35.609572247340694,50.955414012738856,-29.332637502507154
-0.25,4,10,-12.378013640323926,-0.5390227043388803,-33.690271415692216,48.61995753715499,-21.883794281852865
-0.25,4,15,-16.91518388733182,-0.8683197025577234,-35.12779053712022,47.346072186836516,-29.273501806731016
-0.25,4,20,-18.248529409711665,-0.9830962734476401,-35.668032001133774,45.64755838641189,-31.380103222965705
-0.25,4,25,-20.71126717103281,-1.182132367919979,-38.64428898315558,45.64755838641189,-35.1930696219454
-0.25,4,30,-20.96029064420133,-1.2299670925833721,-39.500359673350275,45.43524416135881,-35.57297675820714
-0.25,6,5,-4.151590949427886,-0.058968139106032116,-28.06500476149819,52.12765957446809,-7.603739843981283
-0.25,6,10,-0.0011140280802957037,0.10856669527173977,-27.48584052612485,49.57446808510638,-0.002077740772787884
-0.25,6,15,-4.726736982529644,-0.16832230860454872,-27.852886066116156,47.87234042553192,-8.635113306966558
-0.25,6,20,-6.304283088053008,-0.2741175471176642,-27.56703130868816,49.148936170212764,-11.436439526403719
-0.25,6,25,-8.023000940326241,-0.4029951414350674,-27.773786991564243,47.23404255319149,-14.442341205095765
-0.25,6,30,-8.168706573248985,-0.43065908525588903,-27.160952833516426,47.02127659574468,-14.694954154473127
-0.25,8,5,5.1712522415501505,0.3760286117059966,-22.1688828668016,52.55319148936171,9.860033397449852
-0.25,8,10,8.360558098381388,0.5705873139745762,-21.41177702036702,51.06382978723404,16.154921965264712
-0.25,8,15,3.373622162155532,0.2999821268497081,-21.947726824702297,49.787234042553195,6.383750621089379
-0.25,8,20,1.3340113899846129,0.17418746950217734,-22.557668481286985,49.148936170212764,2.502384829766857
-0.25,8,25,0.14263032852765978,0.08740255057738382,-22.586781558693758,48.93617021276596,0.26618098658071077
-0.25,8,30,-0.6860842704927483,0.028661690472780336,-23.146370116950223,48.08510638297872,-1.2758031128554004
-0.25,13,5,17.928236992056725,1.154574711731878,-18.20751497682539,52.87846481876333,35.92166767499969
-0.25,13,10,15.503870180453472,1.1326093364233134,-18.419622650459733,51.812366737739865,30.76728570386551
-0.25,13,15,10.438536695424405,0.8443638764422229,-18.6993145300252,50.10660980810234,20.296310855765686
-0.25,13,20,8.558540519336045,0.7265000704147759,-19.436560581702867,49.46695095948827,16.513073626887763
-0.25,13,25,7.175780997410097,0.6291937268605459,-19.461265725278754,48.8272921108742,13.766192277909495
-0.25,13,30,5.889585634722616,0.5422743687648466,-19.823591636201023,48.8272921108742,11.238380533898429
-0.25,26,5,18.286839498122287,1.5905562693370183,-18.440908841695524,55.55555555555556,36.60083887223913
-0.25,26,10,11.817168333598316,1.1285601452328609,-18.765702153688444,54.91452991452992,23.051580326896715
-0.25,26,15,7.894767067961794,0.8001583115109244,-18.72148321163968,51.92307692307693,15.15596082180175
-0.25,26,20,7.42835557988224,0.7763702822196382,-18.690718175480402,51.92307692307693,14.233187379115853
-0.25,26,25,7.090049304859725,0.7537492235268672,-18.702818717912095,50.85470085470085,13.566008772334449
-0.25,26,30,6.639257186165826,0.722453180392505,-19.050216881454595,51.70940170940172,12.679799042489194
-0.25,39,5,16.378434563327392,1.8380170557716458,-18.036034761819963,58.15450643776824,32.376796112661
-0.25,39,10,11.922924883309417,1.4115759036636861,-18.352656833477266,56.65236051502146,23.157657479127035
-0.25,39,15,10.344852363066659,1.274464121489859,-18.1073741830996,53.862660944206006,19.9657888084092
-0.25,39,20,10.11304429502571,1.2809600008590276,-18.339403961233202,54.72103004291845,19.500168773091197
-0.25,39,25,9.974286461477089,1.2915087631539381,-18.422944589903658,54.93562231759657,19.221851484328646
-0.25,39,30,9.873888047185165,1.308548811472451,-18.597294682814315,54.506437768240346,19.020660483017448
-0.25,52,5,14.860355549332628,2.0050415667415726,-15.598691772905028,58.83620689655172,29.05935614152395
-0.25,52,10,11.97615660165361,1.7276538385919202,-15.226651749425969,56.896551724137936,23.15538507215131
-0.25,52,15,11.500819007452655,1.7233758539818598,-14.798471775039424,55.603448275862064,22.194500737794385
-0.25,52,20,11.328161204575071,1.741053639856594,-15.032812366452875,57.11206896551724,21.846328401852965
-0.25,52,25,11.194935186110166,1.7535407231741644,-15.182452678954593,56.46551724137932,21.577982344287673
-0.25,52,30,11.110660115002101,1.7818786190748674,-15.417060473516486,56.68103448275862,21.408373688567007
-0.25,65,5,13.912605065235951,2.1473668202257112,-15.730747046239479,59.307359307359306,26.974039726340582
-0.25,65,10,11.896105403372804,1.9896785953790026,-15.033706267683044,57.57575757575758,22.883653044130092
-0.25,65,15,12.019347016018678,2.074073791992894,-14.526164647847251,58.44155844155844,23.13189614964537
-0.25,65,20,11.54550195380375,2.0435538521819474,-14.455019539714664,58.44155844155844,22.17868520605628
-0.25,65,25,11.32427375795968,2.0547775819656264,-14.4621543631278,58.44155844155844,21.734804549821952
-0.25,65,30,11.53286536401421,2.1367069292526892,-14.577975990657588,59.09090909090909,22.153310898063026
-0.25,78,5,13.640770608599029,2.2871950157984564,-15.177043831689064,59.78260869565217,26.29085332607555
-0.25,78,10,12.241212871415886,2.2458735067415976,-13.922726751560276,58.69565217391305,23.466160348180033
-0.25,78,15,12.48341645299369,2.373010398453256,-13.323705061182167,59.130434782608695,23.95292606823125
-0.25,78,20,12.338581630154977,2.3959245822465136,-13.334740953538304,59.78260869565217,23.661741934241643
-0.25,78,25,12.106270592385426,2.4173656113681794,-13.366377063243572,60.0,23.19533745619613
-0.25,78,30,12.435564207849193,2.534102944131673,-13.36931163864966,60.21739130434782,23.85668694950873
-0.25,104,5,14.990651298449142,3.0348060283656793,-12.983747445138395,58.99122807017544,28.756836952753282
-0.25,104,10,13.730966503604968,3.067145448136879,-12.120878887232001,58.55263157894737,26.215848762925198
-0.25,104,15,14.274963873744406,3.291075900221937,-11.367055571944906,60.526315789473685,27.31039979541201
-0.25,104,20,14.270167376087617,3.3450070634563045,-11.244465770276857,61.622807017543856,27.30073051957873
-0.25,104,25,14.076100154566195,3.36062079289543,-11.14779345774114,61.18421052631579,26.90978535408859
-0.25,104,30,14.493515440858197,3.509305035378079,-10.996357947046388,61.622807017543856,27.75132714397275
-0.15,1,5,-79.48347405072104,-5.360383394842651,-94.85303739099513,35.881104033970274,-94.82048267823598
-0.15,1,10,-77.96701042934741,-6.113307251169527,-94.12620735896053,28.237791932059448,-94.08202731423778
-0.15,1,15,-78.54166093683389,-6.737657934993603,-94.41531331605081,27.81316348195329,-94.36723946767907
-0.15,1,20,-78.90878624435469,-7.012818847105761,-94.6248599734668,27.176220806794056,-94.54601857272253
-0.15,1,25,-78.50847403794697,-7.161566180146988,-94.4408091962377,24.416135881104033,-94.3509463587261
-0.15,1,30,-78.40834096648621,-7.295071719770696,-94.38575337272792,25.690021231422506,-94.30165344111417
-0.15,2,5,-47.241318810052505,-2.2582199463967227,-70.2151013640236,46.28450106157113,-69.7340623662286
-0.15,2,10,-46.02679304761548,-2.613158734864338,-68.70568286294476,41.6135881104034,-68.41882048183585
-0.15,2,15,-47.18571227960826,-2.9015921975387626,-70.2836407645335,41.18895966029724,-69.67441308573117
-0.15,2,20,-47.56548611412165,-3.051572630357786,-70.86788176201416,40.12738853503185,-70.08071013408775
-0.15,2,25,-48.20196538753911,-3.19489937283529,-71.51338178629423,40.339702760084926,-70.75592298277672
-0.15,2,30,-48.857420860987354,-3.314027767899609,-72.21215249584634,39.27813163481954,-71.44377072132794
-0.15,4,5,-16.952359085990842,-0.6512478892560426,-35.609572247340694,50.955414012738856,-29.332637502507154
-0.15,4,10,-12.378013640323926,-0.5390227043388803,-33.690271415692216,48.61995753715499,-21.883794281852865
-0.15,4,15,-16.861805839681033,-0.8648316824570741,-35.12779053712022,47.346072186836516,-29.188551537040574
-0.15,4,20,-18.03536119360799,-0.9706052208792226,-35.35415043287754,45.64755838641189,-31.045300457187828
-0.15,4,25,-20.41009540521872,-1.1647755178204486,-38.20797992163075,45.43524416135881,-34.7322184557713
-0.15,4,30,-20.63168333925134,-1.2125563236341799,-39.029394541793,45.22292993630573,-35.07143854553208
-0.15,6,5,-4.151590949427886,-0.058968139106032116,-28.06500476149819,52.12765957446809,-7.603739843981283
-0.15,6,10,-0.0011140280802957037,0.10856669527173977,-27.48584052612485,49.57446808510638,-0.002077740772787884
-0.15,6,15,-4.6890740820581644,-0.16610576661087545,-27.852886066116156,47.87234042553192,-8.567739108419325
-0.15,6,20,-6.084557040543881,-0.26117835329009914,-27.56703130868816,49.361702127659576,-11.048687168879045
-0.15,6,25,-7.761331075379562,-0.3875767350901482,-27.773786991564243,47.23404255319149,-13.987808948100945
-0.15,6,30,-7.9047898949451305,-0.41563389015687563,-27.13714580964359,47.02127659574468,-14.237141666834141
-0.15,8,5,5.1712522415501505,0.3760286117059966,-22.1688828668016,52.55319148936171,9.860033397449852
-0.15,8,10,8.360558098381388,0.5705873139745762,-21.41177702036702,51.06382978723404,16.154921965264712
-0.15,8,15,3.4378430964298046,0.3038912118437891,-21.947726824702297,49.787234042553195,6.507048663887938
-0.15,8,20,1.5354674597930051,0.18697598589879527,-22.557668481286985,49.148936170212764,2.882775334755938
-0.15,8,25,0.3827140343666713,0.10295879155620419,-22.586781558693758,48.93617021276596,0.7149734493343773
-0.15,8,30,-0.4355660152958851,0.04513839212264022,-23.16615818434069,48.08510638297872,-0.8108343944301377
-0.15,13,5,17.928236992056725,1.154574711731878,-18.20751497682539,52.87846481876333,35.92166767499969
-0.15,13,10,15.503870180453472,1.1326093364233134,-18.419622650459733,51.812366737739865,30.76728570386551
-0.15,13,15,10.485498781398196,0.8477087847252889,-18.6993145300252,50.10660980810234,20.39153144203747
-0.15,13,20,8.69410622314859,0.7366222403837737,-19.436560581702867,49.68017057569296,16.78400932366475
-0.15,13,25,7.364169070682047,0.6436296625433213,-19.461265725278754,49.040511727078886,14.138644696448743
-0.15,13,30,6.060983029728773,0.5560798098832623,-19.80807343911031,49.040511727078886,11.573716755140184
-0.15,26,5,18.286839498122287,1.5905562693370183,-18.440908841695524,55.55555555555556,36.60083887223913
-0.15,26,10,11.817168333598316,1.1285601452328609,-18.765702153688444,54.91452991452992,23.051580326896715
-0.15,26,15,7.9496011781499565,0.8058840609244877,-18.72148321163968,51.92307692307693,15.264672633756105
-0.15,26,20,7.550710162089125,0.7893329750159245,-18.690718175480402,51.92307692307693,14.474928672374787
-0.15,26,25,7.260815157194478,0.7722131912799022,-18.702818717912095,50.85470085470085,13.902553088277504
-0.15,26,30,6.792025495534504,0.7394755825655405,-19.0602763525618,51.70940170940172,12.979766454560625
-0.15,39,5,16.378434563327392,1.8380170557716458,-18.036034761819963,58.15450643776824,32.376796112661
-0.15,39,10,11.922924883309417,1.4115759036636861,-18.352656833477266,56.65236051502146,23.157657479127035
-0.15,39,15,10.402795110521224,1.2814587446728838,-18.1073741830996,53.862660944206006,20.082305089288077
-0.15,39,20,10.220730213186812,1.2941013359326239,-18.339403961233202,54.72103004291845,19.71636809726196
-0.15,39,25,10.128222505498785,1.3107433411659175,-18.422944589903658,54.93562231759657,19.53063096242975
-0.15,39,30,10.042616819007977,1.3299791499466795,-18.613684099753314,54.506437768240346,19.35886970851335
-0.15,52,5,14.860355549332628,2.0050415667415726,-15.598691772905028,58.83620689655172,29.05935614152395
-0.15,52,10,11.97615660165361,1.7276538385919202,-15.226651749425969,56.896551724137936,23.15538507215131
-0.15,52,15,11.54104709825905,1.7290858968227254,-14.798471775039424,55.603448275862064,22.27568771420769
-0.15,52,20,11.437207152365424,1.7568240508535904,-15.032812366452875,57.327586206896555,22.066171720304297
-0.15,52,25,11.373114550190255,1.779739296734644,-15.182452678954593,56.68103448275862,21.936935167272644
-0.15,52,30,11.307271167589805,1.811369876699066,-15.43887313126502,56.896551724137936,21.80423347303291
-0.15,65,5,13.912605065235951,2.1473668202257112,-15.730747046239479,59.307359307359306,26.974039726340582
-0.15,65,10,11.896105403372804,1.9896785953790026,-15.033706267683044,57.57575757575758,22.883653044130092
-0.15,65,15,12.053184423418028,2.079306571371906,-14.526164647847251,58.44155844155844,23.200094002616154
-0.15,65,20,11.629180676940432,2.056830617366546,-14.455019539714664,58.44155844155844,22.3467727713067
-0.15,65,25,11.474212192139866,2.0792746904952866,-14.4621543631278,58.44155844155844,22.035566529198004
-0.15,65,30,11.685488070975136,2.1617016966450797,-14.599212449632537,59.307359307359306,22.459937974791888
-0.15,78,5,13.640770608599029,2.2871950157984564,-15.177043831689064,59.78260869565217,26.29085332607555
-0.15,78,10,12.241212871415886,2.2458735067415976,-13.922726751560276,58.69565217391305,23.466160348180033
-0.15,78,15,12.495214245141216,2.3749962191429654,-13.323705061182167,59.130434782608695,23.976658657018348
-0.15,78,20,12.396137954809316,2.40600430556905,-13.334740953538304,59.78260869565217,23.777419351875473
-0.15,78,25,12.22301504041936,2.4389201260614466,-13.366377063243572,60.0,23.429622459430234
-0.15,78,30,12.58155971628765,2.561680990641709,-13.39144980496474,60.21739130434782,24.15041484352798
-0.15,104,5,14.990651298449142,3.0348060283656793,-12.983747445138395,58.99122807017544,28.756836952753282
-0.15,104,10,13.730966503604968,3.067145448136879,-12.120878887232001,58.55263157894737,26.215848762925198
-0.15,104,15,14.29050640289824,3.294257952267048,-11.367055571944906,60.526315789473685,27.341734289675344
-0.15,104,20,14.332592808699474,3.3576101671916763,-11.244465770276857,61.622807017543856,27.426599847208834
-0.15,104,25,14.203084473694227,3.3869520893800065,-11.14779345774114,61.18421052631579,27.165532301831654
-0.15,104,30,14.65907151164565,3.544874787694659,-11.020428301557605,61.622807017543856,28.085790103980337
-0.05,1,5,-79.48347405072104,-5.360383394842651,-94.85303739099513,35.881104033970274,-94.82048267823598
-0.05,1,10,-77.96701042934741,-6.113307251169527,-94.12620735896053,28.237791932059448,-94.08202731423778
-0.05,1,15,-78.54166093683389,-6.737657934993603,-94.41531331605081,27.81316348195329,-94.36723946767907
-0.05,1,20,-78.95227220924518,-7.028793397727242,-94.64555511453725,27.176220806794056,-94.56701726568232
-0.05,1,25,-78.54963857606806,-7.184613503793697,-94.46069422874076,24.416135881104033,-94.37115282747912
-0.05,1,30,-78.44339590380756,-7.313687114611004,-94.40277764374135,25.690021231422506,-94.31893273121085
-0.05,2,5,-47.241318810052505,-2.2582199463967227,-70.2151013640236,46.28450106157113,-69.7340623662286
-0.05,2,10,-46.02679304761548,-2.613158734864338,-68.70568286294476,41.6135881104034,-68.41882048183585
-0.05,2,15,-47.18571227960826,-2.9015921975387626,-70.2836407645335,41.18895966029724,-69.67441308573117
-0.05,2,20,-47.63768244458557,-3.0597376814319297,-70.94280738818463,40.12738853503185,-70.15766030672765
-0.05,2,25,-48.29070098500975,-3.2066968041934656,-71.6045245997285,40.339702760084926,-70.84948928242108
-0.05,2,30,-48.978941886465535,-3.330253620054294,-72.3354332815868,39.27813163481954,-71.57046043281902
-0.05,4,5,-16.952359085990842,-0.6512478892560426,-35.609572247340694,50.955414012738856,-29.332637502507154
-0.05,4,10,-12.378013640323926,-0.5390227043388803,-33.690271415692216,48.61995753715499,-21.883794281852865
-0.05,4,15,-16.861805839681033,-0.8648316824570741,-35.12779053712022,47.346072186836516,-29.188551537040574
-0.05,4,20,-18.07754016178026,-0.9736645413829255,-35.41631362558329,45.64755838641189,-31.111607022951105
-0.05,4,25,-20.47570378945951,-1.1701385999315481,-38.30314958297293,45.43524416135881,-34.83274134947576
-0.05,4,30,-20.750637361160116,-1.2224419201828254,-39.2000773940148,45.22292993630573,-35.25320141267798
-0.05,6,5,-4.151590949427886,-0.058968139106032116,-28.06500476149819,52.12765957446809,-7.603739843981283
-0.05,6,10,-0.0011140280802957037,0.10856669527173977,-27.48584052612485,49.57446808510638,-0.002077740772787884
-0.05,6,15,-4.6890740820581644,-0.16610576661087545,-27.852886066116156,47.87234042553192,-8.567739108419325
-0.05,6,20,-6.115819903106523,-0.26316179839056736,-27.56703130868816,49.361702127659576,-11.103904939984034
-0.05,6,25,-7.839739649142718,-0.3928971550219455,-27.773786991564243,47.23404255319149,-14.12412535678207
-0.05,6,30,-8.048324469903745,-0.42562780460339433,-27.13714580964359,47.02127659574468,-14.486270020018289
-0.05,8,5,5.1712522415501505,0.3760286117059966,-22.1688828668016,52.55319148936171,9.860033397449852
-0.05,8,10,8.360558098381388,0.5705873139745762,-21.41177702036702,51.06382978723404,16.154921965264712
-0.05,8,15,3.4378430964298046,0.3038912118437891,-21.947726824702297,49.787234042553195,6.507048663887938
-0.05,8,20,1.4879927960511408,0.18397205298753036,-22.557668481286985,49.148936170212764,2.793074544330021
-0.05,8,25,0.3322020658854452,0.09963714730212488,-22.586781558693758,48.93617021276596,0.620473367929586
-0.05,8,30,-0.535503989551811,0.038338746528488225,-23.16615818434069,48.08510638297872,-0.9964434936796551
-0.05,13,5,17.928236992056725,1.154574711731878,-18.20751497682539,52.87846481876333,35.92166767499969
-0.05,13,10,15.503870180453472,1.1326093364233134,-18.419622650459733,51.812366737739865,30.76728570386551
-0.05,13,15,10.485498781398196,0.8477087847252889,-18.6993145300252,50.10660980810234,20.39153144203747
-0.05,13,20,8.659539111477477,0.7341481146408708,-19.436560581702867,49.68017057569296,16.714897347914516
-0.05,13,25,7.3408184941494925,0.6420007532536415,-19.461265725278754,49.040511727078886,14.092448886745235
-0.05,13,30,6.0131940147641005,0.5525386423684773,-19.80807343911031,49.040511727078886,11.48017136938002
-0.05,26,5,18.286839498122287,1.5905562693370183,-18.440908841695524,55.55555555555556,36.60083887223913
-0.05,26,10,11.817168333598316,1.1285601452328609,-18.765702153688444,54.91452991452992,23.051580326896715
-0.05,26,15,7.9496011781499565,0.8058840609244877,-18.72148321163968,51.92307692307693,15.264672633756105
-0.05,26,20,7.535017744123329,0.7877671243457846,-18.690718175480402,51.92307692307693,14.443911291689204
-0.05,26,25,7.241222766589894,0.7702298105684307,-18.702818717912095,50.85470085470085,13.86391718156843
-0.05,26,30,6.774039341956772,0.7375941167500681,-19.0602763525618,51.49572649572649,12.944430721176193
-0.05,39,5,16.378434563327392,1.8380170557716458,-18.036034761819963,58.15450643776824,32.376796112661
-0.05,39,10,11.922924883309417,1.4115759036636861,-18.352656833477266,56.65236051502146,23.157657479127035
-0.05,39,15,10.402795110521224,1.2814587446728838,-18.1073741830996,53.862660944206006,20.082305089288077
-0.05,39,20,10.210793527555717,1.2929338198988176,-18.339403961233202,54.72103004291845,19.696410854032777
-0.05,39,25,10.107915397200863,1.3083050989102414,-18.422944589903658,54.93562231759657,19.48987604303398
-0.05,39,30,10.026793892129348,1.328008805854864,-18.613684099753314,54.506437768240346,19.327134637896883
-0.05,52,5,14.860355549332628,2.0050415667415726,-15.598691772905028,58.83620689655172,29.05935614152395
-0.05,52,10,11.97615660165361,1.7276538385919202,-15.226651749425969,56.896551724137936,23.15538507215131
-0.05,52,15,11.54104709825905,1.7290858968227254,-14.798471775039424,55.603448275862064,22.27568771420769
-0.05,52,20,11.427149084295474,1.7554640663093488,-15.032812366452875,57.327586206896555,22.0458864580539
-0.05,52,25,11.358874169296662,1.7777754500143426,-15.182452678954593,56.68103448275862,21.908229304982086
-0.05,52,30,11.300388820518759,1.8103701915586639,-15.43887313126502,56.896551724137936,21.790366503494376
-0.05,65,5,13.912605065235951,2.1473668202257112,-15.730747046239479,59.307359307359306,26.974039726340582
-0.05,65,10,11.896105403372804,1.9896785953790026,-15.033706267683044,57.57575757575758,22.883653044130092
-0.05,65,15,12.053184423418028,2.079306571371906,-14.526164647847251,58.44155844155844,23.200094002616154
-0.05,65,20,11.622939724782743,2.0559060991762608,-14.455019539714664,58.44155844155844,22.334232788181406
-0.05,65,25,11.470012927850037,2.078694268660562,-14.4621543631278,58.44155844155844,22.027138620218278
-0.05,65,30,11.685358623160047,2.1617472647717015,-14.599212449632537,59.307359307359306,22.45967775924629
-0.05,78,5,13.640770608599029,2.2871950157984564,-15.177043831689064,59.78260869565217,26.29085332607555
-0.05,78,10,12.241212871415886,2.2458735067415976,-13.922726751560276,58.69565217391305,23.466160348180033
-0.05,78,15,12.495214245141216,2.3749962191429654,-13.323705061182167,59.130434782608695,23.976658657018348
-0.05,78,20,12.38988797470537,2.405028299135118,-13.334740953538304,59.78260869565217,23.764855697105357
-0.05,78,25,12.217343286202698,2.43809364544054,-13.366377063243572,60.0,23.41823562245178
-0.05,78,30,12.579009712675848,2.5613640763502694,-13.39144980496474,60.21739130434782,24.145281800075136
-0.05,104,5,14.990651298449142,3.0348060283656793,-12.983747445138395,58.99122807017544,28.756836952753282
-0.05,104,10,13.730966503604968,3.067145448136879,-12.120878887232001,58.55263157894737,26.215848762925198
-0.05,104,15,14.29050640289824,3.294257952267048,-11.367055571944906,60.526315789473685,27.341734289675344
-0.05,104,20,14.327970392916134,3.35669987558321,-11.244465770276857,61.622807017543856,27.417277693818164
-0.05,104,25,14.216098494709573,3.389920309034064,-11.14779345774114,61.18421052631579,27.19175560623963
-0.05,104,30,14.682774840931522,3.5502136896509895,-11.020428301557605,61.622807017543856,28.133708527385902
