Datetime,Hourly_Return
2024-07-29 10:30:00,0
2024-07-29 11:30:00,0
2024-07-29 12:30:00,0
2024-07-29 13:30:00,0
2024-07-29 14:30:00,0
2024-07-29 15:30:00,0
2024-07-30 09:30:00,0
2024-07-30 10:30:00,0
2024-07-30 11:30:00,0
2024-07-30 12:30:00,0
2024-07-30 13:30:00,0
2024-07-30 14:30:00,0
2024-07-30 15:30:00,0
2024-07-31 09:30:00,0
2024-07-31 10:30:00,0
2024-07-31 11:30:00,0
2024-07-31 12:30:00,0
2024-07-31 13:30:00,0
2024-07-31 14:30:00,0
2024-07-31 15:30:00,0
2024-08-01 09:30:00,0
2024-08-01 10:30:00,0
2024-08-01 11:30:00,0
2024-08-01 12:30:00,0
2024-08-01 13:30:00,0
2024-08-01 14:30:00,0
2024-08-01 15:30:00,0
2024-08-02 09:30:00,0
2024-08-02 10:30:00,0
2024-08-02 11:30:00,0
2024-08-02 12:30:00,0
2024-08-02 13:30:00,0
2024-08-02 14:30:00,0
2024-08-02 15:30:00,0
2024-08-05 09:30:00,0
2024-08-05 10:30:00,0
2024-08-05 11:30:00,0
2024-08-05 12:30:00,0
2024-08-05 13:30:00,0
2024-08-05 14:30:00,0
2024-08-05 15:30:00,0
2024-08-06 09:30:00,0
2024-08-06 10:30:00,0
2024-08-06 11:30:00,0
2024-08-06 12:30:00,0
2024-08-06 13:30:00,0
2024-08-06 14:30:00,0
2024-08-06 15:30:00,0
2024-08-07 09:30:00,0
2024-08-07 10:30:00,0
2024-08-07 11:30:00,0
2024-08-07 12:30:00,0
2024-08-07 13:30:00,0
2024-08-07 14:30:00,0
2024-08-07 15:30:00,0
2024-08-08 09:30:00,0
2024-08-08 10:30:00,0
2024-08-08 11:30:00,0
2024-08-08 12:30:00,0
2024-08-08 13:30:00,0
2024-08-08 14:30:00,0
2024-08-08 15:30:00,0
2024-08-09 09:30:00,0
2024-08-09 10:30:00,0
2024-08-09 11:30:00,0
2024-08-09 12:30:00,0
2024-08-09 13:30:00,0
2024-08-09 14:30:00,0
2024-08-09 15:30:00,0
2024-08-12 09:30:00,0
2024-08-12 10:30:00,0
2024-08-12 11:30:00,0
2024-08-12 12:30:00,0
2024-08-12 13:30:00,0
2024-08-12 14:30:00,0
2024-08-12 15:30:00,0
2024-08-13 09:30:00,0
2024-08-13 10:30:00,0
2024-08-13 11:30:00,0
2024-08-13 12:30:00,0
2024-08-13 13:30:00,0
2024-08-13 14:30:00,0
2024-08-13 15:30:00,0
2024-08-14 09:30:00,0
2024-08-14 10:30:00,0
2024-08-14 11:30:00,0
2024-08-14 12:30:00,0
2024-08-14 13:30:00,0
2024-08-14 14:30:00,0
2024-08-14 15:30:00,0
2024-08-15 09:30:00,0
2024-08-15 10:30:00,0
2024-08-15 11:30:00,0
2024-08-15 12:30:00,0
2024-08-15 13:30:00,0
2024-08-15 14:30:00,0
2024-08-15 15:30:00,0
2024-08-16 09:30:00,0
2024-08-16 10:30:00,0
2024-08-16 11:30:00,0
2024-08-16 12:30:00,0
2024-08-16 13:30:00,0
2024-08-16 14:30:00,0
2024-08-16 15:30:00,0
2024-08-19 09:30:00,0
2024-08-19 10:30:00,0
2024-08-19 11:30:00,0
2024-08-19 12:30:00,0
2024-08-19 13:30:00,0
2024-08-19 14:30:00,0
2024-08-19 15:30:00,0
2024-08-20 09:30:00,0
2024-08-20 10:30:00,0
2024-08-20 11:30:00,0
2024-08-20 12:30:00,0
2024-08-20 13:30:00,0
2024-08-20 14:30:00,0
2024-08-20 15:30:00,0
2024-08-21 09:30:00,0
2024-08-21 10:30:00,0
2024-08-21 11:30:00,0
2024-08-21 12:30:00,0
2024-08-21 13:30:00,0
2024-08-21 14:30:00,0
2024-08-21 15:30:00,0
2024-08-22 09:30:00,0
2024-08-22 10:30:00,0
2024-08-22 11:30:00,0
2024-08-22 12:30:00,0
2024-08-22 13:30:00,0
2024-08-22 14:30:00,0
2024-08-22 15:30:00,0
2024-08-23 09:30:00,0
2024-08-23 10:30:00,0
2024-08-23 11:30:00,0
2024-08-23 12:30:00,0
2024-08-23 13:30:00,0
2024-08-23 14:30:00,0
2024-08-23 15:30:00,0
2024-08-26 09:30:00,0
2024-08-26 10:30:00,0
2024-08-26 11:30:00,0
2024-08-26 12:30:00,0
2024-08-26 13:30:00,0
2024-08-26 14:30:00,0
2024-08-26 15:30:00,0
2024-08-27 09:30:00,0
2024-08-27 10:30:00,0
2024-08-27 11:30:00,0
2024-08-27 12:30:00,0
2024-08-27 13:30:00,0
2024-08-27 14:30:00,0
2024-08-27 15:30:00,0
2024-08-28 09:30:00,0
2024-08-28 10:30:00,0
2024-08-28 11:30:00,0
2024-08-28 12:30:00,0
2024-08-28 13:30:00,0
2024-08-28 14:30:00,0
2024-08-28 15:30:00,0
2024-08-29 09:30:00,0
2024-08-29 10:30:00,0
2024-08-29 11:30:00,0
2024-08-29 12:30:00,0
2024-08-29 13:30:00,0
2024-08-29 14:30:00,0
2024-08-29 15:30:00,0
2024-08-30 09:30:00,0
2024-08-30 10:30:00,0
2024-08-30 11:30:00,0
2024-08-30 12:30:00,0
2024-08-30 13:30:00,0
2024-08-30 14:30:00,0
2024-08-30 15:30:00,0
2024-09-03 09:30:00,0
2024-09-03 10:30:00,0
2024-09-03 11:30:00,0
2024-09-03 12:30:00,0
2024-09-03 13:30:00,0
2024-09-03 14:30:00,0
2024-09-03 15:30:00,0
2024-09-04 09:30:00,0
2024-09-04 10:30:00,0
2024-09-04 11:30:00,0
2024-09-04 12:30:00,0
2024-09-04 13:30:00,0
2024-09-04 14:30:00,0
2024-09-04 15:30:00,0
2024-09-05 09:30:00,0
2024-09-05 10:30:00,0
2024-09-05 11:30:00,0
2024-09-05 12:30:00,0
2024-09-05 13:30:00,0
2024-09-05 14:30:00,0
2024-09-05 15:30:00,0
2024-09-06 09:30:00,0
2024-09-06 10:30:00,0
2024-09-06 11:30:00,0
2024-09-06 12:30:00,0
2024-09-06 13:30:00,0
2024-09-06 14:30:00,0
2024-09-06 15:30:00,0
2024-09-09 09:30:00,0
2024-09-09 10:30:00,0
2024-09-09 11:30:00,0
2024-09-09 12:30:00,0
2024-09-09 13:30:00,0
2024-09-09 14:30:00,0
2024-09-09 15:30:00,0
2024-09-10 09:30:00,0
2024-09-10 10:30:00,0
2024-09-10 11:30:00,0
2024-09-10 12:30:00,0
2024-09-10 13:30:00,0
2024-09-10 14:30:00,0
2024-09-10 15:30:00,0
2024-09-11 09:30:00,0
2024-09-11 10:30:00,0
2024-09-11 11:30:00,0
2024-09-11 12:30:00,0
2024-09-11 13:30:00,0
2024-09-11 14:30:00,0
2024-09-11 15:30:00,0
2024-09-12 09:30:00,0
2024-09-12 10:30:00,0
2024-09-12 11:30:00,0
2024-09-12 12:30:00,0
2024-09-12 13:30:00,0
2024-09-12 14:30:00,0
2024-09-12 15:30:00,0
2024-09-13 09:30:00,0
2024-09-13 10:30:00,0
2024-09-13 11:30:00,0
2024-09-13 12:30:00,0
2024-09-13 13:30:00,0
2024-09-13 14:30:00,0
2024-09-13 15:30:00,0
2024-09-16 09:30:00,0
2024-09-16 10:30:00,0
2024-09-16 11:30:00,0
2024-09-16 12:30:00,0
2024-09-16 13:30:00,0
2024-09-16 14:30:00,0
2024-09-16 15:30:00,0
2024-09-17 09:30:00,0
2024-09-17 10:30:00,0
2024-09-17 11:30:00,0
2024-09-17 12:30:00,0
2024-09-17 13:30:00,0
2024-09-17 14:30:00,0
2024-09-17 15:30:00,0
2024-09-18 09:30:00,0
2024-09-18 10:30:00,0
2024-09-18 11:30:00,0
2024-09-18 12:30:00,0
2024-09-18 13:30:00,0
2024-09-18 14:30:00,0
2024-09-18 15:30:00,0
2024-09-19 09:30:00,0
2024-09-19 10:30:00,0
2024-09-19 11:30:00,0
2024-09-19 12:30:00,0
2024-09-19 13:30:00,0
2024-09-19 14:30:00,0
2024-09-19 15:30:00,0
2024-09-20 09:30:00,0
2024-09-20 10:30:00,0
2024-09-20 11:30:00,0
2024-09-20 12:30:00,0
2024-09-20 13:30:00,0
2024-09-20 14:30:00,0
2024-09-20 15:30:00,0
2024-09-23 09:30:00,0
2024-09-23 10:30:00,0
2024-09-23 11:30:00,0
2024-09-23 12:30:00,0
2024-09-23 13:30:00,0
2024-09-23 14:30:00,0
2024-09-23 15:30:00,0
2024-09-24 09:30:00,0
2024-09-24 10:30:00,0
2024-09-24 11:30:00,0
2024-09-24 12:30:00,0
2024-09-24 13:30:00,0
2024-09-24 14:30:00,0
2024-09-24 15:30:00,0
2024-09-25 09:30:00,0
2024-09-25 10:30:00,0
2024-09-25 11:30:00,0
2024-09-25 12:30:00,0
2024-09-25 13:30:00,0
2024-09-25 14:30:00,0
2024-09-25 15:30:00,0
2024-09-26 09:30:00,0
2024-09-26 10:30:00,0
2024-09-26 11:30:00,0
2024-09-26 12:30:00,0
2024-09-26 13:30:00,0
2024-09-26 14:30:00,0
2024-09-26 15:30:00,0
2024-09-27 09:30:00,0
2024-09-27 10:30:00,0
2024-09-27 11:30:00,0
2024-09-27 12:30:00,0
2024-09-27 13:30:00,0
2024-09-27 14:30:00,0
2024-09-27 15:30:00,0
2024-09-30 09:30:00,0
2024-09-30 10:30:00,0
2024-09-30 11:30:00,0
2024-09-30 12:30:00,0
2024-09-30 13:30:00,0
2024-09-30 14:30:00,0
2024-09-30 15:30:00,0
2024-10-01 09:30:00,0
2024-10-01 10:30:00,0
2024-10-01 11:30:00,0
2024-10-01 12:30:00,0
2024-10-01 13:30:00,0
2024-10-01 14:30:00,0
2024-10-01 15:30:00,0
2024-10-02 09:30:00,0
2024-10-02 10:30:00,0
2024-10-02 11:30:00,0
2024-10-02 12:30:00,0
2024-10-02 13:30:00,0
2024-10-02 14:30:00,0
2024-10-02 15:30:00,0
2024-10-03 09:30:00,0
2024-10-03 10:30:00,0
2024-10-03 11:30:00,0
2024-10-03 12:30:00,0
2024-10-03 13:30:00,0
2024-10-03 14:30:00,0
2024-10-03 15:30:00,0
2024-10-04 09:30:00,0
2024-10-04 10:30:00,0
2024-10-04 11:30:00,0
2024-10-04 12:30:00,0
2024-10-04 13:30:00,0
2024-10-04 14:30:00,0
2024-10-04 15:30:00,0
2024-10-07 09:30:00,0
2024-10-07 10:30:00,0
2024-10-07 11:30:00,0
2024-10-07 12:30:00,0
2024-10-07 13:30:00,0
2024-10-07 14:30:00,0
2024-10-07 15:30:00,0
2024-10-08 09:30:00,0
2024-10-08 10:30:00,0
2024-10-08 11:30:00,0
2024-10-08 12:30:00,0
2024-10-08 13:30:00,0
2024-10-08 14:30:00,0
2024-10-08 15:30:00,0
2024-10-09 09:30:00,0
2024-10-09 10:30:00,0
2024-10-09 11:30:00,0
2024-10-09 12:30:00,0
2024-10-09 13:30:00,0
2024-10-09 14:30:00,0
2024-10-09 15:30:00,0
2024-10-10 09:30:00,0
2024-10-10 10:30:00,0
2024-10-10 11:30:00,0
2024-10-10 12:30:00,0
2024-10-10 13:30:00,0
2024-10-10 14:30:00,0
2024-10-10 15:30:00,0
2024-10-11 09:30:00,0
2024-10-11 10:30:00,0
2024-10-11 11:30:00,0
2024-10-11 12:30:00,0
2024-10-11 13:30:00,0
2024-10-11 14:30:00,0
2024-10-11 15:30:00,0
2024-10-14 09:30:00,0
2024-10-14 10:30:00,0
2024-10-14 11:30:00,0
2024-10-14 12:30:00,0
2024-10-14 13:30:00,0
2024-10-14 14:30:00,0
2024-10-14 15:30:00,0
2024-10-15 09:30:00,0
2024-10-15 10:30:00,0
2024-10-15 11:30:00,0
2024-10-15 12:30:00,0
2024-10-15 13:30:00,0
2024-10-15 14:30:00,0
2024-10-15 15:30:00,0
2024-10-16 09:30:00,0
2024-10-16 10:30:00,0
2024-10-16 11:30:00,0
2024-10-16 12:30:00,0
2024-10-16 13:30:00,0
2024-10-16 14:30:00,0
2024-10-16 15:30:00,0
2024-10-17 09:30:00,0
2024-10-17 10:30:00,0
2024-10-17 11:30:00,0
2024-10-17 12:30:00,0
2024-10-17 13:30:00,0
2024-10-17 14:30:00,0
2024-10-17 15:30:00,0
2024-10-18 09:30:00,0
2024-10-18 10:30:00,0
2024-10-18 11:30:00,0
2024-10-18 12:30:00,0
2024-10-18 13:30:00,0
2024-10-18 14:30:00,0
2024-10-18 15:30:00,0
2024-10-21 09:30:00,0
2024-10-21 10:30:00,0
2024-10-21 11:30:00,0
2024-10-21 12:30:00,0
2024-10-21 13:30:00,0
2024-10-21 14:30:00,0
2024-10-21 15:30:00,0
2024-10-22 09:30:00,0
2024-10-22 10:30:00,0
2024-10-22 11:30:00,0
2024-10-22 12:30:00,0
2024-10-22 13:30:00,0
2024-10-22 14:30:00,0
2024-10-22 15:30:00,0
2024-10-23 09:30:00,0
2024-10-23 10:30:00,0
2024-10-23 11:30:00,0
2024-10-23 12:30:00,0
2024-10-23 13:30:00,0
2024-10-23 14:30:00,0
2024-10-23 15:30:00,0
2024-10-24 09:30:00,0
2024-10-24 10:30:00,0
2024-10-24 11:30:00,0
2024-10-24 12:30:00,0
2024-10-24 13:30:00,0
2024-10-24 14:30:00,0
2024-10-24 15:30:00,0
2024-10-25 09:30:00,0
2024-10-25 10:30:00,0
2024-10-25 11:30:00,0
2024-10-25 12:30:00,0
2024-10-25 13:30:00,0
2024-10-25 14:30:00,0
2024-10-25 15:30:00,0
2024-10-28 09:30:00,0
2024-10-28 10:30:00,0
2024-10-28 11:30:00,0
2024-10-28 12:30:00,0
2024-10-28 13:30:00,0
2024-10-28 14:30:00,0
2024-10-28 15:30:00,0
2024-10-29 09:30:00,0
2024-10-29 10:30:00,0
2024-10-29 11:30:00,0
2024-10-29 12:30:00,0
2024-10-29 13:30:00,0
2024-10-29 14:30:00,0
2024-10-29 15:30:00,0
2024-10-30 09:30:00,0
2024-10-30 10:30:00,0
2024-10-30 11:30:00,0
2024-10-30 12:30:00,0
2024-10-30 13:30:00,0
2024-10-30 14:30:00,0
2024-10-30 15:30:00,0
2024-10-31 09:30:00,0
2024-10-31 10:30:00,0
2024-10-31 11:30:00,0
2024-10-31 12:30:00,0
2024-10-31 13:30:00,0
2024-10-31 14:30:00,0
2024-10-31 15:30:00,0
2024-11-01 09:30:00,0
2024-11-01 10:30:00,0
2024-11-01 11:30:00,0
2024-11-01 12:30:00,0
2024-11-01 13:30:00,0
2024-11-01 14:30:00,0
2024-11-01 15:30:00,0
2024-11-04 09:30:00,0
2024-11-04 10:30:00,0
2024-11-04 11:30:00,0
2024-11-04 12:30:00,0
2024-11-04 13:30:00,0
2024-11-04 14:30:00,0
2024-11-04 15:30:00,0
2024-11-05 09:30:00,0
2024-11-05 10:30:00,0
2024-11-05 11:30:00,0
2024-11-05 12:30:00,0
2024-11-05 13:30:00,0
2024-11-05 14:30:00,0
2024-11-05 15:30:00,0
2024-11-06 09:30:00,0
2024-11-06 10:30:00,0
2024-11-06 11:30:00,0
2024-11-06 12:30:00,0
2024-11-06 13:30:00,0
2024-11-06 14:30:00,0
2024-11-06 15:30:00,0
2024-11-07 09:30:00,0
2024-11-07 10:30:00,0
2024-11-07 11:30:00,0
2024-11-07 12:30:00,0
2024-11-07 13:30:00,0
2024-11-07 14:30:00,0
2024-11-07 15:30:00,0
2024-11-08 09:30:00,0
2024-11-08 10:30:00,0
2024-11-08 11:30:00,0
2024-11-08 12:30:00,0
2024-11-08 13:30:00,0
2024-11-08 14:30:00,0
2024-11-08 15:30:00,0
2024-11-11 09:30:00,0
2024-11-11 10:30:00,0
2024-11-11 11:30:00,0
2024-11-11 12:30:00,0
2024-11-11 13:30:00,0
2024-11-11 14:30:00,0
2024-11-11 15:30:00,0
2024-11-12 09:30:00,0
2024-11-12 10:30:00,0
2024-11-12 11:30:00,0
2024-11-12 12:30:00,0
2024-11-12 13:30:00,0
2024-11-12 14:30:00,0
2024-11-12 15:30:00,0
2024-11-13 09:30:00,0
2024-11-13 10:30:00,0
2024-11-13 11:30:00,0
2024-11-13 12:30:00,0
2024-11-13 13:30:00,0
2024-11-13 14:30:00,0
2024-11-13 15:30:00,0
2024-11-14 09:30:00,0
2024-11-14 10:30:00,0
2024-11-14 11:30:00,0
2024-11-14 12:30:00,0
2024-11-14 13:30:00,0
2024-11-14 14:30:00,0
2024-11-14 15:30:00,0
2024-11-15 09:30:00,0
2024-11-15 10:30:00,0
2024-11-15 11:30:00,0
2024-11-15 12:30:00,0
2024-11-15 13:30:00,0
2024-11-15 14:30:00,0
2024-11-15 15:30:00,0
2024-11-18 09:30:00,0
2024-11-18 10:30:00,0
2024-11-18 11:30:00,0
2024-11-18 12:30:00,0
2024-11-18 13:30:00,0
2024-11-18 14:30:00,0
2024-11-18 15:30:00,0
2024-11-19 09:30:00,0
2024-11-19 10:30:00,0
2024-11-19 11:30:00,0
2024-11-19 12:30:00,0
2024-11-19 13:30:00,0
2024-11-19 14:30:00,0
2024-11-19 15:30:00,0
2024-11-20 09:30:00,0
2024-11-20 10:30:00,0
2024-11-20 11:30:00,0
2024-11-20 12:30:00,0
2024-11-20 13:30:00,0
2024-11-20 14:30:00,0
2024-11-20 15:30:00,0
2024-11-21 09:30:00,0
2024-11-21 10:30:00,0
2024-11-21 11:30:00,0
2024-11-21 12:30:00,0
2024-11-21 13:30:00,0
2024-11-21 14:30:00,0
2024-11-21 15:30:00,0
2024-11-22 09:30:00,0
2024-11-22 10:30:00,0
2024-11-22 11:30:00,0
2024-11-22 12:30:00,0
2024-11-22 13:30:00,0
2024-11-22 14:30:00,0
2024-11-22 15:30:00,0
2024-11-25 09:30:00,0
2024-11-25 10:30:00,0
2024-11-25 11:30:00,0
2024-11-25 12:30:00,0
2024-11-25 13:30:00,0
2024-11-25 14:30:00,0
2024-11-25 15:30:00,0
2024-11-26 09:30:00,0
2024-11-26 10:30:00,0
2024-11-26 11:30:00,0
2024-11-26 12:30:00,0
2024-11-26 13:30:00,0
2024-11-26 14:30:00,0
2024-11-26 15:30:00,0
2024-11-27 09:30:00,0
2024-11-27 10:30:00,0
2024-11-27 11:30:00,0
2024-11-27 12:30:00,0
2024-11-27 13:30:00,0
2024-11-27 14:30:00,0
2024-11-27 15:30:00,0
2024-11-29 09:30:00,0
2024-11-29 10:30:00,0
2024-11-29 11:30:00,0
2024-11-29 12:30:00,0
2024-12-02 09:30:00,0
2024-12-02 10:30:00,0
2024-12-02 11:30:00,0
2024-12-02 12:30:00,0
2024-12-02 13:30:00,0
2024-12-02 14:30:00,0
2024-12-02 15:30:00,0
2024-12-03 09:30:00,0
2024-12-03 10:30:00,0
2024-12-03 11:30:00,0
2024-12-03 12:30:00,0
2024-12-03 13:30:00,0
2024-12-03 14:30:00,0
2024-12-03 15:30:00,0
2024-12-04 09:30:00,0
2024-12-04 10:30:00,0
2024-12-04 11:30:00,0
2024-12-04 12:30:00,0
2024-12-04 13:30:00,0
2024-12-04 14:30:00,0
2024-12-04 15:30:00,0
2024-12-05 09:30:00,0
2024-12-05 10:30:00,0
2024-12-05 11:30:00,0
2024-12-05 12:30:00,0
2024-12-05 13:30:00,0
2024-12-05 14:30:00,0
2024-12-05 15:30:00,0
2024-12-06 09:30:00,0
2024-12-06 10:30:00,0
2024-12-06 11:30:00,0
2024-12-06 12:30:00,0
2024-12-06 13:30:00,0
2024-12-06 14:30:00,0
2024-12-06 15:30:00,0
2024-12-09 09:30:00,0
2024-12-09 10:30:00,0
2024-12-09 11:30:00,0
2024-12-09 12:30:00,0
2024-12-09 13:30:00,0
2024-12-09 14:30:00,0
2024-12-09 15:30:00,0
2024-12-10 09:30:00,0
2024-12-10 10:30:00,0
2024-12-10 11:30:00,0
2024-12-10 12:30:00,0
2024-12-10 13:30:00,0
2024-12-10 14:30:00,0
2024-12-10 15:30:00,0
2024-12-11 09:30:00,0
2024-12-11 10:30:00,0
2024-12-11 11:30:00,0
2024-12-11 12:30:00,0
2024-12-11 13:30:00,0
2024-12-11 14:30:00,0
2024-12-11 15:30:00,0
2024-12-12 09:30:00,0
2024-12-12 10:30:00,0
2024-12-12 11:30:00,0
2024-12-12 12:30:00,0
2024-12-12 13:30:00,0
2024-12-12 14:30:00,0
2024-12-12 15:30:00,0
2024-12-13 09:30:00,0
2024-12-13 10:30:00,0
2024-12-13 11:30:00,0
2024-12-13 12:30:00,0
2024-12-13 13:30:00,0
2024-12-13 14:30:00,0
2024-12-13 15:30:00,0
2024-12-16 09:30:00,0
2024-12-16 10:30:00,0
2024-12-16 11:30:00,0
2024-12-16 12:30:00,0
2024-12-16 13:30:00,0
2024-12-16 14:30:00,0
2024-12-16 15:30:00,0
2024-12-17 09:30:00,0
2024-12-17 10:30:00,0
2024-12-17 11:30:00,0
2024-12-17 12:30:00,0
2024-12-17 13:30:00,0
2024-12-17 14:30:00,0
2024-12-17 15:30:00,0
2024-12-18 09:30:00,0
2024-12-18 10:30:00,0
2024-12-18 11:30:00,0
2024-12-18 12:30:00,0
2024-12-18 13:30:00,0
2024-12-18 14:30:00,0
2024-12-18 15:30:00,0
2024-12-19 09:30:00,0
2024-12-19 10:30:00,0
2024-12-19 11:30:00,0
2024-12-19 12:30:00,0
2024-12-19 13:30:00,0
2024-12-19 14:30:00,0
2024-12-19 15:30:00,0
2024-12-20 09:30:00,0
2024-12-20 10:30:00,0
2024-12-20 11:30:00,0
2024-12-20 12:30:00,0
2024-12-20 13:30:00,0
2024-12-20 14:30:00,0
2024-12-20 15:30:00,0
2024-12-23 09:30:00,0
2024-12-23 10:30:00,0
2024-12-23 11:30:00,0
2024-12-23 12:30:00,0
2024-12-23 13:30:00,0
2024-12-23 14:30:00,0
2024-12-23 15:30:00,0
2024-12-24 09:30:00,0
2024-12-24 10:30:00,0
2024-12-24 11:30:00,0
2024-12-24 12:30:00,0
2024-12-26 09:30:00,0
2024-12-26 10:30:00,0
2024-12-26 11:30:00,0
2024-12-26 12:30:00,0
2024-12-26 13:30:00,0
2024-12-26 14:30:00,0
2024-12-26 15:30:00,0
2024-12-27 09:30:00,0
2024-12-27 10:30:00,0
2024-12-27 11:30:00,0
2024-12-27 12:30:00,0
2024-12-27 13:30:00,0
2024-12-27 14:30:00,0
2024-12-27 15:30:00,0
2024-12-30 09:30:00,0
2024-12-30 10:30:00,0
2024-12-30 11:30:00,0
2024-12-30 12:30:00,0
2024-12-30 13:30:00,0
2024-12-30 14:30:00,0
2024-12-30 15:30:00,0
2024-12-31 09:30:00,0
2024-12-31 10:30:00,0
2024-12-31 11:30:00,0
2024-12-31 12:30:00,0
2024-12-31 13:30:00,0
2024-12-31 14:30:00,0
2024-12-31 15:30:00,0
2025-01-02 09:30:00,0
2025-01-02 10:30:00,0
2025-01-02 11:30:00,0
2025-01-02 12:30:00,0
2025-01-02 13:30:00,0
2025-01-02 14:30:00,0
2025-01-02 15:30:00,0
2025-01-03 09:30:00,0
2025-01-03 10:30:00,0
2025-01-03 11:30:00,0
2025-01-03 12:30:00,0
2025-01-03 13:30:00,0
2025-01-03 14:30:00,0
2025-01-03 15:30:00,0
2025-01-06 09:30:00,0
2025-01-06 10:30:00,0
2025-01-06 11:30:00,0
2025-01-06 12:30:00,0
2025-01-06 13:30:00,0
2025-01-06 14:30:00,0
2025-01-06 15:30:00,0
2025-01-07 09:30:00,0
2025-01-07 10:30:00,0
2025-01-07 11:30:00,0
2025-01-07 12:30:00,0
2025-01-07 13:30:00,0
2025-01-07 14:30:00,0
2025-01-07 15:30:00,0
2025-01-08 09:30:00,0
2025-01-08 10:30:00,0
2025-01-08 11:30:00,0
2025-01-08 12:30:00,0
2025-01-08 13:30:00,0
2025-01-08 14:30:00,0
2025-01-08 15:30:00,0
2025-01-10 09:30:00,0
2025-01-10 10:30:00,0
2025-01-10 11:30:00,0
2025-01-10 12:30:00,0
2025-01-10 13:30:00,0
2025-01-10 14:30:00,0
2025-01-10 15:30:00,0
2025-01-13 09:30:00,0
2025-01-13 10:30:00,0
2025-01-13 11:30:00,0
2025-01-13 12:30:00,0
2025-01-13 13:30:00,0
2025-01-13 14:30:00,0
2025-01-13 15:30:00,0
2025-01-14 09:30:00,0
2025-01-14 10:30:00,0
2025-01-14 11:30:00,0
2025-01-14 12:30:00,0
2025-01-14 13:30:00,0
2025-01-14 14:30:00,0
2025-01-14 15:30:00,0
2025-01-15 09:30:00,0
2025-01-15 10:30:00,0
2025-01-15 11:30:00,0
2025-01-15 12:30:00,0
2025-01-15 13:30:00,0
2025-01-15 14:30:00,0
2025-01-15 15:30:00,0
2025-01-16 09:30:00,0
2025-01-16 10:30:00,0
2025-01-16 11:30:00,0
2025-01-16 12:30:00,0
2025-01-16 13:30:00,0
2025-01-16 14:30:00,0
2025-01-16 15:30:00,0
2025-01-17 09:30:00,0
2025-01-17 10:30:00,0
2025-01-17 11:30:00,0
2025-01-17 12:30:00,0
2025-01-17 13:30:00,0
2025-01-17 14:30:00,0
2025-01-17 15:30:00,0
2025-01-21 09:30:00,0
2025-01-21 10:30:00,0
2025-01-21 11:30:00,0
2025-01-21 12:30:00,0
2025-01-21 13:30:00,0
2025-01-21 14:30:00,0
2025-01-21 15:30:00,0
2025-01-22 09:30:00,0
2025-01-22 10:30:00,0
2025-01-22 11:30:00,0
2025-01-22 12:30:00,0
2025-01-22 13:30:00,0
2025-01-22 14:30:00,0
2025-01-22 15:30:00,0
2025-01-23 09:30:00,0
2025-01-23 10:30:00,0
2025-01-23 11:30:00,0
2025-01-23 12:30:00,0
2025-01-23 13:30:00,0
2025-01-23 14:30:00,0
2025-01-23 15:30:00,0
2025-01-24 09:30:00,0
2025-01-24 10:30:00,0
2025-01-24 11:30:00,0
2025-01-24 12:30:00,0
2025-01-24 13:30:00,0
2025-01-24 14:30:00,0
2025-01-24 15:30:00,0
2025-01-27 09:30:00,0
2025-01-27 10:30:00,0
2025-01-27 11:30:00,0
2025-01-27 12:30:00,0
2025-01-27 13:30:00,0
2025-01-27 14:30:00,0
2025-01-27 15:30:00,0
2025-01-28 09:30:00,0
2025-01-28 10:30:00,0
2025-01-28 11:30:00,0
2025-01-28 12:30:00,0
2025-01-28 13:30:00,0
2025-01-28 14:30:00,0
2025-01-28 15:30:00,0
2025-01-29 09:30:00,0
2025-01-29 10:30:00,0
2025-01-29 11:30:00,0
2025-01-29 12:30:00,0
2025-01-29 13:30:00,0
2025-01-29 14:30:00,0
2025-01-29 15:30:00,0
2025-01-30 09:30:00,0
2025-01-30 10:30:00,0
2025-01-30 11:30:00,0
2025-01-30 12:30:00,0
2025-01-30 13:30:00,0
2025-01-30 14:30:00,0
2025-01-30 15:30:00,0
2025-01-31 09:30:00,0
2025-01-31 10:30:00,0
2025-01-31 11:30:00,0
2025-01-31 12:30:00,0
2025-01-31 13:30:00,0
2025-01-31 14:30:00,0
2025-01-31 15:30:00,0
2025-02-03 09:30:00,0
2025-02-03 10:30:00,0
2025-02-03 11:30:00,0
2025-02-03 12:30:00,0
2025-02-03 13:30:00,0
2025-02-03 14:30:00,0
2025-02-03 15:30:00,0
2025-02-04 09:30:00,0
2025-02-04 10:30:00,0
2025-02-04 11:30:00,0
2025-02-04 12:30:00,0
2025-02-04 13:30:00,0
2025-02-04 14:30:00,0
2025-02-04 15:30:00,0
2025-02-05 09:30:00,0
2025-02-05 10:30:00,0
2025-02-05 11:30:00,0
2025-02-05 12:30:00,0
2025-02-05 13:30:00,0
2025-02-05 14:30:00,0
2025-02-05 15:30:00,0
2025-02-06 09:30:00,0
2025-02-06 10:30:00,0
2025-02-06 11:30:00,0
2025-02-06 12:30:00,0
2025-02-06 13:30:00,0
2025-02-06 14:30:00,0
2025-02-06 15:30:00,0
2025-02-07 09:30:00,0
2025-02-07 10:30:00,0
2025-02-07 11:30:00,0
2025-02-07 12:30:00,0
2025-02-07 13:30:00,0
2025-02-07 14:30:00,0
2025-02-07 15:30:00,0
2025-02-10 09:30:00,0
2025-02-10 10:30:00,0
2025-02-10 11:30:00,0
2025-02-10 12:30:00,0
2025-02-10 13:30:00,0
2025-02-10 14:30:00,0
2025-02-10 15:30:00,0
2025-02-11 09:30:00,0
2025-02-11 10:30:00,0
2025-02-11 11:30:00,0
2025-02-11 12:30:00,0
2025-02-11 13:30:00,0
2025-02-11 14:30:00,0
2025-02-11 15:30:00,0
2025-02-12 09:30:00,0
2025-02-12 10:30:00,0
2025-02-12 11:30:00,0
2025-02-12 12:30:00,0
2025-02-12 13:30:00,0
2025-02-12 14:30:00,0
2025-02-12 15:30:00,0
2025-02-13 09:30:00,0
2025-02-13 10:30:00,0
2025-02-13 11:30:00,0
2025-02-13 12:30:00,0
2025-02-13 13:30:00,0
2025-02-13 14:30:00,0
2025-02-13 15:30:00,0
2025-02-14 09:30:00,0
2025-02-14 10:30:00,0
2025-02-14 11:30:00,0
2025-02-14 12:30:00,0
2025-02-14 13:30:00,0
2025-02-14 14:30:00,0
2025-02-14 15:30:00,0
2025-02-18 09:30:00,0
2025-02-18 10:30:00,0
2025-02-18 11:30:00,0
2025-02-18 12:30:00,0
2025-02-18 13:30:00,0
2025-02-18 14:30:00,0
2025-02-18 15:30:00,0
2025-02-19 09:30:00,0
2025-02-19 10:30:00,0
2025-02-19 11:30:00,0
2025-02-19 12:30:00,0
2025-02-19 13:30:00,0
2025-02-19 14:30:00,0
2025-02-19 15:30:00,0
2025-02-20 09:30:00,0
2025-02-20 10:30:00,0
2025-02-20 11:30:00,0
2025-02-20 12:30:00,0
2025-02-20 13:30:00,0
2025-02-20 14:30:00,0
2025-02-20 15:30:00,0
2025-02-21 09:30:00,0
2025-02-21 10:30:00,0
2025-02-21 11:30:00,0
2025-02-21 12:30:00,0
2025-02-21 13:30:00,0
2025-02-21 14:30:00,0
2025-02-21 15:30:00,0
2025-02-24 09:30:00,0
2025-02-24 10:30:00,0
2025-02-24 11:30:00,0
2025-02-24 12:30:00,0
2025-02-24 13:30:00,0
2025-02-24 14:30:00,0
2025-02-24 15:30:00,0
2025-02-25 09:30:00,0
2025-02-25 10:30:00,0
2025-02-25 11:30:00,0
2025-02-25 12:30:00,0
2025-02-25 13:30:00,0
2025-02-25 14:30:00,0
2025-02-25 15:30:00,0
2025-02-26 09:30:00,0
2025-02-26 10:30:00,0
2025-02-26 11:30:00,0
2025-02-26 12:30:00,0
2025-02-26 13:30:00,0
2025-02-26 14:30:00,0
2025-02-26 15:30:00,0
2025-02-27 09:30:00,0
2025-02-27 10:30:00,0
2025-02-27 11:30:00,0
2025-02-27 12:30:00,0
2025-02-27 13:30:00,0
2025-02-27 14:30:00,0
2025-02-27 15:30:00,0
2025-02-28 09:30:00,0
2025-02-28 10:30:00,0
2025-02-28 11:30:00,0
2025-02-28 12:30:00,0
2025-02-28 13:30:00,0
2025-02-28 14:30:00,0
2025-02-28 15:30:00,0
2025-03-03 09:30:00,0
2025-03-03 10:30:00,0
2025-03-03 11:30:00,0
2025-03-03 12:30:00,0
2025-03-03 13:30:00,0
2025-03-03 14:30:00,0
2025-03-03 15:30:00,0
2025-03-04 09:30:00,0
2025-03-04 10:30:00,0
2025-03-04 11:30:00,0
2025-03-04 12:30:00,0
2025-03-04 13:30:00,0
2025-03-04 14:30:00,0
2025-03-04 15:30:00,0
2025-03-05 09:30:00,0
2025-03-05 10:30:00,0
2025-03-05 11:30:00,0
2025-03-05 12:30:00,0
2025-03-05 13:30:00,0
2025-03-05 14:30:00,0
2025-03-05 15:30:00,0
2025-03-06 09:30:00,0
2025-03-06 10:30:00,0
2025-03-06 11:30:00,0
2025-03-06 12:30:00,0
2025-03-06 13:30:00,0
2025-03-06 14:30:00,0
2025-03-06 15:30:00,0
2025-03-07 09:30:00,0
2025-03-07 10:30:00,0
2025-03-07 11:30:00,0
2025-03-07 12:30:00,0
2025-03-07 13:30:00,0
2025-03-07 14:30:00,0
2025-03-07 15:30:00,0
2025-03-10 09:30:00,0
2025-03-10 10:30:00,0
2025-03-10 11:30:00,0
2025-03-10 12:30:00,0
2025-03-10 13:30:00,0
2025-03-10 14:30:00,0
2025-03-10 15:30:00,0
2025-03-11 09:30:00,0
2025-03-11 10:30:00,0
2025-03-11 11:30:00,0
2025-03-11 12:30:00,0
2025-03-11 13:30:00,0
2025-03-11 14:30:00,0
2025-03-11 15:30:00,0
2025-03-12 09:30:00,0
2025-03-12 10:30:00,0
2025-03-12 11:30:00,0
2025-03-12 12:30:00,0
2025-03-12 13:30:00,0
2025-03-12 14:30:00,0
2025-03-12 15:30:00,0
2025-03-13 09:30:00,0
2025-03-13 10:30:00,0
2025-03-13 11:30:00,0
2025-03-13 12:30:00,0
2025-03-13 13:30:00,0
2025-03-13 14:30:00,0
2025-03-13 15:30:00,0
2025-03-14 09:30:00,0
2025-03-14 10:30:00,0
2025-03-14 11:30:00,0
2025-03-14 12:30:00,0
2025-03-14 13:30:00,0
2025-03-14 14:30:00,0
2025-03-14 15:30:00,0
2025-03-17 09:30:00,0
2025-03-17 10:30:00,0
2025-03-17 11:30:00,0
2025-03-17 12:30:00,0
2025-03-17 13:30:00,0
2025-03-17 14:30:00,0
2025-03-17 15:30:00,0
2025-03-18 09:30:00,0
2025-03-18 10:30:00,0
2025-03-18 11:30:00,0
2025-03-18 12:30:00,0
2025-03-18 13:30:00,0
2025-03-18 14:30:00,0
2025-03-18 15:30:00,0
2025-03-19 09:30:00,0
2025-03-19 10:30:00,0
2025-03-19 11:30:00,0
2025-03-19 12:30:00,0
2025-03-19 13:30:00,0
2025-03-19 14:30:00,0
2025-03-19 15:30:00,0
2025-03-20 09:30:00,0
2025-03-20 10:30:00,0
2025-03-20 11:30:00,0
2025-03-20 12:30:00,0
2025-03-20 13:30:00,0
2025-03-20 14:30:00,0
2025-03-20 15:30:00,0
2025-03-21 09:30:00,0
2025-03-21 10:30:00,0
2025-03-21 11:30:00,0
2025-03-21 12:30:00,0
2025-03-21 13:30:00,0
2025-03-21 14:30:00,0
2025-03-21 15:30:00,0
2025-03-24 09:30:00,0
2025-03-24 10:30:00,0
2025-03-24 11:30:00,0
2025-03-24 12:30:00,0
2025-03-24 13:30:00,0
2025-03-24 14:30:00,0
2025-03-24 15:30:00,0
2025-03-25 09:30:00,0
2025-03-25 10:30:00,0
2025-03-25 11:30:00,0
2025-03-25 12:30:00,0
2025-03-25 13:30:00,0
2025-03-25 14:30:00,0
2025-03-25 15:30:00,0
2025-03-26 09:30:00,0
2025-03-26 10:30:00,0
2025-03-26 11:30:00,0
2025-03-26 12:30:00,0
2025-03-26 13:30:00,0
2025-03-26 14:30:00,0
2025-03-26 15:30:00,0
2025-03-27 09:30:00,0
2025-03-27 10:30:00,0
2025-03-27 11:30:00,0
2025-03-27 12:30:00,0
2025-03-27 13:30:00,0
2025-03-27 14:30:00,0
2025-03-27 15:30:00,0
2025-03-28 09:30:00,0
2025-03-28 10:30:00,0
2025-03-28 11:30:00,0
2025-03-28 12:30:00,0
2025-03-28 13:30:00,0
2025-03-28 14:30:00,0
2025-03-28 15:30:00,0
2025-03-31 09:30:00,0
2025-03-31 10:30:00,0
2025-03-31 11:30:00,0
2025-03-31 12:30:00,0
2025-03-31 13:30:00,0
2025-03-31 14:30:00,0
2025-03-31 15:30:00,0
2025-04-01 09:30:00,0
2025-04-01 10:30:00,0
2025-04-01 11:30:00,0
2025-04-01 12:30:00,0
2025-04-01 13:30:00,0
2025-04-01 14:30:00,0
2025-04-01 15:30:00,0
2025-04-02 09:30:00,0
2025-04-02 10:30:00,0
2025-04-02 11:30:00,0
2025-04-02 12:30:00,0
2025-04-02 13:30:00,0
2025-04-02 14:30:00,0
2025-04-02 15:30:00,0
2025-04-03 09:30:00,0
2025-04-03 10:30:00,0
2025-04-03 11:30:00,0
2025-04-03 12:30:00,0
2025-04-03 13:30:00,0
2025-04-03 14:30:00,0
2025-04-03 15:30:00,0
2025-04-04 09:30:00,0
2025-04-04 10:30:00,0
2025-04-04 11:30:00,0
2025-04-04 12:30:00,0
2025-04-04 13:30:00,0
2025-04-04 14:30:00,0
2025-04-04 15:30:00,0
2025-04-07 09:30:00,0
2025-04-07 10:30:00,0
2025-04-07 11:30:00,0
2025-04-07 12:30:00,0
2025-04-07 13:30:00,0
2025-04-07 14:30:00,0
2025-04-07 15:30:00,0
2025-04-08 09:30:00,0
2025-04-08 10:30:00,0
2025-04-08 11:30:00,0
2025-04-08 12:30:00,0
2025-04-08 13:30:00,0
2025-04-08 14:30:00,0
2025-04-08 15:30:00,0
2025-04-09 09:30:00,0
2025-04-09 10:30:00,0
2025-04-09 11:30:00,0
2025-04-09 12:30:00,0
2025-04-09 13:30:00,0
2025-04-09 14:30:00,0
2025-04-09 15:30:00,0
2025-04-10 09:30:00,0
2025-04-10 10:30:00,0
2025-04-10 11:30:00,0
2025-04-10 12:30:00,0
2025-04-10 13:30:00,0
2025-04-10 14:30:00,0
2025-04-10 15:30:00,0
2025-04-11 09:30:00,0
2025-04-11 10:30:00,0
2025-04-11 11:30:00,0
2025-04-11 12:30:00,0
2025-04-11 13:30:00,0
2025-04-11 14:30:00,0
2025-04-11 15:30:00,0
2025-04-14 09:30:00,0
2025-04-14 10:30:00,0
2025-04-14 11:30:00,0
2025-04-14 12:30:00,0
2025-04-14 13:30:00,0
2025-04-14 14:30:00,0
2025-04-14 15:30:00,0
2025-04-15 09:30:00,0
2025-04-15 10:30:00,0
2025-04-15 11:30:00,0
2025-04-15 12:30:00,0
2025-04-15 13:30:00,0
2025-04-15 14:30:00,0
2025-04-15 15:30:00,0
2025-04-16 09:30:00,0
2025-04-16 10:30:00,0
2025-04-16 11:30:00,0
2025-04-16 12:30:00,0
2025-04-16 13:30:00,0
2025-04-16 14:30:00,0
2025-04-16 15:30:00,0
2025-04-17 09:30:00,0
2025-04-17 10:30:00,0
2025-04-17 11:30:00,0
2025-04-17 12:30:00,0
2025-04-17 13:30:00,0
2025-04-17 14:30:00,0
2025-04-17 15:30:00,0
2025-04-21 09:30:00,0
2025-04-21 10:30:00,0
2025-04-21 11:30:00,0
2025-04-21 12:30:00,0
2025-04-21 13:30:00,0
2025-04-21 14:30:00,0
2025-04-21 15:30:00,0
2025-04-22 09:30:00,0
2025-04-22 10:30:00,0
2025-04-22 11:30:00,0
2025-04-22 12:30:00,0
2025-04-22 13:30:00,0
2025-04-22 14:30:00,0
2025-04-22 15:30:00,0
2025-04-23 09:30:00,0
2025-04-23 10:30:00,0
2025-04-23 11:30:00,0
2025-04-23 12:30:00,0
2025-04-23 13:30:00,0
2025-04-23 14:30:00,0
2025-04-23 15:30:00,0
2025-04-24 09:30:00,0
2025-04-24 10:30:00,0
2025-04-24 11:30:00,0
2025-04-24 12:30:00,0
2025-04-24 13:30:00,0
2025-04-24 14:30:00,0
2025-04-24 15:30:00,0
2025-04-25 09:30:00,0
2025-04-25 10:30:00,0
2025-04-25 11:30:00,0
2025-04-25 12:30:00,0
2025-04-25 13:30:00,0
2025-04-25 14:30:00,0
2025-04-25 15:30:00,0
2025-04-28 09:30:00,0
2025-04-28 10:30:00,0
2025-04-28 11:30:00,0
2025-04-28 12:30:00,0
2025-04-28 13:30:00,0
2025-04-28 14:30:00,0
2025-04-28 15:30:00,0
2025-04-29 09:30:00,0
2025-04-29 10:30:00,0
2025-04-29 11:30:00,0
2025-04-29 12:30:00,0
2025-04-29 13:30:00,0
2025-04-29 14:30:00,0
2025-04-29 15:30:00,0
2025-04-30 09:30:00,0
2025-04-30 10:30:00,0
2025-04-30 11:30:00,0
2025-04-30 12:30:00,0
2025-04-30 13:30:00,0
2025-04-30 14:30:00,0
2025-04-30 15:30:00,0
2025-05-01 09:30:00,0
2025-05-01 10:30:00,0
2025-05-01 11:30:00,0
2025-05-01 12:30:00,0
2025-05-01 13:30:00,0
2025-05-01 14:30:00,0
2025-05-01 15:30:00,0
2025-05-02 09:30:00,0
2025-05-02 10:30:00,0
2025-05-02 11:30:00,0
2025-05-02 12:30:00,0
2025-05-02 13:30:00,0
2025-05-02 14:30:00,0
2025-05-02 15:30:00,0
2025-05-05 09:30:00,0
2025-05-05 10:30:00,0
2025-05-05 11:30:00,0
2025-05-05 12:30:00,0
2025-05-05 13:30:00,0
2025-05-05 14:30:00,0
2025-05-05 15:30:00,0
2025-05-06 09:30:00,0
2025-05-06 10:30:00,0
2025-05-06 11:30:00,0
2025-05-06 12:30:00,0
2025-05-06 13:30:00,0
2025-05-06 14:30:00,0
2025-05-06 15:30:00,0
2025-05-07 09:30:00,0
2025-05-07 10:30:00,0
2025-05-07 11:30:00,0
2025-05-07 12:30:00,0
2025-05-07 13:30:00,0
2025-05-07 14:30:00,0
2025-05-07 15:30:00,0
2025-05-08 09:30:00,0
2025-05-08 10:30:00,0
2025-05-08 11:30:00,0
2025-05-08 12:30:00,0
2025-05-08 13:30:00,0
2025-05-08 14:30:00,0
2025-05-08 15:30:00,0
2025-05-09 09:30:00,0
2025-05-09 10:30:00,0
2025-05-09 11:30:00,0
2025-05-09 12:30:00,0
2025-05-09 13:30:00,0
2025-05-09 14:30:00,0
2025-05-09 15:30:00,0
2025-05-12 09:30:00,0
2025-05-12 10:30:00,0
2025-05-12 11:30:00,0
2025-05-12 12:30:00,0
2025-05-12 13:30:00,0
2025-05-12 14:30:00,0
2025-05-12 15:30:00,0
2025-05-13 09:30:00,0
2025-05-13 10:30:00,0
2025-05-13 11:30:00,0
2025-05-13 12:30:00,0
2025-05-13 13:30:00,0
2025-05-13 14:30:00,0
2025-05-13 15:30:00,0
2025-05-14 09:30:00,0
2025-05-14 10:30:00,0
2025-05-14 11:30:00,0
2025-05-14 12:30:00,0
2025-05-14 13:30:00,0
2025-05-14 14:30:00,0
2025-05-14 15:30:00,0
2025-05-15 09:30:00,0
2025-05-15 10:30:00,0
2025-05-15 11:30:00,0
2025-05-15 12:30:00,0
2025-05-15 13:30:00,0
2025-05-15 14:30:00,0
2025-05-15 15:30:00,0
2025-05-16 09:30:00,0
2025-05-16 10:30:00,0
2025-05-16 11:30:00,0
2025-05-16 12:30:00,0
2025-05-16 13:30:00,0
2025-05-16 14:30:00,0
2025-05-16 15:30:00,0
2025-05-19 09:30:00,0
2025-05-19 10:30:00,0
2025-05-19 11:30:00,0
2025-05-19 12:30:00,0
2025-05-19 13:30:00,0
2025-05-19 14:30:00,0
2025-05-19 15:30:00,0
2025-05-20 09:30:00,0
2025-05-20 10:30:00,0
2025-05-20 11:30:00,0
2025-05-20 12:30:00,0
2025-05-20 13:30:00,0
2025-05-20 14:30:00,0
2025-05-20 15:30:00,0
2025-05-21 09:30:00,0
2025-05-21 10:30:00,0
2025-05-21 11:30:00,0
2025-05-21 12:30:00,0
2025-05-21 13:30:00,0
2025-05-21 14:30:00,0
2025-05-21 15:30:00,0
2025-05-22 09:30:00,0
2025-05-22 10:30:00,0
2025-05-22 11:30:00,0
2025-05-22 12:30:00,0
2025-05-22 13:30:00,0
2025-05-22 14:30:00,0
2025-05-22 15:30:00,0
2025-05-23 09:30:00,0
2025-05-23 10:30:00,0
2025-05-23 11:30:00,0
2025-05-23 12:30:00,0
2025-05-23 13:30:00,0
2025-05-23 14:30:00,0
2025-05-23 15:30:00,0
2025-05-27 09:30:00,0
2025-05-27 10:30:00,0
2025-05-27 11:30:00,0
2025-05-27 12:30:00,0
2025-05-27 13:30:00,0
2025-05-27 14:30:00,0
2025-05-27 15:30:00,0
2025-05-28 09:30:00,0
2025-05-28 10:30:00,0
2025-05-28 11:30:00,0
2025-05-28 12:30:00,0
2025-05-28 13:30:00,0
2025-05-28 14:30:00,0
2025-05-28 15:30:00,0
2025-05-29 09:30:00,0
2025-05-29 10:30:00,0
2025-05-29 11:30:00,0
2025-05-29 12:30:00,0
2025-05-29 13:30:00,0
2025-05-29 14:30:00,0
2025-05-29 15:30:00,0
2025-05-30 09:30:00,0
2025-05-30 10:30:00,0
2025-05-30 11:30:00,0
2025-05-30 12:30:00,0
2025-05-30 13:30:00,0
2025-05-30 14:30:00,0
2025-05-30 15:30:00,0
2025-06-02 09:30:00,0
2025-06-02 10:30:00,0
2025-06-02 11:30:00,0
2025-06-02 12:30:00,0
2025-06-02 13:30:00,0
2025-06-02 14:30:00,0
2025-06-02 15:30:00,0
2025-06-03 09:30:00,0
2025-06-03 10:30:00,0
2025-06-03 11:30:00,0
2025-06-03 12:30:00,0
2025-06-03 13:30:00,0
2025-06-03 14:30:00,0
2025-06-03 15:30:00,0
2025-06-04 09:30:00,0
2025-06-04 10:30:00,0
2025-06-04 11:30:00,0
2025-06-04 12:30:00,0
2025-06-04 13:30:00,0
2025-06-04 14:30:00,0
2025-06-04 15:30:00,0
2025-06-05 09:30:00,0
2025-06-05 10:30:00,0
2025-06-05 11:30:00,0
2025-06-05 12:30:00,0
2025-06-05 13:30:00,0
2025-06-05 14:30:00,0
2025-06-05 15:30:00,0
2025-06-06 09:30:00,0
2025-06-06 10:30:00,0
2025-06-06 11:30:00,0
2025-06-06 12:30:00,0
2025-06-06 13:30:00,0
2025-06-06 14:30:00,0
2025-06-06 15:30:00,0
2025-06-09 09:30:00,0
2025-06-09 10:30:00,0
2025-06-09 11:30:00,0
2025-06-09 12:30:00,0
2025-06-09 13:30:00,0
2025-06-09 14:30:00,0
2025-06-09 15:30:00,0
2025-06-10 09:30:00,0
2025-06-10 10:30:00,0
2025-06-10 11:30:00,0
2025-06-10 12:30:00,0
2025-06-10 13:30:00,0
2025-06-10 14:30:00,0
2025-06-10 15:30:00,0
2025-06-11 09:30:00,0
2025-06-11 10:30:00,0
2025-06-11 11:30:00,0
2025-06-11 12:30:00,0
2025-06-11 13:30:00,0
2025-06-11 14:30:00,0
2025-06-11 15:30:00,0
2025-06-12 09:30:00,0
2025-06-12 10:30:00,0
2025-06-12 11:30:00,0
2025-06-12 12:30:00,0
2025-06-12 13:30:00,0
2025-06-12 14:30:00,0
2025-06-12 15:30:00,0
2025-06-13 09:30:00,0
2025-06-13 10:30:00,0
2025-06-13 11:30:00,0
2025-06-13 12:30:00,0
2025-06-13 13:30:00,0
2025-06-13 14:30:00,0
2025-06-13 15:30:00,0
2025-06-16 09:30:00,0
2025-06-16 10:30:00,0
2025-06-16 11:30:00,0
2025-06-16 12:30:00,0
2025-06-16 13:30:00,0
2025-06-16 14:30:00,0
2025-06-16 15:30:00,0
2025-06-17 09:30:00,0
2025-06-17 10:30:00,0
2025-06-17 11:30:00,0
2025-06-17 12:30:00,0
2025-06-17 13:30:00,0
2025-06-17 14:30:00,0
2025-06-17 15:30:00,0
2025-06-18 09:30:00,0
2025-06-18 10:30:00,0
2025-06-18 11:30:00,0
2025-06-18 12:30:00,0
2025-06-18 13:30:00,0
2025-06-18 14:30:00,0
2025-06-18 15:30:00,0
2025-06-20 09:30:00,0
2025-06-20 10:30:00,0
2025-06-20 11:30:00,0
2025-06-20 12:30:00,0
2025-06-20 13:30:00,0
2025-06-20 14:30:00,0
2025-06-20 15:30:00,0
2025-06-23 09:30:00,0
2025-06-23 10:30:00,0
2025-06-23 11:30:00,0
2025-06-23 12:30:00,0
2025-06-23 13:30:00,0
2025-06-23 14:30:00,0
2025-06-23 15:30:00,0
2025-06-24 09:30:00,0
2025-06-24 10:30:00,0
2025-06-24 11:30:00,0
2025-06-24 12:30:00,0
2025-06-24 13:30:00,0
2025-06-24 14:30:00,0
2025-06-24 15:30:00,0
2025-06-25 09:30:00,0
2025-06-25 10:30:00,0
2025-06-25 11:30:00,0
2025-06-25 12:30:00,0
2025-06-25 13:30:00,0
2025-06-25 14:30:00,0
2025-06-25 15:30:00,0
2025-06-26 09:30:00,0
2025-06-26 10:30:00,0
2025-06-26 11:30:00,0
2025-06-26 12:30:00,0
2025-06-26 13:30:00,0
2025-06-26 14:30:00,0
2025-06-26 15:30:00,0
2025-06-27 09:30:00,0
2025-06-27 10:30:00,0
2025-06-27 11:30:00,0
2025-06-27 12:30:00,0
2025-06-27 13:30:00,0
2025-06-27 14:30:00,0
2025-06-27 15:30:00,0
2025-06-30 09:30:00,0
2025-06-30 10:30:00,0
2025-06-30 11:30:00,0
2025-06-30 12:30:00,0
2025-06-30 13:30:00,0
2025-06-30 14:30:00,0
2025-06-30 15:30:00,0
2025-07-01 09:30:00,0
2025-07-01 10:30:00,0
2025-07-01 11:30:00,0
2025-07-01 12:30:00,0
2025-07-01 13:30:00,0
2025-07-01 14:30:00,0
2025-07-01 15:30:00,0
2025-07-02 09:30:00,0
2025-07-02 10:30:00,0
2025-07-02 11:30:00,0
2025-07-02 12:30:00,0
2025-07-02 13:30:00,0
2025-07-02 14:30:00,0
2025-07-02 15:30:00,0
2025-07-03 09:30:00,0
2025-07-03 10:30:00,0
2025-07-03 11:30:00,0
2025-07-07 09:30:00,0
2025-07-07 10:30:00,0
2025-07-07 11:30:00,0
2025-07-07 12:30:00,0
2025-07-07 13:30:00,0
2025-07-07 14:30:00,0
2025-07-07 15:30:00,0
2025-07-08 09:30:00,0
2025-07-08 10:30:00,0
2025-07-08 11:30:00,0
2025-07-08 12:30:00,0
2025-07-08 13:30:00,0
2025-07-08 14:30:00,0
2025-07-08 15:30:00,0
2025-07-09 09:30:00,0
2025-07-09 10:30:00,0
2025-07-09 11:30:00,0
2025-07-09 12:30:00,0
2025-07-09 13:30:00,0
2025-07-09 14:30:00,0
2025-07-09 15:30:00,0
2025-07-10 09:30:00,0
2025-07-10 10:30:00,0
2025-07-10 11:30:00,0
2025-07-10 12:30:00,0
2025-07-10 13:30:00,0
2025-07-10 14:30:00,0
2025-07-10 15:30:00,0
2025-07-11 09:30:00,0
2025-07-11 10:30:00,0
2025-07-11 11:30:00,0
2025-07-11 12:30:00,0
2025-07-11 13:30:00,0
2025-07-11 14:30:00,0
2025-07-11 15:30:00,0
2025-07-14 09:30:00,0
2025-07-14 10:30:00,0
2025-07-14 11:30:00,0
2025-07-14 12:30:00,0
2025-07-14 13:30:00,0
2025-07-14 14:30:00,0
2025-07-14 15:30:00,0
2025-07-15 09:30:00,0
2025-07-15 10:30:00,0
2025-07-15 11:30:00,0
2025-07-15 12:30:00,0
2025-07-15 13:30:00,0
2025-07-15 14:30:00,0
2025-07-15 15:30:00,0
2025-07-16 09:30:00,0
2025-07-16 10:30:00,0
2025-07-16 11:30:00,0
2025-07-16 12:30:00,0
2025-07-16 13:30:00,0
2025-07-16 14:30:00,0
2025-07-16 15:30:00,0
2025-07-17 09:30:00,0
2025-07-17 10:30:00,0
2025-07-17 11:30:00,0
2025-07-17 12:30:00,0
2025-07-17 13:30:00,0
2025-07-17 14:30:00,0
2025-07-17 15:30:00,0
2025-07-18 09:30:00,0
2025-07-18 10:30:00,0
2025-07-18 11:30:00,0
2025-07-18 12:30:00,0
2025-07-18 13:30:00,0
2025-07-18 14:30:00,0
2025-07-18 15:30:00,0
2025-07-21 09:30:00,0
2025-07-21 10:30:00,0
2025-07-21 11:30:00,0
2025-07-21 12:30:00,0
2025-07-21 13:30:00,0
2025-07-21 14:30:00,0
2025-07-21 15:30:00,0
2025-07-22 09:30:00,0
2025-07-22 10:30:00,0
2025-07-22 11:30:00,0
2025-07-22 12:30:00,0
2025-07-22 13:30:00,0
2025-07-22 14:30:00,0
2025-07-22 15:30:00,0
2025-07-23 09:30:00,0
2025-07-23 10:30:00,0
2025-07-23 11:30:00,0
2025-07-23 12:30:00,0
2025-07-23 13:30:00,0
2025-07-23 14:30:00,0
2025-07-23 15:30:00,0
2025-07-24 09:30:00,0
2025-07-24 10:30:00,0
2025-07-24 11:30:00,0
2025-07-24 12:30:00,0
2025-07-24 13:30:00,0
2025-07-24 14:30:00,0
2025-07-24 15:30:00,0
2025-07-25 09:30:00,0
2025-07-25 10:30:00,0
2025-07-25 11:30:00,0
2025-07-25 12:30:00,0
2025-07-25 13:30:00,0
2025-07-25 14:30:00,0
2025-07-25 15:30:00,0
2025-07-28 09:30:00,0
2025-07-28 10:30:00,0
2025-07-28 11:30:00,0
2025-07-28 12:30:00,0
2025-07-28 13:30:00,0
2025-07-28 14:30:00,0
2025-07-28 15:30:00,0
2025-07-29 09:30:00,0
2025-07-29 10:30:00,0
2025-07-29 11:30:00,0
2025-07-29 12:30:00,0
2025-07-29 13:30:00,0
2025-07-29 14:30:00,0
2025-07-29 15:30:00,0
2025-07-30 09:30:00,0
2025-07-30 10:30:00,0
2025-07-30 11:30:00,0
2025-07-30 12:30:00,0
2025-07-30 13:30:00,0
2025-07-30 14:30:00,0
2025-07-30 15:30:00,0
2025-07-31 09:30:00,0
2025-07-31 10:30:00,0
2025-07-31 11:30:00,0
2025-07-31 12:30:00,0
2025-07-31 13:30:00,0
2025-07-31 14:30:00,0
2025-07-31 15:30:00,0
2025-08-01 09:30:00,0
2025-08-01 10:30:00,0
2025-08-01 11:30:00,0
2025-08-01 12:30:00,0
2025-08-01 13:30:00,0
2025-08-01 14:30:00,0
2025-08-01 15:30:00,0
2025-08-04 09:30:00,0
2025-08-04 10:30:00,0
2025-08-04 11:30:00,0
2025-08-04 12:30:00,0
2025-08-04 13:30:00,0
2025-08-04 14:30:00,0
2025-08-04 15:30:00,0
2025-08-05 09:30:00,0
2025-08-05 10:30:00,0
2025-08-05 11:30:00,0
2025-08-05 12:30:00,0
2025-08-05 13:30:00,0
2025-08-05 14:30:00,0
2025-08-05 15:30:00,0
2025-08-06 09:30:00,0
2025-08-06 10:30:00,0
2025-08-06 11:30:00,0
2025-08-06 12:30:00,0
2025-08-06 13:30:00,0
2025-08-06 14:30:00,0
2025-08-06 15:30:00,0
2025-08-07 09:30:00,0
2025-08-07 10:30:00,0
2025-08-07 11:30:00,0
2025-08-07 12:30:00,0
2025-08-07 13:30:00,0
2025-08-07 14:30:00,0
2025-08-07 15:30:00,0
2025-08-08 09:30:00,0
2025-08-08 10:30:00,0
2025-08-08 11:30:00,0
2025-08-08 12:30:00,0
2025-08-08 13:30:00,0
2025-08-08 14:30:00,0
2025-08-08 15:30:00,0
2025-08-11 09:30:00,0
2025-08-11 10:30:00,0
2025-08-11 11:30:00,0
2025-08-11 12:30:00,0
2025-08-11 13:30:00,0
2025-08-11 14:30:00,0
2025-08-11 15:30:00,0
2025-08-12 09:30:00,0
2025-08-12 10:30:00,0
2025-08-12 11:30:00,0
2025-08-12 12:30:00,0
2025-08-12 13:30:00,0
2025-08-12 14:30:00,0
2025-08-12 15:30:00,0
2025-08-13 09:30:00,0
2025-08-13 10:30:00,0
2025-08-13 11:30:00,0
2025-08-13 12:30:00,0
2025-08-13 13:30:00,0
2025-08-13 14:30:00,0
2025-08-13 15:30:00,0
2025-08-14 09:30:00,0
2025-08-14 10:30:00,0
2025-08-14 11:30:00,0
2025-08-14 12:30:00,0
2025-08-14 13:30:00,0
2025-08-14 14:30:00,0
2025-08-14 15:30:00,0
2025-08-15 09:30:00,0
2025-08-15 10:30:00,0
2025-08-15 11:30:00,0
2025-08-15 12:30:00,0
2025-08-15 13:30:00,0
2025-08-15 14:30:00,0
2025-08-15 15:30:00,0
2025-08-18 09:30:00,0
2025-08-18 10:30:00,0
2025-08-18 11:30:00,0
2025-08-18 12:30:00,0
2025-08-18 13:30:00,0
2025-08-18 14:30:00,0
2025-08-18 15:30:00,0
2025-08-19 09:30:00,0
2025-08-19 10:30:00,0
2025-08-19 11:30:00,0
2025-08-19 12:30:00,0
2025-08-19 13:30:00,0
2025-08-19 14:30:00,0
2025-08-19 15:30:00,0
2025-08-20 09:30:00,0
2025-08-20 10:30:00,0
2025-08-20 11:30:00,0
2025-08-20 12:30:00,0
2025-08-20 13:30:00,0
2025-08-20 14:30:00,0
2025-08-20 15:30:00,0
2025-08-21 09:30:00,0
2025-08-21 10:30:00,0
2025-08-21 11:30:00,0
2025-08-21 12:30:00,0
2025-08-21 13:30:00,0
2025-08-21 14:30:00,0
2025-08-21 15:30:00,0
2025-08-22 09:30:00,0
2025-08-22 10:30:00,0
2025-08-22 11:30:00,0
2025-08-22 12:30:00,0
2025-08-22 13:30:00,0
2025-08-22 14:30:00,0
2025-08-22 15:30:00,0
2025-08-25 09:30:00,0
2025-08-25 10:30:00,0
2025-08-25 11:30:00,0
2025-08-25 12:30:00,0
2025-08-25 13:30:00,0
2025-08-25 14:30:00,0
2025-08-25 15:30:00,0
2025-08-26 09:30:00,0
2025-08-26 10:30:00,0
2025-08-26 11:30:00,0
2025-08-26 12:30:00,0
2025-08-26 13:30:00,0
2025-08-26 14:30:00,0
2025-08-26 15:30:00,0
2025-08-27 09:30:00,0
2025-08-27 10:30:00,0
2025-08-27 11:30:00,0
2025-08-27 12:30:00,0
2025-08-27 13:30:00,0
2025-08-27 14:30:00,0
2025-08-27 15:30:00,0
2025-08-28 09:30:00,0
2025-08-28 10:30:00,0
2025-08-28 11:30:00,0
2025-08-28 12:30:00,0
2025-08-28 13:30:00,0
2025-08-28 14:30:00,0
2025-08-28 15:30:00,0
2025-08-29 09:30:00,0
2025-08-29 10:30:00,0
2025-08-29 11:30:00,0
2025-08-29 12:30:00,0
2025-08-29 13:30:00,0
2025-08-29 14:30:00,0
2025-08-29 15:30:00,0
2025-09-02 09:30:00,0
2025-09-02 10:30:00,0
2025-09-02 11:30:00,0
2025-09-02 12:30:00,0
2025-09-02 13:30:00,0
2025-09-02 14:30:00,0
2025-09-02 15:30:00,0
2025-09-03 09:30:00,0
2025-09-03 10:30:00,0
2025-09-03 11:30:00,0
2025-09-03 12:30:00,0
2025-09-03 13:30:00,0
2025-09-03 14:30:00,0
2025-09-03 15:30:00,0
2025-09-04 09:30:00,0
2025-09-04 10:30:00,0
2025-09-04 11:30:00,0
2025-09-04 12:30:00,0
2025-09-04 13:30:00,0
2025-09-04 14:30:00,0
2025-09-04 15:30:00,0
2025-09-05 09:30:00,0
2025-09-05 10:30:00,0
2025-09-05 11:30:00,0
2025-09-05 12:30:00,0
2025-09-05 13:30:00,0
2025-09-05 14:30:00,0
2025-09-05 15:30:00,0
2025-09-08 09:30:00,0
2025-09-08 10:30:00,0
2025-09-08 11:30:00,0
2025-09-08 12:30:00,0
2025-09-08 13:30:00,0
2025-09-08 14:30:00,0
2025-09-08 15:30:00,0
2025-09-09 09:30:00,0
2025-09-09 10:30:00,0
2025-09-09 11:30:00,0
2025-09-09 12:30:00,0
2025-09-09 13:30:00,0
2025-09-09 14:30:00,0
2025-09-09 15:30:00,0
2025-09-10 09:30:00,0
2025-09-10 10:30:00,0
2025-09-10 11:30:00,0
2025-09-10 12:30:00,0
2025-09-10 13:30:00,0
2025-09-10 14:30:00,0
2025-09-10 15:30:00,0
2025-09-11 09:30:00,0
2025-09-11 10:30:00,0
2025-09-11 11:30:00,0
2025-09-11 12:30:00,0
2025-09-11 13:30:00,0
2025-09-11 14:30:00,0
2025-09-11 15:30:00,0
2025-09-12 09:30:00,0
2025-09-12 10:30:00,0
2025-09-12 11:30:00,0
2025-09-12 12:30:00,0
2025-09-12 13:30:00,0
2025-09-12 14:30:00,0
2025-09-12 15:30:00,0
2025-09-15 09:30:00,0
2025-09-15 10:30:00,0
2025-09-15 11:30:00,0
2025-09-15 12:30:00,0
2025-09-15 13:30:00,0
2025-09-15 14:30:00,0
2025-09-15 15:30:00,0
2025-09-16 09:30:00,0
2025-09-16 10:30:00,0
2025-09-16 11:30:00,0
2025-09-16 12:30:00,0
2025-09-16 13:30:00,0
2025-09-16 14:30:00,0
2025-09-16 15:30:00,0
2025-09-17 09:30:00,0
2025-09-17 10:30:00,0
2025-09-17 11:30:00,0
2025-09-17 12:30:00,0
2025-09-17 13:30:00,0
2025-09-17 14:30:00,0
2025-09-17 15:30:00,0
2025-09-18 09:30:00,0
2025-09-18 10:30:00,0
2025-09-18 11:30:00,0
2025-09-18 12:30:00,0
2025-09-18 13:30:00,0
2025-09-18 14:30:00,0
2025-09-18 15:30:00,0
2025-09-19 09:30:00,0
2025-09-19 10:30:00,0
2025-09-19 11:30:00,0
2025-09-19 12:30:00,0
2025-09-19 13:30:00,0
2025-09-19 14:30:00,0
2025-09-19 15:30:00,0
2025-09-22 09:30:00,0
2025-09-22 10:30:00,0
2025-09-22 11:30:00,0
2025-09-22 12:30:00,0
2025-09-22 13:30:00,0
2025-09-22 14:30:00,0
2025-09-22 15:30:00,0
2025-09-23 09:30:00,0
2025-09-23 10:30:00,0
2025-09-23 11:30:00,0
2025-09-23 12:30:00,0
2025-09-23 13:30:00,0
2025-09-23 14:30:00,0
2025-09-23 15:30:00,0
2025-09-24 09:30:00,0
2025-09-24 10:30:00,0
2025-09-24 11:30:00,0
2025-09-24 12:30:00,0
2025-09-24 13:30:00,0
2025-09-24 14:30:00,0
2025-09-24 15:30:00,0
2025-09-25 09:30:00,0
2025-09-25 10:30:00,0
2025-09-25 11:30:00,0
2025-09-25 12:30:00,0
2025-09-25 13:30:00,0
2025-09-25 14:30:00,0
2025-09-25 15:30:00,0
2025-09-26 09:30:00,0
2025-09-26 10:30:00,0
2025-09-26 11:30:00,0
2025-09-26 12:30:00,0
2025-09-26 13:30:00,0
2025-09-26 14:30:00,0
2025-09-26 15:30:00,0
2025-09-29 09:30:00,0
2025-09-29 10:30:00,0
2025-09-29 11:30:00,0
2025-09-29 12:30:00,0
2025-09-29 13:30:00,0
2025-09-29 14:30:00,0
2025-09-29 15:30:00,0
2025-09-30 09:30:00,0
2025-09-30 10:30:00,0
2025-09-30 11:30:00,0
2025-09-30 12:30:00,0
2025-09-30 13:30:00,0
2025-09-30 14:30:00,0
2025-09-30 15:30:00,0
2025-10-01 09:30:00,0
2025-10-01 10:30:00,0
2025-10-01 11:30:00,0
2025-10-01 12:30:00,0
2025-10-01 13:30:00,0
2025-10-01 14:30:00,0
2025-10-01 15:30:00,0
2025-10-02 09:30:00,0
2025-10-02 10:30:00,0
2025-10-02 11:30:00,0
2025-10-02 12:30:00,0
2025-10-02 13:30:00,0
2025-10-02 14:30:00,0
2025-10-02 15:30:00,0
2025-10-03 09:30:00,0
2025-10-03 10:30:00,0
2025-10-03 11:30:00,0
2025-10-03 12:30:00,0
2025-10-03 13:30:00,0
2025-10-03 14:30:00,0
2025-10-03 15:30:00,0
2025-10-06 09:30:00,0
2025-10-06 10:30:00,0
2025-10-06 11:30:00,0
2025-10-06 12:30:00,0
2025-10-06 13:30:00,0
2025-10-06 14:30:00,0
2025-10-06 15:30:00,0
2025-10-07 09:30:00,0
2025-10-07 10:30:00,0
2025-10-07 11:30:00,0
2025-10-07 12:30:00,0
2025-10-07 13:30:00,0
2025-10-07 14:30:00,0
2025-10-07 15:30:00,0
2025-10-08 09:30:00,0
2025-10-08 10:30:00,0
2025-10-08 11:30:00,0
2025-10-08 12:30:00,0
2025-10-08 13:30:00,0
2025-10-08 14:30:00,0
2025-10-08 15:30:00,0
2025-10-09 09:30:00,0
2025-10-09 10:30:00,0
2025-10-09 11:30:00,0
2025-10-09 12:30:00,0
2025-10-09 13:30:00,0
2025-10-09 14:30:00,0
2025-10-09 15:30:00,0
2025-10-10 09:30:00,0
2025-10-10 10:30:00,0
2025-10-10 11:30:00,0
2025-10-10 12:30:00,0
2025-10-10 13:30:00,0
2025-10-10 14:30:00,0
2025-10-10 15:30:00,0
2025-10-13 09:30:00,0
2025-10-13 10:30:00,0
2025-10-13 11:30:00,0
2025-10-13 12:30:00,0
2025-10-13 13:30:00,0
2025-10-13 14:30:00,0
2025-10-13 15:30:00,0
2025-10-14 09:30:00,0
2025-10-14 10:30:00,0
2025-10-14 11:30:00,0
2025-10-14 12:30:00,0
2025-10-14 13:30:00,0
2025-10-14 14:30:00,0
2025-10-14 15:30:00,0
2025-10-15 09:30:00,0
2025-10-15 10:30:00,0
2025-10-15 11:30:00,0
2025-10-15 12:30:00,0
2025-10-15 13:30:00,0
2025-10-15 14:30:00,0
2025-10-15 15:30:00,0
2025-10-16 09:30:00,0
2025-10-16 10:30:00,0
2025-10-16 11:30:00,0
2025-10-16 12:30:00,0
2025-10-16 13:30:00,0
2025-10-16 14:30:00,0
2025-10-16 15:30:00,0
2025-10-17 09:30:00,0
2025-10-17 10:30:00,0
2025-10-17 11:30:00,0
2025-10-17 12:30:00,0
2025-10-17 13:30:00,0
2025-10-17 14:30:00,0
2025-10-17 15:30:00,0
2025-10-20 09:30:00,0
2025-10-20 10:30:00,0
2025-10-20 11:30:00,0
2025-10-20 12:30:00,0
2025-10-20 13:30:00,0
2025-10-20 14:30:00,0
2025-10-20 15:30:00,0
2025-10-21 09:30:00,0
2025-10-21 10:30:00,0
2025-10-21 11:30:00,0
2025-10-21 12:30:00,0
2025-10-21 13:30:00,0
2025-10-21 14:30:00,0
2025-10-21 15:30:00,0
2025-10-22 09:30:00,0
2025-10-22 10:30:00,0
2025-10-22 11:30:00,0
2025-10-22 12:30:00,0
2025-10-22 13:30:00,0
2025-10-22 14:30:00,0
2025-10-22 15:30:00,0
2025-10-23 09:30:00,0
2025-10-23 10:30:00,0
2025-10-23 11:30:00,0
2025-10-23 12:30:00,0
2025-10-23 13:30:00,0
2025-10-23 14:30:00,0
2025-10-23 15:30:00,0
2025-10-24 09:30:00,0
2025-10-24 10:30:00,0
2025-10-24 11:30:00,0
2025-10-24 12:30:00,0
2025-10-24 13:30:00,0
2025-10-24 14:30:00,0
2025-10-24 15:30:00,0
2025-10-27 09:30:00,0
2025-10-27 10:30:00,0
2025-10-27 11:30:00,0
2025-10-27 12:30:00,0
2025-10-27 13:30:00,0
2025-10-27 14:30:00,0
2025-10-27 15:30:00,0
2025-10-28 09:30:00,0
2025-10-28 10:30:00,0
2025-10-28 11:30:00,0
2025-10-28 12:30:00,0
2025-10-28 13:30:00,0
2025-10-28 14:30:00,0
2025-10-28 15:30:00,0
2025-10-29 09:30:00,0
2025-10-29 10:30:00,0
2025-10-29 11:30:00,0
2025-10-29 12:30:00,0
2025-10-29 13:30:00,0
2025-10-29 14:30:00,0
2025-10-29 15:30:00,0
2025-10-30 09:30:00,0
2025-10-30 10:30:00,0
2025-10-30 11:30:00,0
2025-10-30 12:30:00,0
2025-10-30 13:30:00,0
2025-10-30 14:30:00,0
2025-10-30 15:30:00,0
2025-10-31 09:30:00,0
2025-10-31 10:30:00,0
2025-10-31 11:30:00,0
2025-10-31 12:30:00,0
2025-10-31 13:30:00,0
2025-10-31 14:30:00,0
2025-10-31 15:30:00,0
2025-11-03 09:30:00,0
2025-11-03 10:30:00,0
2025-11-03 11:30:00,0
2025-11-03 12:30:00,0
2025-11-03 13:30:00,0
2025-11-03 14:30:00,0
2025-11-03 15:30:00,0
2025-11-04 09:30:00,0
2025-11-04 10:30:00,0
2025-11-04 11:30:00,0
2025-11-04 12:30:00,0
2025-11-04 13:30:00,0
2025-11-04 14:30:00,0
2025-11-04 15:30:00,0
2025-11-05 09:30:00,0
2025-11-05 10:30:00,0
2025-11-05 11:30:00,0
2025-11-05 12:30:00,0
2025-11-05 13:30:00,0
2025-11-05 14:30:00,0
2025-11-05 15:30:00,0
2025-11-06 09:30:00,0
2025-11-06 10:30:00,0
2025-11-06 11:30:00,0
2025-11-06 12:30:00,0
2025-11-06 13:30:00,0
2025-11-06 14:30:00,0
2025-11-06 15:30:00,0
2025-11-07 09:30:00,0
2025-11-07 10:30:00,0
2025-11-07 11:30:00,0
2025-11-07 12:30:00,0
2025-11-07 13:30:00,0
2025-11-07 14:30:00,0
2025-11-07 15:30:00,0
2025-11-10 09:30:00,0
2025-11-10 10:30:00,0
2025-11-10 11:30:00,0
2025-11-10 12:30:00,0
2025-11-10 13:30:00,0
2025-11-10 14:30:00,0
2025-11-10 15:30:00,0
2025-11-11 09:30:00,0
2025-11-11 10:30:00,0
2025-11-11 11:30:00,0
2025-11-11 12:30:00,0
2025-11-11 13:30:00,0
2025-11-11 14:30:00,0
2025-11-11 15:30:00,0
2025-11-12 09:30:00,0
2025-11-12 10:30:00,0
2025-11-12 11:30:00,0
2025-11-12 12:30:00,0
2025-11-12 13:30:00,0
2025-11-12 14:30:00,0
2025-11-12 15:30:00,0
2025-11-13 09:30:00,0
2025-11-13 10:30:00,0
2025-11-13 11:30:00,0
2025-11-13 12:30:00,0
2025-11-13 13:30:00,0
2025-11-13 14:30:00,0
2025-11-13 15:30:00,0
2025-11-14 09:30:00,0
2025-11-14 10:30:00,0
2025-11-14 11:30:00,0
2025-11-14 12:30:00,0
2025-11-14 13:30:00,0
2025-11-14 14:30:00,0
2025-11-14 15:30:00,0
2025-11-17 09:30:00,0
2025-11-17 10:30:00,0
2025-11-17 11:30:00,0
2025-11-17 12:30:00,0
2025-11-17 13:30:00,0
2025-11-17 14:30:00,0
2025-11-17 15:30:00,0
2025-11-18 09:30:00,0
2025-11-18 10:30:00,0
2025-11-18 11:30:00,0
2025-11-18 12:30:00,0
2025-11-18 13:30:00,0
2025-11-18 14:30:00,0
2025-11-18 15:30:00,0
2025-11-19 09:30:00,0
2025-11-19 10:30:00,0
2025-11-19 11:30:00,0
2025-11-19 12:30:00,0
2025-11-19 13:30:00,0
2025-11-19 14:30:00,0
2025-11-19 15:30:00,0
2025-11-20 09:30:00,0
2025-11-20 10:30:00,0
2025-11-20 11:30:00,0
2025-11-20 12:30:00,0
2025-11-20 13:30:00,0
2025-11-20 14:30:00,0
2025-11-20 15:30:00,0
2025-11-21 09:30:00,0
2025-11-21 10:30:00,0
2025-11-21 11:30:00,0
2025-11-21 12:30:00,0
2025-11-21 13:30:00,0
2025-11-21 14:30:00,0
2025-11-21 15:30:00,0
2025-11-24 09:30:00,0
2025-11-24 10:30:00,0
2025-11-24 11:30:00,0
2025-11-24 12:30:00,0
2025-11-24 13:30:00,0
2025-11-24 14:30:00,0
2025-11-24 15:30:00,0
2025-11-25 09:30:00,0
2025-11-25 10:30:00,0
2025-11-25 11:30:00,0
2025-11-25 12:30:00,0
2025-11-25 13:30:00,0
2025-11-25 14:30:00,0
2025-11-25 15:30:00,0
2025-11-26 09:30:00,0
2025-11-26 10:30:00,0
2025-11-26 11:30:00,0
2025-11-26 12:30:00,0
2025-11-26 13:30:00,0
2025-11-26 14:30:00,0
2025-11-26 15:30:00,0
2025-11-28 09:30:00,0
2025-11-28 10:30:00,0
2025-11-28 11:30:00,0
2025-11-28 12:30:00,0
2025-12-01 09:30:00,0
2025-12-01 10:30:00,0
2025-12-01 11:30:00,0
2025-12-01 12:30:00,0
2025-12-01 13:30:00,0
2025-12-01 14:30:00,0
2025-12-01 15:30:00,0
2025-12-02 09:30:00,0
2025-12-02 10:30:00,0
2025-12-02 11:30:00,0
2025-12-02 12:30:00,0
2025-12-02 13:30:00,0
2025-12-02 14:30:00,0
2025-12-02 15:30:00,0
2025-12-03 09:30:00,0
2025-12-03 10:30:00,0
2025-12-03 11:30:00,0
2025-12-03 12:30:00,0
2025-12-03 13:30:00,0
2025-12-03 14:30:00,0
2025-12-03 15:30:00,0
2025-12-04 09:30:00,0
2025-12-04 10:30:00,0
2025-12-04 11:30:00,0
2025-12-04 12:30:00,0
2025-12-04 13:30:00,0
2025-12-04 14:30:00,0
2025-12-04 15:30:00,0
2025-12-05 09:30:00,0
2025-12-05 10:30:00,0
2025-12-05 11:30:00,0
2025-12-05 12:30:00,0
2025-12-05 13:30:00,0
2025-12-05 14:30:00,0
2025-12-05 15:30:00,0
2025-12-08 09:30:00,0
2025-12-08 10:30:00,0
2025-12-08 11:30:00,0
2025-12-08 12:30:00,0
2025-12-08 13:30:00,0
2025-12-08 14:30:00,0
2025-12-08 15:30:00,0
2025-12-09 09:30:00,0
2025-12-09 10:30:00,0
2025-12-09 11:30:00,0
2025-12-09 12:30:00,0
2025-12-09 13:30:00,0
2025-12-09 14:30:00,0
2025-12-09 15:30:00,0
2025-12-10 09:30:00,0
2025-12-10 10:30:00,0
2025-12-10 11:30:00,0
2025-12-10 12:30:00,0
2025-12-10 13:30:00,0
2025-12-10 14:30:00,0
2025-12-10 15:30:00,0
2025-12-11 09:30:00,0
2025-12-11 10:30:00,0
2025-12-11 11:30:00,0
2025-12-11 12:30:00,0
2025-12-11 13:30:00,0
2025-12-11 14:30:00,0
2025-12-11 15:30:00,0
2025-12-12 09:30:00,0
2025-12-12 10:30:00,0
2025-12-12 11:30:00,0
2025-12-12 12:30:00,0
2025-12-12 13:30:00,0
2025-12-12 14:30:00,0
2025-12-12 15:30:00,0
2025-12-15 09:30:00,0
2025-12-15 10:30:00,0
2025-12-15 11:30:00,0
2025-12-15 12:30:00,0
2025-12-15 13:30:00,0
2025-12-15 14:30:00,0
2025-12-15 15:30:00,0
2025-12-16 09:30:00,0
2025-12-16 10:30:00,0
2025-12-16 11:30:00,0
2025-12-16 12:30:00,0
2025-12-16 13:30:00,0
2025-12-16 14:30:00,0
2025-12-16 15:30:00,0
2025-12-17 09:30:00,0
2025-12-17 10:30:00,0
2025-12-17 11:30:00,0
2025-12-17 12:30:00,0
2025-12-17 13:30:00,0
2025-12-17 14:30:00,0
2025-12-17 15:30:00,0
2025-12-18 09:30:00,0
2025-12-18 10:30:00,0
2025-12-18 11:30:00,0
2025-12-18 12:30:00,0
2025-12-18 13:30:00,0
2025-12-18 14:30:00,0
2025-12-18 15:30:00,0
2025-12-19 09:30:00,0
2025-12-19 10:30:00,0
2025-12-19 11:30:00,0
2025-12-19 12:30:00,0
2025-12-19 13:30:00,0
2025-12-19 14:30:00,0
2025-12-19 15:30:00,0
2025-12-22 09:30:00,0
2025-12-22 10:30:00,0
2025-12-22 11:30:00,0
2025-12-22 12:30:00,0
2025-12-22 13:30:00,0
2025-12-22 14:30:00,0
2025-12-22 15:30:00,0
2025-12-23 09:30:00,0
2025-12-23 10:30:00,0
2025-12-23 11:30:00,0
2025-12-23 12:30:00,0
2025-12-23 13:30:00,0
2025-12-23 14:30:00,0
2025-12-23 15:30:00,0
2025-12-24 09:30:00,0
2025-12-24 10:30:00,0
2025-12-24 11:30:00,0
2025-12-24 12:30:00,0
2025-12-26 09:30:00,0
2025-12-26 10:30:00,0
2025-12-26 11:30:00,0
2025-12-26 12:30:00,0
2025-12-26 13:30:00,0
2025-12-26 14:30:00,0
2025-12-26 15:30:00,0
2025-12-29 09:30:00,0
2025-12-29 10:30:00,0
2025-12-29 11:30:00,0
2025-12-29 12:30:00,0
2025-12-29 13:30:00,0
2025-12-29 14:30:00,0
2025-12-29 15:30:00,0
2025-12-30 09:30:00,0
2025-12-30 10:30:00,0
2025-12-30 11:30:00,0
2025-12-30 12:30:00,0
2025-12-30 13:30:00,0
2025-12-30 14:30:00,0
2025-12-30 15:30:00,0
2025-12-31 09:30:00,0
2025-12-31 10:30:00,0
2025-12-31 11:30:00,0
2025-12-31 12:30:00,0
2025-12-31 13:30:00,0
2025-12-31 14:30:00,0
2025-12-31 15:30:00,0
2026-01-02 09:30:00,0
2026-01-02 10:30:00,0
2026-01-02 11:30:00,0
2026-01-02 12:30:00,0
2026-01-02 13:30:00,0
2026-01-02 14:30:00,0
2026-01-02 15:30:00,0
2026-01-05 09:30:00,0
2026-01-05 10:30:00,0
2026-01-05 11:30:00,0
2026-01-05 12:30:00,0
2026-01-05 13:30:00,0
2026-01-05 14:30:00,0
2026-01-05 15:30:00,0
2026-01-06 09:30:00,0
2026-01-06 10:30:00,0
2026-01-06 11:30:00,0
2026-01-06 12:30:00,0
2026-01-06 13:30:00,0
2026-01-06 14:30:00,0
2026-01-06 15:30:00,0
2026-01-07 09:30:00,0
2026-01-07 10:30:00,0
2026-01-07 11:30:00,0
2026-01-07 12:30:00,0
2026-01-07 13:30:00,0
2026-01-07 14:30:00,0
2026-01-07 15:30:00,0
2026-01-08 09:30:00,0
2026-01-08 10:30:00,0
2026-01-08 11:30:00,0
2026-01-08 12:30:00,0
2026-01-08 13:30:00,0
2026-01-08 14:30:00,0
2026-01-08 15:30:00,0
2026-01-09 09:30:00,0
2026-01-09 10:30:00,0
2026-01-09 11:30:00,0
2026-01-09 12:30:00,0
2026-01-09 13:30:00,0
2026-01-09 14:30:00,0
2026-01-09 15:30:00,0
2026-01-12 09:30:00,0
2026-01-12 10:30:00,0
2026-01-12 11:30:00,0
2026-01-12 12:30:00,0
2026-01-12 13:30:00,0
2026-01-12 14:30:00,0
2026-01-12 15:30:00,0
2026-01-13 09:30:00,0
2026-01-13 10:30:00,0
2026-01-13 11:30:00,0
2026-01-13 12:30:00,0
2026-01-13 13:30:00,0
2026-01-13 14:30:00,0
2026-01-13 15:30:00,0
2026-01-14 09:30:00,0
2026-01-14 10:30:00,0
2026-01-14 11:30:00,0
2026-01-14 12:30:00,0
2026-01-14 13:30:00,0
2026-01-14 14:30:00,0
2026-01-14 15:30:00,0
2026-01-15 09:30:00,0
2026-01-15 10:30:00,0
2026-01-15 11:30:00,0
2026-01-15 12:30:00,0
2026-01-15 13:30:00,0
2026-01-15 14:30:00,0
2026-01-15 15:30:00,0
2026-01-16 09:30:00,0
2026-01-16 10:30:00,0
2026-01-16 11:30:00,0
2026-01-16 12:30:00,0
2026-01-16 13:30:00,0
2026-01-16 14:30:00,0
2026-01-16 15:30:00,0
2026-01-20 09:30:00,0
2026-01-20 10:30:00,0
2026-01-20 11:30:00,0
2026-01-20 12:30:00,0
2026-01-20 13:30:00,0
2026-01-20 14:30:00,0
2026-01-20 15:30:00,0
2026-01-21 09:30:00,0
2026-01-21 10:30:00,0
2026-01-21 11:30:00,0
2026-01-21 12:30:00,0
2026-01-21 13:30:00,0
2026-01-21 14:30:00,0
2026-01-21 15:30:00,0
2026-01-22 09:30:00,0
2026-01-22 10:30:00,0
2026-01-22 11:30:00,0
2026-01-22 12:30:00,0
2026-01-22 13:30:00,0
2026-01-22 14:30:00,0
2026-01-22 15:30:00,0
2026-01-23 09:30:00,0
2026-01-23 10:30:00,0
2026-01-23 11:30:00,0
2026-01-23 12:30:00,0
2026-01-23 13:30:00,0
2026-01-23 14:30:00,0
2026-01-23 15:30:00,0
2026-01-26 09:30:00,0
2026-01-26 10:30:00,0
2026-01-26 11:30:00,0
2026-01-26 12:30:00,0
2026-01-26 13:30:00,0
2026-01-26 14:30:00,0
2026-01-26 15:30:00,0
2026-01-27 09:30:00,0
2026-01-27 10:30:00,0
2026-01-27 11:30:00,0
2026-01-27 12:30:00,0
2026-01-27 13:30:00,0
2026-01-27 14:30:00,0
2026-01-27 15:30:00,0
2026-01-28 09:30:00,0
2026-01-28 10:30:00,0
2026-01-28 11:30:00,0
2026-01-28 12:30:00,0
2026-01-28 13:30:00,0
2026-01-28 14:30:00,0
2026-01-28 15:30:00,0
2026-01-29 09:30:00,0
2026-01-29 10:30:00,0
2026-01-29 11:30:00,0
2026-01-29 12:30:00,0
2026-01-29 13:30:00,0
2026-01-29 14:30:00,0
2026-01-29 15:30:00,0
2026-01-30 09:30:00,0
2026-01-30 10:30:00,0
2026-02-02 13:30:00,0
2026-02-02 14:30:00,0
2026-02-02 15:30:00,0
2026-02-03 09:30:00,0
2026-02-03 10:30:00,0
2026-02-03 11:30:00,0
2026-02-03 12:30:00,0
2026-02-03 13:30:00,0
2026-02-03 14:30:00,0
2026-02-03 15:30:00,0
2026-02-04 09:30:00,0
2026-02-04 10:30:00,0
2026-02-04 11:30:00,0
2026-02-04 12:30:00,0
2026-02-04 13:30:00,0
2026-02-04 14:30:00,0
2026-02-04 15:30:00,0
2026-02-05 09:30:00,0
2026-02-05 10:30:00,0
2026-02-05 11:30:00,0
2026-02-05 12:30:00,0
2026-02-05 13:30:00,0
2026-02-05 14:30:00,0
2026-02-05 15:30:00,0
2026-02-06 09:30:00,0
2026-02-06 10:30:00,0
2026-02-06 11:30:00,0
2026-02-06 12:30:00,0
2026-02-06 13:30:00,0
2026-02-06 14:30:00,0
2026-02-06 15:30:00,0
2026-02-09 09:30:00,0
2026-02-09 10:30:00,0
2026-02-09 11:30:00,0
2026-02-09 12:30:00,0
2026-02-09 13:30:00,0
2026-02-09 14:30:00,0
2026-02-09 15:30:00,0
2026-02-10 09:30:00,0
2026-02-10 10:30:00,0
2026-02-10 11:30:00,0
2026-02-10 12:30:00,0
2026-02-10 13:30:00,0
2026-02-10 14:30:00,0
2026-02-10 15:30:00,0
2026-02-11 09:30:00,0
2026-02-11 10:30:00,0
2026-02-11 11:30:00,0
2026-02-11 12:30:00,0
2026-02-11 13:30:00,0
2026-02-11 14:30:00,0
2026-02-11 15:30:00,0
2026-02-12 09:30:00,0
2026-02-12 10:30:00,0
2026-02-12 11:30:00,0
2026-02-12 12:30:00,0
2026-02-12 13:30:00,0
2026-02-12 14:30:00,0
2026-02-12 15:30:00,0
2026-02-13 09:30:00,0
2026-02-13 10:30:00,0
2026-02-13 11:30:00,0
2026-02-13 12:30:00,0
2026-02-13 13:30:00,0
2026-02-13 14:30:00,0
2026-02-13 15:30:00,0
2026-02-17 09:30:00,0
2026-02-17 10:30:00,0
2026-02-17 11:30:00,0
2026-02-17 12:30:00,0
2026-02-17 13:30:00,0
2026-02-17 14:30:00,0
2026-02-17 15:30:00,0
2026-02-18 09:30:00,0
2026-02-18 10:30:00,0
2026-02-18 11:30:00,0
2026-02-18 12:30:00,0
2026-02-18 13:30:00,0
2026-02-18 14:30:00,0
2026-02-18 15:30:00,0
2026-02-19 09:30:00,0
2026-02-19 10:30:00,0
2026-02-19 11:30:00,0
2026-02-19 12:30:00,0
2026-02-19 13:30:00,0
2026-02-19 14:30:00,0
2026-02-19 15:30:00,0
2026-02-20 09:30:00,0
2026-02-20 10:30:00,0
2026-02-20 11:30:00,0
2026-02-20 12:30:00,0
2026-02-20 13:30:00,0
2026-02-20 14:30:00,0
2026-02-20 15:30:00,0
2026-02-23 09:30:00,0
2026-02-23 10:30:00,0
2026-02-23 11:30:00,0
2026-02-23 12:30:00,0
2026-02-23 13:30:00,0
2026-02-23 14:30:00,0
2026-02-23 15:30:00,0
2026-02-24 09:30:00,0
2026-02-24 10:30:00,0
2026-02-24 11:30:00,0
2026-02-24 12:30:00,0
2026-02-24 13:30:00,0
2026-02-24 14:30:00,0
2026-02-24 15:30:00,0
2026-02-25 09:30:00,0
2026-02-25 10:30:00,0
2026-02-25 11:30:00,0
2026-02-25 12:30:00,0
2026-02-25 13:30:00,0
2026-02-25 14:30:00,0
2026-02-25 15:30:00,0
2026-02-26 09:30:00,0
2026-02-26 10:30:00,0
2026-02-26 11:30:00,0
2026-02-26 12:30:00,0
2026-02-26 13:30:00,0
2026-02-26 14:30:00,0
2026-02-26 15:30:00,0
2026-02-27 09:30:00,0
2026-02-27 10:30:00,0
2026-02-27 11:30:00,0
2026-02-27 12:30:00,0
2026-02-27 13:30:00,0
2026-02-27 14:30:00,0
2026-02-27 15:30:00,0
2026-03-02 09:30:00,0
2026-03-02 10:30:00,0
2026-03-02 11:30:00,0
2026-03-02 12:30:00,0
2026-03-02 13:30:00,0
2026-03-02 14:30:00,0
2026-03-02 15:30:00,0
2026-03-03 09:30:00,0
2026-03-03 10:30:00,0
2026-03-03 11:30:00,0
2026-03-03 12:30:00,0
2026-03-03 13:30:00,0
2026-03-03 14:30:00,0
2026-03-03 15:30:00,0
2026-03-04 09:30:00,0
2026-03-04 10:30:00,0
2026-03-04 11:30:00,0
2026-03-04 12:30:00,0
2026-03-04 13:30:00,0
2026-03-04 14:30:00,0
2026-03-04 15:30:00,0
2026-03-05 09:30:00,0
2026-03-05 10:30:00,0
2026-03-05 11:30:00,0
2026-03-05 12:30:00,0
2026-03-05 13:30:00,0
2026-03-05 14:30:00,0
2026-03-05 15:30:00,0
2026-03-06 09:30:00,0
2026-03-06 10:30:00,0
2026-03-06 11:30:00,0
2026-03-06 12:30:00,0
2026-03-06 13:30:00,0
2026-03-06 14:30:00,0
2026-03-06 15:30:00,0
2026-03-09 09:30:00,0
2026-03-09 10:30:00,0
2026-03-09 11:30:00,0
2026-03-09 12:30:00,0
2026-03-09 13:30:00,0
2026-03-09 14:30:00,0
2026-03-09 15:30:00,0
2026-03-10 09:30:00,0
2026-03-10 10:30:00,0
2026-03-10 11:30:00,0
2026-03-10 12:30:00,0
2026-03-10 13:30:00,0
2026-03-10 14:30:00,0
2026-03-10 15:30:00,0
2026-03-11 09:30:00,0
2026-03-11 10:30:00,0
2026-03-11 11:30:00,0
2026-03-11 12:30:00,0
2026-03-11 13:30:00,0
2026-03-11 14:30:00,0
2026-03-11 15:30:00,0
2026-03-12 09:30:00,0
2026-03-12 10:30:00,0
2026-03-12 11:30:00,0
2026-03-12 12:30:00,0
2026-03-12 13:30:00,0
2026-03-12 14:30:00,0
2026-03-12 15:30:00,0
2026-03-13 09:30:00,0
2026-03-13 10:30:00,0
2026-03-13 11:30:00,0
2026-03-13 12:30:00,0
2026-03-13 13:30:00,0
2026-03-13 14:30:00,0
2026-03-13 15:30:00,0
2026-03-16 09:30:00,0
2026-03-16 10:30:00,0
2026-03-16 11:30:00,0
2026-03-16 12:30:00,0
2026-03-16 13:30:00,0
2026-03-16 14:30:00,0
2026-03-16 15:30:00,0
2026-03-17 09:30:00,0
2026-03-17 10:30:00,0
2026-03-17 11:30:00,0
2026-03-17 12:30:00,0
2026-03-17 13:30:00,0
2026-03-17 14:30:00,0
2026-03-17 15:30:00,0
2026-03-18 09:30:00,0
2026-03-18 10:30:00,0
2026-03-18 11:30:00,0
2026-03-18 12:30:00,0
2026-03-18 13:30:00,0
2026-03-18 14:30:00,0
2026-03-18 15:30:00,0
2026-03-19 09:30:00,0
2026-03-19 10:30:00,0
2026-03-19 11:30:00,0
2026-03-19 12:30:00,0
2026-03-19 13:30:00,0
2026-03-19 14:30:00,0
2026-03-19 15:30:00,0
2026-03-20 09:30:00,0
2026-03-20 10:30:00,0
2026-03-20 11:30:00,0
2026-03-20 12:30:00,0
2026-03-20 13:30:00,0
2026-03-20 14:30:00,0
2026-03-20 15:30:00,0
2026-03-23 09:30:00,0
2026-03-23 10:30:00,0
2026-03-23 11:30:00,0
2026-03-23 12:30:00,0
2026-03-23 13:30:00,0
2026-03-23 14:30:00,0
2026-03-23 15:30:00,0
2026-03-24 09:30:00,0
2026-03-24 10:30:00,0
2026-03-24 11:30:00,0
2026-03-24 12:30:00,0
2026-03-24 13:30:00,0
2026-03-24 14:30:00,0
2026-03-24 15:30:00,0
2026-03-25 09:30:00,0
2026-03-25 10:30:00,0
2026-03-25 11:30:00,0
2026-03-25 12:30:00,0
2026-03-25 13:30:00,0
2026-03-25 14:30:00,0
2026-03-25 15:30:00,0
2026-03-26 09:30:00,0
2026-03-26 10:30:00,0
2026-03-26 11:30:00,0
2026-03-26 12:30:00,0
2026-03-26 13:30:00,0
2026-03-26 14:30:00,0
2026-03-26 15:30:00,0
2026-03-27 09:30:00,0
2026-03-27 10:30:00,0
2026-03-27 11:30:00,0
2026-03-27 12:30:00,0
2026-03-27 13:30:00,0
2026-03-27 14:30:00,0
2026-03-27 15:30:00,0
2026-03-30 09:30:00,0
2026-03-30 10:30:00,0
2026-03-30 11:30:00,0
2026-03-30 12:30:00,0
2026-03-30 13:30:00,0
2026-03-30 14:30:00,0
2026-03-30 15:30:00,0
2026-03-31 09:30:00,0
2026-03-31 10:30:00,0
2026-03-31 11:30:00,0
2026-03-31 12:30:00,0
2026-03-31 13:30:00,0
2026-03-31 14:30:00,0
2026-03-31 15:30:00,0
2026-04-01 09:30:00,0
2026-04-01 10:30:00,0
2026-04-01 11:30:00,0
2026-04-01 12:30:00,0
2026-04-01 13:30:00,0
2026-04-01 14:30:00,0
2026-04-01 15:30:00,0
2026-04-02 09:30:00,0
2026-04-02 10:30:00,0
2026-04-02 11:30:00,0
2026-04-02 12:30:00,0
2026-04-02 13:30:00,0
2026-04-02 14:30:00,0
2026-04-02 15:30:00,0
2026-04-06 09:30:00,0
2026-04-06 10:30:00,0
2026-04-06 11:30:00,0
2026-04-06 12:30:00,0
2026-04-06 13:30:00,0
2026-04-06 14:30:00,0
2026-04-06 15:30:00,0
2026-04-07 09:30:00,0
2026-04-07 10:30:00,0
2026-04-07 11:30:00,0
2026-04-07 12:30:00,0
2026-04-07 13:30:00,0
2026-04-07 14:30:00,0
2026-04-07 15:30:00,0
2026-04-08 09:30:00,0
2026-04-08 10:30:00,0
2026-04-08 11:30:00,0
2026-04-08 12:30:00,0
2026-04-08 13:30:00,0
2026-04-08 14:30:00,0
2026-04-08 15:30:00,0
2026-04-09 09:30:00,0
2026-04-09 10:30:00,0
2026-04-09 11:30:00,0
2026-04-09 12:30:00,0
2026-04-09 13:30:00,0
2026-04-09 14:30:00,0
2026-04-09 15:30:00,0
2026-04-10 09:30:00,0
2026-04-10 10:30:00,0
2026-04-10 11:30:00,0
2026-04-10 12:30:00,0
2026-04-10 13:30:00,0
2026-04-10 14:30:00,0
2026-04-10 15:30:00,0
2026-04-13 09:30:00,0
2026-04-13 10:30:00,0
2026-04-13 11:30:00,0
2026-04-13 12:30:00,0
2026-04-13 13:30:00,0
2026-04-13 14:30:00,0
2026-04-13 15:30:00,0
2026-04-14 09:30:00,0
2026-04-14 10:30:00,0
2026-04-14 11:30:00,0
2026-04-14 12:30:00,0
2026-04-14 13:30:00,0
2026-04-14 14:30:00,0
2026-04-14 15:30:00,0
2026-04-15 09:30:00,0
2026-04-15 10:30:00,0
2026-04-15 11:30:00,0
2026-04-15 12:30:00,0
2026-04-15 13:30:00,0
2026-04-15 14:30:00,0
2026-04-15 15:30:00,0
2026-04-16 09:30:00,0
2026-04-16 10:30:00,0
2026-04-16 11:30:00,0
2026-04-16 12:30:00,0
2026-04-16 13:30:00,0
2026-04-16 14:30:00,0
2026-04-16 15:30:00,0
2026-04-17 09:30:00,0
2026-04-17 10:30:00,0
2026-04-17 11:30:00,0
2026-04-17 12:30:00,0
2026-04-17 13:30:00,0
2026-04-17 14:30:00,0
2026-04-17 15:30:00,0
2026-04-20 09:30:00,0
2026-04-20 10:30:00,0
2026-04-20 11:30:00,0
2026-04-20 12:30:00,0
2026-04-20 13:30:00,0
2026-04-20 14:30:00,0
2026-04-20 15:30:00,0
2026-04-21 09:30:00,0
2026-04-21 10:30:00,0
2026-04-21 11:30:00,0
2026-04-21 12:30:00,0
2026-04-21 13:30:00,0
2026-04-21 14:30:00,0
2026-04-21 15:30:00,0
2026-04-22 09:30:00,0
2026-04-22 10:30:00,0
2026-04-22 11:30:00,0
2026-04-22 12:30:00,0
2026-04-22 13:30:00,0
2026-04-22 14:30:00,0
2026-04-22 15:30:00,0
2026-04-23 09:30:00,0
2026-04-23 10:30:00,0
2026-04-23 11:30:00,0
2026-04-23 12:30:00,0
2026-04-23 13:30:00,0
2026-04-23 14:30:00,0
2026-04-23 15:30:00,0
2026-04-24 09:30:00,0
2026-04-24 10:30:00,0
2026-04-24 11:30:00,0
2026-04-24 12:30:00,0
2026-04-24 13:30:00,0
2026-04-24 14:30:00,0
2026-04-24 15:30:00,0
2026-04-27 09:30:00,0
2026-04-27 10:30:00,0
2026-04-27 11:30:00,0
2026-04-27 12:30:00,0
2026-04-27 13:30:00,0
2026-04-27 14:30:00,0
2026-04-27 15:30:00,0
2026-04-28 09:30:00,0
2026-04-28 10:30:00,0
2026-04-28 11:30:00,0
2026-04-28 12:30:00,0
2026-04-28 13:30:00,0
2026-04-28 14:30:00,0
2026-04-28 15:30:00,0
2026-04-29 09:30:00,0
2026-04-29 10:30:00,0
2026-04-29 11:30:00,0
2026-04-29 12:30:00,0
2026-04-29 13:30:00,0
2026-04-29 14:30:00,0
2026-04-29 15:30:00,0
2026-04-30 09:30:00,0
2026-04-30 10:30:00,0
2026-04-30 11:30:00,0
2026-04-30 12:30:00,0
2026-04-30 13:30:00,0
2026-04-30 14:30:00,0
2026-04-30 15:30:00,0
2026-05-01 09:30:00,0
2026-05-01 10:30:00,0
2026-05-01 11:30:00,0
2026-05-01 12:30:00,0
2026-05-01 13:30:00,0
2026-05-01 14:30:00,0
2026-05-01 15:30:00,0
2026-05-04 09:30:00,0
2026-05-04 10:30:00,0
2026-05-04 11:30:00,0
2026-05-04 12:30:00,0
2026-05-04 13:30:00,0
2026-05-04 14:30:00,0
2026-05-04 15:30:00,0
2026-05-05 09:30:00,0
2026-05-05 10:30:00,0
2026-05-05 11:30:00,0
2026-05-05 12:30:00,0
2026-05-05 13:30:00,0
2026-05-05 14:30:00,0
2026-05-05 15:30:00,0
2026-05-06 09:30:00,0
2026-05-06 10:30:00,0
2026-05-06 11:30:00,0
2026-05-06 12:30:00,0
2026-05-06 13:30:00,0
2026-05-06 14:30:00,0
2026-05-06 15:30:00,0
2026-05-07 09:30:00,0
2026-05-07 10:30:00,0
2026-05-07 11:30:00,0
2026-05-07 12:30:00,0
2026-05-07 13:30:00,0
2026-05-07 14:30:00,0
2026-05-07 15:30:00,0
2026-05-08 09:30:00,0
2026-05-08 10:30:00,0
2026-05-08 11:30:00,0
2026-05-08 12:30:00,0
2026-05-08 13:30:00,0
2026-05-08 14:30:00,0
2026-05-08 15:30:00,0
2026-05-11 09:30:00,0
2026-05-11 10:30:00,0
2026-05-11 11:30:00,0
2026-05-11 12:30:00,0
2026-05-11 13:30:00,0
2026-05-11 14:30:00,0
2026-05-11 15:30:00,0
2026-05-12 09:30:00,0
2026-05-12 10:30:00,0
2026-05-12 11:30:00,0
2026-05-12 12:30:00,0
2026-05-12 13:30:00,0
2026-05-12 14:30:00,0
2026-05-12 15:30:00,0
2026-05-13 09:30:00,0
2026-05-13 10:30:00,0
2026-05-13 11:30:00,0
2026-05-13 12:30:00,0
2026-05-13 13:30:00,0
2026-05-13 14:30:00,0
2026-05-13 15:30:00,0
2026-05-14 09:30:00,0
2026-05-14 10:30:00,0
2026-05-14 11:30:00,0
2026-05-14 12:30:00,0
2026-05-14 13:30:00,0
2026-05-14 14:30:00,0
2026-05-14 15:30:00,0
2026-05-15 09:30:00,0
2026-05-15 10:30:00,0
2026-05-15 11:30:00,0
2026-05-15 12:30:00,0
2026-05-15 13:30:00,0
2026-05-15 14:30:00,0
2026-05-15 15:30:00,0
2026-05-18 09:30:00,0
2026-05-18 10:30:00,0
2026-05-18 11:30:00,0
2026-05-18 12:30:00,0
2026-05-18 13:30:00,0
2026-05-18 14:30:00,0
2026-05-18 15:30:00,0
2026-05-19 09:30:00,0
2026-05-19 10:30:00,0
2026-05-19 11:30:00,0
2026-05-19 12:30:00,0
2026-05-19 13:30:00,0
2026-05-19 14:30:00,0
2026-05-19 15:30:00,0
2026-05-20 09:30:00,0
2026-05-20 10:30:00,0
2026-05-20 11:30:00,0
2026-05-20 12:30:00,0
2026-05-20 13:30:00,0
2026-05-20 14:30:00,0
2026-05-20 15:30:00,0
2026-05-21 09:30:00,0
2026-05-21 10:30:00,0
2026-05-21 11:30:00,0
2026-05-21 12:30:00,0
2026-05-21 13:30:00,0
2026-05-21 14:30:00,0
2026-05-21 15:30:00,0
2026-05-22 09:30:00,0
2026-05-22 10:30:00,0
2026-05-22 11:30:00,0
2026-05-22 12:30:00,0
2026-05-22 13:30:00,0
2026-05-22 14:30:00,0
2026-05-22 15:30:00,0
2026-05-26 09:30:00,0
2026-05-26 10:30:00,0
2026-05-26 11:30:00,0
2026-05-26 12:30:00,0
2026-05-26 13:30:00,0
2026-05-26 14:30:00,0
2026-05-26 15:30:00,0
2026-05-27 09:30:00,0
2026-05-27 10:30:00,0
2026-05-27 11:30:00,0
2026-05-27 12:30:00,0
2026-05-27 13:30:00,0
2026-05-27 14:30:00,0
2026-05-27 15:30:00,0
2026-05-28 09:30:00,0
2026-05-28 10:30:00,0
2026-05-28 11:30:00,0
2026-05-28 12:30:00,0
2026-05-28 13:30:00,0
2026-05-28 14:30:00,0
2026-05-28 15:30:00,0
2026-05-29 09:30:00,0
2026-05-29 10:30:00,0
2026-05-29 11:30:00,0
2026-05-29 12:30:00,0
2026-05-29 13:30:00,0
2026-05-29 14:30:00,0
2026-05-29 15:30:00,0
2026-06-01 09:30:00,0
2026-06-01 10:30:00,0
2026-06-01 11:30:00,0
2026-06-01 12:30:00,0
2026-06-01 13:30:00,0
2026-06-01 14:30:00,0
2026-06-01 15:30:00,0
2026-06-02 09:30:00,0
2026-06-02 10:30:00,0
2026-06-02 11:30:00,0
2026-06-02 12:30:00,0
2026-06-02 13:30:00,0
2026-06-02 14:30:00,0
2026-06-02 15:30:00,0
2026-06-03 09:30:00,0
2026-06-03 10:30:00,0
2026-06-03 11:30:00,0
2026-06-03 12:30:00,0
2026-06-03 13:30:00,0
2026-06-03 14:30:00,0
2026-06-03 15:30:00,0
2026-06-04 09:30:00,0
2026-06-04 10:30:00,0
2026-06-04 11:30:00,0
2026-06-04 12:30:00,0
2026-06-04 13:30:00,0
2026-06-04 14:30:00,0
2026-06-04 15:30:00,0
2026-06-05 09:30:00,0
2026-06-05 10:30:00,0
2026-06-05 11:30:00,0
2026-06-05 12:30:00,0
2026-06-05 13:30:00,0
2026-06-05 14:30:00,0
2026-06-05 15:30:00,0
2026-06-08 09:30:00,0
2026-06-08 10:30:00,0
2026-06-08 11:30:00,0
2026-06-08 12:30:00,0
2026-06-08 13:30:00,0
2026-06-08 14:30:00,0
2026-06-08 15:30:00,0
2026-06-09 09:30:00,0
2026-06-09 10:30:00,0
2026-06-09 11:30:00,0
2026-06-09 12:30:00,0
2026-06-09 13:30:00,0
2026-06-09 14:30:00,0
2026-06-09 15:30:00,0
2026-06-10 09:30:00,0
2026-06-10 10:30:00,0
2026-06-10 11:30:00,0
2026-06-10 12:30:00,0
2026-06-10 13:30:00,0
2026-06-10 14:30:00,0
2026-06-10 15:30:00,0
2026-06-11 09:30:00,0
2026-06-11 10:30:00,0
2026-06-11 11:30:00,0
2026-06-11 12:30:00,0
2026-06-11 13:30:00,0
2026-06-11 14:30:00,0
2026-06-11 15:30:00,0
2026-06-12 09:30:00,0
2026-06-12 10:30:00,0
2026-06-12 11:30:00,0
2026-06-12 12:30:00,0
2026-06-12 13:30:00,0
2026-06-12 14:30:00,0
2026-06-12 15:30:00,0
