,Daily_Return
2019-02-07,0.007606129080369755
2019-02-08,0.0
2019-02-11,0.0
2019-02-12,0.0
2019-02-13,0.0
2019-02-14,0.006622403192035285
2019-02-15,0.0
2019-02-19,0.0
2019-02-20,0.007186241008659468
2019-02-21,0.005570067104891822
2019-02-22,0.015032140118617955
2019-02-25,0.0
2019-02-26,0.0
2019-02-27,-0.04165190993142233
2019-02-28,0.026565905423954712
2019-03-01,0.0
2019-03-04,0.0
2019-03-05,0.0
2019-03-06,0.004259794639099507
2019-03-07,0.0
2019-03-08,0.0
2019-03-11,-0.016256360819753485
2019-03-12,0.0
2019-03-13,0.0
2019-03-14,0.0
2019-03-15,-0.01988045532871529
2019-03-18,0.0
2019-03-19,0.01192243738194871
2019-03-20,0.023141280325682016
2019-03-21,-0.011079220598500625
2019-03-22,0.022736129751169506
2019-03-25,0.0
2019-03-26,0.0
2019-03-27,0.0
2019-03-28,0.0
2019-03-29,0.0
2019-04-01,0.0
2019-04-02,0.0
2019-04-03,0.0
2019-04-04,0.0
2019-04-05,0.0
2019-04-08,0.0
2019-04-09,0.0
2019-04-10,0.0
2019-04-11,0.0
2019-04-12,-0.012605634149605457
2019-04-15,0.0
2019-04-16,0.007608515171509283
2019-04-17,0.01705506739235863
2019-04-18,-0.017053838877441305
2019-04-22,0.0
2019-04-23,-0.00881289458034078
2019-04-24,0.0049548598674961945
2019-04-25,0.006942549629025575
2019-04-26,-0.024013182875122455
2019-04-29,0.0
2019-04-30,0.006458755991940515
2019-05-01,0.01915638552973513
2019-05-02,0.03859939304242906
2019-05-03,-0.01462847879563112
2019-05-06,0.0
2019-05-07,0.012293421604354975
2019-05-08,-0.008662058795334594
2019-05-09,0.0
2019-05-10,0.0
2019-05-13,0.02220657633125329
2019-05-14,0.0
2019-05-15,0.0
2019-05-16,0.0
2019-05-17,0.0
2019-05-20,0.0
2019-05-21,0.0
2019-05-22,0.0
2019-05-23,0.0
2019-05-24,0.0
2019-05-28,0.022244178661143636
2019-05-29,0.022933790808523806
2019-05-30,0.0
2019-05-31,0.023338890568524052
2019-06-03,0.0
2019-06-04,-0.03199719653345682
2019-06-05,0.0
2019-06-06,0.0
2019-06-07,0.0
2019-06-10,0.0
2019-06-11,0.0
2019-06-12,0.0
2019-06-13,0.0
2019-06-14,0.0
2019-06-17,0.0
2019-06-18,0.0
2019-06-19,0.0
2019-06-20,0.0
2019-06-21,0.0
2019-06-24,0.0
2019-06-25,0.0
2019-06-26,0.009968238345649808
2019-06-27,0.0
2019-06-28,0.0
2019-07-01,0.0
2019-07-02,0.0
2019-07-03,0.0
2019-07-05,0.0
2019-07-08,0.0
2019-07-09,0.0
2019-07-10,0.0
2019-07-11,-0.007506405547530602
2019-07-12,0.0
2019-07-15,0.0
2019-07-16,0.0
2019-07-17,0.022447343263384597
2019-07-18,0.0064664354044380425
2019-07-19,0.0
2019-07-22,0.0
2019-07-23,-0.022210707285870608
2019-07-24,-0.03326570260118836
2019-07-25,0.04335138984426634
2019-07-26,-0.01443048916281026
2019-07-29,0.0
2019-07-30,0.034931499089996
2019-07-31,-0.025570425305472863
2019-08-01,0.007267170755211892
2019-08-02,0.012159471764607369
2019-08-05,0.017082917807695854
2019-08-06,-0.03586928796508126
2019-08-07,-0.02728378532499614
2019-08-08,-0.012764959167748363
2019-08-09,0.0
2019-08-12,0.0
2019-08-13,0.0
2019-08-14,0.0
2019-08-15,0.0
2019-08-16,0.0
2019-08-19,0.0
2019-08-20,0.0
2019-08-21,0.0
2019-08-22,0.0
2019-08-23,0.0
2019-08-26,0.0
2019-08-27,0.0
2019-08-28,0.0
2019-08-29,0.0
2019-08-30,0.0
2019-09-03,0.0
2019-09-04,0.0
2019-09-05,0.0
2019-09-06,0.0
2019-09-09,0.018187226490651142
2019-09-10,0.0
2019-09-11,0.0
2019-09-12,0.0
2019-09-13,0.0
2019-09-16,-0.07064205775518623
2019-09-17,0.0
2019-09-18,0.0
2019-09-19,0.0
2019-09-20,0.0
2019-09-23,0.0
2019-09-24,0.0
2019-09-25,0.0
2019-09-26,0.0
2019-09-27,0.0
2019-09-30,0.0
2019-10-01,0.019745465046051087
2019-10-02,0.01577397039201336
2019-10-03,0.0
2019-10-04,0.0
2019-10-07,0.0
2019-10-08,0.012844506767329022
2019-10-09,0.0
2019-10-10,0.0
2019-10-11,-0.04369627673501931
2019-10-14,0.0
2019-10-15,0.0
2019-10-16,0.0
2019-10-17,0.0
2019-10-18,0.0
2019-10-21,0.0
2019-10-22,0.03699246119034343
2019-10-23,-0.022488065054770304
2019-10-24,-0.010851333565977981
2019-10-25,0.008000913390947793
2019-10-28,0.0
2019-10-29,0.0
2019-10-30,-0.010328136111847554
2019-10-31,0.03492730480983042
2019-11-01,-0.03284472193020729
2019-11-04,0.0
2019-11-05,-0.009290685129971325
2019-11-06,0.007723357024985719
2019-11-07,-0.019341943338396245
2019-11-08,0.0
2019-11-11,0.0
2019-11-12,0.0
2019-11-13,0.0
2019-11-14,0.0
2019-11-15,0.0
2019-11-18,0.0
2019-11-19,0.0
2019-11-20,0.0
2019-11-21,0.0
2019-11-22,0.0
2019-11-25,0.0
2019-11-26,0.009208763376794458
2019-11-27,0.0
2019-11-29,0.0
2019-12-02,0.007070339088921533
2019-12-03,0.0
2019-12-04,0.0
2019-12-05,0.0
2019-12-06,0.0
2019-12-09,0.0
2019-12-10,0.0
2019-12-11,0.0
2019-12-12,-0.043723197156759736
2019-12-13,-0.017962518912106037
2019-12-16,0.0
2019-12-17,0.0
2019-12-18,0.0
2019-12-19,0.0
2019-12-20,0.0
2019-12-23,0.0
2019-12-24,0.0
2019-12-26,0.0
2019-12-27,0.0
2019-12-30,0.0
2019-12-31,0.0
2020-01-02,0.0037124811065412907
2020-01-03,0.0
2020-01-06,0.0
2020-01-07,0.0217472152497752
2020-01-08,0.0
2020-01-09,0.0
2020-01-10,0.0
2020-01-13,0.0
2020-01-14,0.0
2020-01-15,0.0
2020-01-16,-0.017151113774238967
2020-01-17,0.012118453585410215
2020-01-21,0.03151675759352326
2020-01-22,-0.004970329163096408
2020-01-23,0.014534632709390038
2020-01-24,0.0050436001496055385
2020-01-27,0.011944391874445782
2020-01-28,-0.006972162387071996
2020-01-29,0.003924864028659558
2020-01-30,0.006379064559464639
2020-01-31,0.008097523446960794
2020-02-03,-0.014407992634179433
2020-02-04,-0.030849494271330984
2020-02-05,-0.028444220248464165
2020-02-06,0.007455693910671934
2020-02-07,0.02093647784226034
2020-02-10,0.0
2020-02-11,-0.035838329847668965
2020-02-12,0.0
2020-02-13,-0.007418960259120548
2020-02-14,0.0
2020-02-18,0.0
2020-02-19,0.0
2020-02-20,0.013371793309927216
2020-02-21,0.03647122997569031
2020-02-24,0.036068452192848814
2020-02-25,0.03163548145609492
2020-02-26,0.0
2020-02-27,0.032007141633832184
2020-02-28,0.038993018419663836
2020-03-02,-0.033965301745023414
2020-03-03,0.0
2020-03-04,-0.07522626624852591
2020-03-05,0.0
2020-03-06,0.02118423307840874
2020-03-09,0.24347734840297688
2020-03-10,-0.08737375455771021
2020-03-11,0.0
2020-03-12,0.1089073629851754
2020-03-13,-0.169515022979495
2020-03-16,0.10335986653213289
2020-03-17,-0.11101327139151246
2020-03-18,0.0
2020-03-19,-0.11953701512789901
2020-03-20,0.0
2020-03-23,0.0
2020-03-24,-0.12371705828215235
2020-03-25,0.0
2020-03-26,0.0
2020-03-27,0.0
2020-03-30,0.0
2020-03-31,0.0
2020-04-01,0.0
2020-04-02,0.0
2020-04-03,0.0
2020-04-06,0.0
2020-04-07,0.0
2020-04-08,0.0
2020-04-09,0.0
2020-04-13,0.0
2020-04-14,0.0
2020-04-15,0.0
2020-04-16,0.0
2020-04-17,0.0
2020-04-20,0.0
2020-04-21,0.0
2020-04-22,0.0
2020-04-23,0.0
2020-04-24,0.0
2020-04-27,0.0
2020-04-28,0.0
2020-04-29,0.0
2020-04-30,0.0
2020-05-01,0.0
2020-05-04,0.0
2020-05-05,0.0
2020-05-06,0.0
2020-05-07,0.0
2020-05-08,0.0
2020-05-11,0.0
2020-05-12,0.0
2020-05-13,0.0
2020-05-14,0.0
2020-05-15,0.0
2020-05-18,-0.032874006406542776
2020-05-19,0.0
2020-05-20,0.0
2020-05-21,0.0
2020-05-22,0.0
2020-05-26,0.0
2020-05-27,0.0
2020-05-28,0.0
2020-05-29,0.0
2020-06-01,0.0
2020-06-02,0.0
2020-06-03,0.0
2020-06-04,0.0
2020-06-05,0.0
2020-06-08,0.0
2020-06-09,0.0
2020-06-10,0.0
2020-06-11,0.025160474771777918
2020-06-12,0.0
2020-06-15,0.0
2020-06-16,0.0
2020-06-17,0.0
2020-06-18,0.0
2020-06-19,0.0
2020-06-22,0.0
2020-06-23,0.0
2020-06-24,0.0
2020-06-25,0.0
2020-06-26,0.0
2020-06-29,0.0
2020-06-30,0.0
2020-07-01,0.0
2020-07-02,0.0
2020-07-06,0.0
2020-07-07,0.0
2020-07-08,0.0
2020-07-09,0.0
2020-07-10,0.0
2020-07-13,0.0250308626661665
2020-07-14,0.0
2020-07-15,-0.06487099821545296
2020-07-16,0.0
2020-07-17,0.0
2020-07-20,0.0
2020-07-21,0.0
2020-07-22,0.0
2020-07-23,0.0
2020-07-24,0.0
2020-07-27,0.0
2020-07-28,0.0233447690326435
2020-07-29,-0.010632980104921554
2020-07-30,-0.010526087804942897
2020-07-31,0.0
2020-08-03,0.0
2020-08-04,0.0
2020-08-05,-0.032746821617640434
2020-08-06,0.04822423975247627
2020-08-07,0.0
2020-08-10,0.0
2020-08-11,0.0
2020-08-12,0.0
2020-08-13,0.0
2020-08-14,0.0
2020-08-17,0.0
2020-08-18,0.0
2020-08-19,0.0
2020-08-20,0.0
2020-08-21,0.0
2020-08-24,0.0
2020-08-25,0.0
2020-08-26,0.0
2020-08-27,0.006121407688305919
2020-08-28,0.0
2020-08-31,0.0
2020-09-01,0.0
2020-09-02,-0.029902259781780606
2020-09-03,0.0526381436623133
2020-09-04,0.0
2020-09-08,0.03518329833124138
2020-09-09,0.0
2020-09-10,0.0
2020-09-11,0.0
2020-09-14,0.0
2020-09-15,0.0
2020-09-16,0.0
2020-09-17,0.0
2020-09-18,0.0
2020-09-21,0.04103238083119368
2020-09-22,0.0
2020-09-23,0.0
2020-09-24,0.0
2020-09-25,0.0
2020-09-28,0.0
2020-09-29,0.0
2020-09-30,0.0
2020-10-01,0.0
2020-10-02,0.0
2020-10-05,0.0
2020-10-06,0.0
2020-10-07,0.0
2020-10-08,0.0
2020-10-09,0.0
2020-10-12,0.0
2020-10-13,0.0
2020-10-14,0.0
2020-10-15,0.0
2020-10-16,0.0
2020-10-19,0.0
2020-10-20,0.0
2020-10-21,0.0
2020-10-22,-0.015027426960223057
2020-10-23,0.0
2020-10-26,0.025112648466660732
2020-10-27,0.03024861873128125
2020-10-28,0.03841956666491936
2020-10-29,0.0
2020-10-30,0.0
2020-11-02,0.0
2020-11-03,-0.030903292131697402
2020-11-04,-0.11256686579074031
2020-11-05,-0.06660208443452328
2020-11-06,-0.03707222199231385
2020-11-09,-0.17074866586467177
2020-11-10,0.0
2020-11-11,0.0
2020-11-12,0.0
2020-11-13,0.0
2020-11-16,0.0
2020-11-17,0.0
2020-11-18,0.0
2020-11-19,0.0
2020-11-20,0.0
2020-11-23,0.0
2020-11-24,0.0
2020-11-25,0.0
2020-11-27,0.0
2020-11-30,0.0
2020-12-01,0.0
2020-12-02,0.0
2020-12-03,0.0
2020-12-04,0.0
2020-12-07,0.0
2020-12-08,0.0
2020-12-09,0.0
2020-12-10,0.0
2020-12-11,0.021841682416818723
2020-12-14,0.0
2020-12-15,0.0
2020-12-16,0.0
2020-12-17,0.0
2020-12-18,0.0
2020-12-21,0.0
2020-12-22,0.0
2020-12-23,0.0
2020-12-24,0.0
2020-12-28,0.0
2020-12-29,0.0
2020-12-30,0.0
2020-12-31,0.0
2021-01-04,0.02499566383412636
2021-01-05,0.0
2021-01-06,-0.0382386268225873
2021-01-07,0.0
2021-01-08,0.0
2021-01-11,0.0
2021-01-12,0.0
2021-01-13,0.0
2021-01-14,0.004400645545643514
2021-01-15,0.0
2021-01-19,0.0
2021-01-20,0.0
2021-01-21,0.0
2021-01-22,0.0
2021-01-25,0.0
2021-01-26,0.0
2021-01-27,-0.02453338346204055
2021-01-28,-0.009408412366038937
2021-01-29,0.0
2021-02-01,0.0
2021-02-02,0.0
2021-02-03,0.0
2021-02-04,0.0
2021-02-05,-0.021553538804497684
2021-02-08,0.0
2021-02-09,0.0
2021-02-10,0.0
2021-02-11,0.0062265894244327175
2021-02-12,0.0
2021-02-16,0.0
2021-02-17,0.0
2021-02-18,0.0
2021-02-19,0.0
2021-02-22,0.0
2021-02-23,0.0
2021-02-24,0.0
2021-02-25,0.04035252079739331
2021-02-26,0.009670976802152599
2021-03-01,0.0
2021-03-02,0.0
2021-03-03,0.0
2021-03-04,0.0
2021-03-05,0.0
2021-03-08,0.0
2021-03-09,0.0
2021-03-10,0.0
2021-03-11,0.0
2021-03-12,0.0
2021-03-15,0.0
2021-03-16,0.0
2021-03-17,0.0
2021-03-18,0.0
2021-03-19,0.0
2021-03-22,0.0
2021-03-23,0.0
2021-03-24,0.0
2021-03-25,0.0
2021-03-26,0.0
2021-03-29,0.0
2021-03-30,0.0
2021-03-31,0.0
2021-04-01,0.0
2021-04-05,0.0
2021-04-06,0.0
2021-04-07,0.0
2021-04-08,0.0
2021-04-09,0.0
2021-04-12,0.0
2021-04-13,0.0
2021-04-14,0.0
2021-04-15,0.0
2021-04-16,0.0
2021-04-19,0.0
2021-04-20,0.0
2021-04-21,0.0
2021-04-22,-0.007612817261169388
2021-04-23,0.0
2021-04-26,0.0
2021-04-27,-0.007041119291887779
2021-04-28,0.01755846900954027
2021-04-29,0.03733404816933455
2021-04-30,0.02712906358227389
2021-05-03,0.0
2021-05-04,-0.019723562747045422
2021-05-05,0.003745588714705166
2021-05-06,0.006952149471111725
2021-05-07,0.0
2021-05-10,0.013645802460657334
2021-05-11,0.012125603164745088
2021-05-12,0.03534742676746263
2021-05-13,0.0
2021-05-14,0.0
2021-05-17,0.0
2021-05-18,0.0
2021-05-19,0.0
2021-05-20,0.0
2021-05-21,0.0
2021-05-24,0.0
2021-05-25,0.0
2021-05-26,0.0
2021-05-27,0.0
2021-05-28,0.0
2021-06-01,0.0
2021-06-02,0.0
2021-06-03,0.0
2021-06-04,0.0
2021-06-07,0.0
2021-06-08,0.0
2021-06-09,0.0
2021-06-10,0.0
2021-06-11,0.0
2021-06-14,0.0
2021-06-15,0.0
2021-06-16,0.0
2021-06-17,0.025732606614777102
2021-06-18,0.015235362985401298
2021-06-21,0.0
2021-06-22,0.0
2021-06-23,0.0
2021-06-24,0.0
2021-06-25,0.0
2021-06-28,0.0
2021-06-29,0.0
2021-06-30,0.0
2021-07-01,0.0
2021-07-02,0.0
2021-07-06,0.0
2021-07-07,0.0
2021-07-08,0.0
2021-07-09,0.0
2021-07-12,0.0
2021-07-13,0.0
2021-07-14,0.0
2021-07-15,0.0
2021-07-16,0.0
2021-07-19,0.01640510192065398
2021-07-20,0.0
2021-07-21,0.0
2021-07-22,0.0
2021-07-23,0.0
2021-07-26,-0.03812151371163498
2021-07-27,0.0
2021-07-28,0.0
2021-07-29,0.004484365168129208
2021-07-30,0.0003168677857865801
2021-08-02,0.0
2021-08-03,0.009789795872592693
2021-08-04,0.0149291338277458
2021-08-05,0.012137897572944392
2021-08-06,0.0
2021-08-09,0.0
2021-08-10,0.0
2021-08-11,0.0
2021-08-12,0.0
2021-08-13,0.0
2021-08-16,0.0
2021-08-17,0.0
2021-08-18,0.012108616275011124
2021-08-19,0.0
2021-08-20,0.0
2021-08-23,0.0
2021-08-24,-0.04167729079488911
2021-08-25,0.0
2021-08-26,0.0
2021-08-27,0.0
2021-08-30,0.0
2021-08-31,0.0
2021-09-01,0.0
2021-09-02,-0.007294210890067757
2021-09-03,0.0
2021-09-07,0.0
2021-09-08,-0.007178124925683222
2021-09-09,0.005325759472838088
2021-09-10,0.0
2021-09-13,0.0
2021-09-14,0.0
2021-09-15,0.0
2021-09-16,0.0
2021-09-17,0.013030619105030193
2021-09-20,0.0270644494487805
2021-09-21,0.0
2021-09-22,0.0
2021-09-23,0.0
2021-09-24,0.0
2021-09-27,0.01981408209126954
2021-09-28,0.013859283386868617
2021-09-29,0.0
2021-09-30,0.013091764721248258
2021-10-01,0.0
2021-10-04,0.0
2021-10-05,0.0
2021-10-06,0.0
2021-10-07,0.0
2021-10-08,0.0
2021-10-11,0.0
2021-10-12,0.0
2021-10-13,0.0
2021-10-14,0.0
2021-10-15,0.0
2021-10-18,0.0
2021-10-19,0.0
2021-10-20,0.0
2021-10-21,0.021047279258425807
2021-10-22,0.0
2021-10-25,0.0
2021-10-26,0.0
2021-10-27,0.0463105039992555
2021-10-28,-0.01086278694195469
2021-10-29,-0.00801055073456812
2021-11-01,-0.03560744015900584
2021-11-02,0.008306542073964283
2021-11-03,-0.008929608948515074
2021-11-04,0.012197632873336063
2021-11-05,-0.0674682092814487
2021-11-08,-0.033690164128758755
2021-11-09,0.0
2021-11-10,0.0
2021-11-11,0.0
2021-11-12,0.0
2021-11-15,0.0
2021-11-16,0.0
2021-11-17,0.0
2021-11-18,0.0
2021-11-19,0.004890207043976006
2021-11-22,0.0
2021-11-23,0.0
2021-11-24,0.0
2021-11-26,0.019156239865064574
2021-11-29,0.0
2021-11-30,0.018693585258968214
2021-12-01,0.0
2021-12-02,0.0
2021-12-03,0.0
2021-12-06,0.0
2021-12-07,0.0
2021-12-08,0.0
2021-12-09,0.0
2021-12-10,0.0
2021-12-13,0.0
2021-12-14,0.0
2021-12-15,0.0
2021-12-16,-0.0077431265337488415
2021-12-17,0.0
2021-12-20,0.0
2021-12-21,0.0
2021-12-22,0.0
2021-12-23,0.0
2021-12-27,0.0
2021-12-28,0.0
2021-12-29,0.0
2021-12-30,0.0
2021-12-31,0.0
2022-01-03,0.0
2022-01-04,0.0
2022-01-05,0.03297318629660047
2022-01-06,0.028268880443570395
2022-01-07,0.0
2022-01-10,0.0
2022-01-11,0.0
2022-01-12,0.0
2022-01-13,0.0
2022-01-14,0.0
2022-01-18,0.0
2022-01-19,0.02165068514563969
2022-01-20,0.0
2022-01-21,0.0703888014510744
2022-01-24,0.0
2022-01-25,-0.006584862767316409
2022-01-26,0.005452164326842667
2022-01-27,0.00858933806561394
2022-01-28,-0.030756257850888417
2022-01-31,0.0
2022-02-01,0.0
2022-02-02,-0.011966172928654338
2022-02-03,0.06621916679250274
2022-02-04,0.00783648335459814
2022-02-07,0.0
2022-02-08,0.0
2022-02-09,0.0
2022-02-10,0.0
2022-02-11,0.0
2022-02-14,0.0
2022-02-15,0.0
2022-02-16,-0.011875395539436538
2022-02-17,0.0
2022-02-18,0.0
2022-02-22,0.0
2022-02-23,0.0
2022-02-24,0.00574833510706694
2022-02-25,-0.02640083828835694
2022-02-28,0.0
2022-03-01,0.022791838200326882
2022-03-02,0.0
2022-03-03,0.0
2022-03-04,0.0
2022-03-07,0.036994092337343513
2022-03-08,0.03499903878749089
2022-03-09,0.0
2022-03-10,0.0
2022-03-11,0.0
2022-03-14,0.0
2022-03-15,0.0
2022-03-16,0.0
2022-03-17,0.0
2022-03-18,0.0
2022-03-21,0.0
2022-03-22,0.0
2022-03-23,0.0
2022-03-24,0.0
2022-03-25,0.0
2022-03-28,0.0
2022-03-29,0.0
2022-03-30,0.0
2022-03-31,0.0
2022-04-01,0.0
2022-04-04,0.0
2022-04-05,0.0
2022-04-06,0.0
2022-04-07,0.0
2022-04-08,0.0
2022-04-11,0.0
2022-04-12,0.0
2022-04-13,0.0
2022-04-14,0.0
2022-04-18,0.0
2022-04-19,0.0
2022-04-20,0.0
2022-04-21,0.049223804215717426
2022-04-22,0.037063292093344795
2022-04-25,0.0
2022-04-26,0.0
2022-04-27,0.0
2022-04-28,-0.014040560730674105
2022-04-29,0.04184152904626024
2022-05-02,0.0
2022-05-03,0.0
2022-05-04,-0.05123021902549647
2022-05-05,0.0
2022-05-06,0.0
2022-05-09,0.05839672969368165
2022-05-10,0.0
2022-05-11,0.0
2022-05-12,0.0
2022-05-13,0.0
2022-05-16,0.0
2022-05-17,0.0
2022-05-18,0.07373299382020979
2022-05-19,0.0
2022-05-20,0.0
2022-05-23,0.0
2022-05-24,0.0
2022-05-25,0.0
2022-05-26,0.0
2022-05-27,0.0
2022-05-31,0.0
2022-06-01,0.0
2022-06-02,0.0
2022-06-03,0.0
2022-06-06,0.0
2022-06-07,0.0
2022-06-08,0.0
2022-06-09,0.0
2022-06-10,0.0
2022-06-13,0.037113216661997954
2022-06-14,0.0
2022-06-15,0.0
2022-06-16,0.0
2022-06-17,0.0
2022-06-21,0.0
2022-06-22,0.0
2022-06-23,0.0
2022-06-24,0.0
2022-06-27,0.0
2022-06-28,0.0
2022-06-29,0.0
2022-06-30,0.0
2022-07-01,0.0
2022-07-05,0.0
2022-07-06,0.0
2022-07-07,0.0
2022-07-08,0.0
2022-07-11,0.0
2022-07-12,0.0
2022-07-13,0.0
2022-07-14,0.0
2022-07-15,0.0
2022-07-18,0.0
2022-07-19,0.0
2022-07-20,0.0
2022-07-21,0.0
2022-07-22,0.0
2022-07-25,0.0
2022-07-26,0.0
2022-07-27,0.008003219031074624
2022-07-28,0.041058485370455
2022-07-29,0.008689085153963747
2022-08-01,0.0
2022-08-02,0.025973931482259138
2022-08-03,-0.017165126731008815
2022-08-04,0.0
2022-08-05,0.014914499176105864
2022-08-08,0.0
2022-08-09,0.0
2022-08-10,0.0
2022-08-11,0.0
2022-08-12,0.0
2022-08-15,0.0
2022-08-16,0.0
2022-08-17,0.0
2022-08-18,0.0
2022-08-19,0.0
2022-08-22,0.0
2022-08-23,0.0
2022-08-24,0.0
2022-08-25,0.0
2022-08-26,0.04591911980511544
2022-08-29,0.0
2022-08-30,0.0
2022-08-31,0.0
2022-09-01,0.0
2022-09-02,0.0
2022-09-06,0.0
2022-09-07,0.0
2022-09-08,0.009030477872833915
2022-09-09,0.0
2022-09-12,0.0
2022-09-13,0.02742771206003717
2022-09-14,0.0
2022-09-15,0.0
2022-09-16,0.0
2022-09-19,0.0
2022-09-20,0.0
2022-09-21,0.0
2022-09-22,0.0
2022-09-23,0.0
2022-09-26,0.0
2022-09-27,0.0
2022-09-28,0.0
2022-09-29,0.0
2022-09-30,0.0
2022-10-03,0.0
2022-10-04,0.0
2022-10-05,0.0
2022-10-06,0.0
2022-10-07,0.0
2022-10-10,0.0
2022-10-11,0.0
2022-10-12,0.0
2022-10-13,0.0
2022-10-14,0.0
2022-10-17,0.0
2022-10-18,0.0
2022-10-19,0.0
2022-10-20,0.0
2022-10-21,0.0
2022-10-24,0.0
2022-10-25,0.0
2022-10-26,0.008730121376210584
2022-10-27,0.04153043452352203
2022-10-28,-0.019409940102004437
2022-10-31,0.0
2022-11-01,0.0
2022-11-02,0.05187217121959246
2022-11-03,0.06601913646858959
2022-11-04,0.0
2022-11-07,0.0
2022-11-08,0.04470031672057824
2022-11-09,0.0
2022-11-10,-0.08729418296177448
2022-11-11,0.027255805594067994
2022-11-14,0.0
2022-11-15,0.0
2022-11-16,0.0
2022-11-17,0.0
2022-11-18,0.0
2022-11-21,0.0
2022-11-22,0.0
2022-11-23,0.0
2022-11-25,0.0
2022-11-28,0.0
2022-11-29,0.0
2022-11-30,0.0
2022-12-01,0.0
2022-12-02,0.0
2022-12-05,0.0
2022-12-06,0.0
2022-12-07,0.0
2022-12-08,0.0
2022-12-09,0.0
2022-12-12,0.0
2022-12-13,0.0
2022-12-14,0.0
2022-12-15,0.0
2022-12-16,0.0
2022-12-19,0.0
2022-12-20,0.0
2022-12-21,0.0
2022-12-22,0.0
2022-12-23,0.0
2022-12-27,0.0
2022-12-28,0.0
2022-12-29,0.0
2022-12-30,0.0
2023-01-03,0.0
2023-01-04,0.0
2023-01-05,0.0
2023-01-06,0.0
2023-01-09,0.0
2023-01-10,0.0
2023-01-11,0.0
2023-01-12,0.0
2023-01-13,0.0
2023-01-17,0.0
2023-01-18,0.02171500526563579
2023-01-19,0.0
2023-01-20,0.0
2023-01-23,0.0
2023-01-24,0.0
2023-01-25,0.0
2023-01-26,-0.025959693949476236
2023-01-27,0.005033012434965521
2023-01-30,0.0
2023-01-31,-0.04798472509914412
2023-02-01,0.006895944411540323
2023-02-02,-0.016188348887810164
2023-02-03,0.0
2023-02-06,0.0
2023-02-07,0.0
2023-02-08,0.0
2023-02-09,0.04326928410406939
2023-02-10,-0.008148203340635374
2023-02-13,0.0
2023-02-14,0.0
2023-02-15,-0.017101993029168205
2023-02-16,0.0
2023-02-17,0.0
2023-02-21,0.03731190557629318
2023-02-22,0.0
2023-02-23,-0.03165068238132643
2023-02-24,0.0
2023-02-27,0.0
2023-02-28,0.0
2023-03-01,0.0
2023-03-02,0.0
2023-03-03,0.0
2023-03-06,0.0
2023-03-07,0.03471512269175169
2023-03-08,0.0
2023-03-09,0.04976069977876699
2023-03-10,0.03286010081294755
2023-03-13,0.0789982787617575
2023-03-14,0.0
2023-03-15,0.02991220505138854
2023-03-16,0.0
2023-03-17,0.0
2023-03-20,0.0
2023-03-21,0.0
2023-03-22,0.0
2023-03-23,-0.00896287984329415
2023-03-24,0.0
2023-03-27,0.0
2023-03-28,0.0
2023-03-29,0.0
2023-03-30,0.0
2023-03-31,0.0
2023-04-03,0.0
2023-04-04,0.0
2023-04-05,0.0
2023-04-06,0.0
2023-04-10,0.0
2023-04-11,0.0
2023-04-12,0.0
2023-04-13,0.0
2023-04-14,0.0
2023-04-17,0.0
2023-04-18,0.0
2023-04-19,-0.0099733175175113
2023-04-20,0.020662049921658012
2023-04-21,0.004736129422468125
2023-04-24,0.0
2023-04-25,0.04168691959555879
2023-04-26,-0.007755874422128745
2023-04-27,-0.032051226577595654
2023-04-28,0.0
2023-05-01,0.0
2023-05-02,0.03183786234388103
2023-05-03,0.012265600830897148
2023-05-04,-0.01625990930919747
2023-05-05,-0.0261543221113586
2023-05-08,0.0
2023-05-09,0.012782944998960807
2023-05-10,0.0
2023-05-11,0.0
2023-05-12,0.0
2023-05-15,0.0
2023-05-16,0.0
2023-05-17,0.0
2023-05-18,-0.05063532948612859
2023-05-19,0.0
2023-05-22,0.0
2023-05-23,0.017613635110988846
2023-05-24,0.0
2023-05-25,-0.01462878170486399
2023-05-26,-0.050958861643640815
2023-05-30,0.0
2023-05-31,0.0
2023-06-01,-0.037168382002081814
2023-06-02,-0.03799564102589777
2023-06-05,0.0
2023-06-06,0.0
2023-06-07,0.0
2023-06-08,0.0
2023-06-09,0.0
2023-06-12,0.0
2023-06-13,0.0
2023-06-14,0.03613117073663722
2023-06-15,0.0
2023-06-16,0.0
2023-06-20,0.0
2023-06-21,0.0
2023-06-22,0.0
2023-06-23,0.0
2023-06-26,0.0
2023-06-27,0.0
2023-06-28,0.0
2023-06-29,0.0
2023-06-30,0.0
2023-07-03,0.0
2023-07-05,0.0
2023-07-06,0.0
2023-07-07,0.0
2023-07-10,0.0
2023-07-11,-0.017931349576959583
2023-07-12,0.0
2023-07-13,0.0
2023-07-14,0.0
2023-07-17,0.015302481763542763
2023-07-18,0.0
2023-07-19,-0.009660866422527305
2023-07-20,0.005521876092761926
2023-07-21,-0.013661522761070716
2023-07-24,0.0
2023-07-25,-0.00931524115676986
2023-07-26,0.023138809573827652
2023-07-27,0.026928777173835867
2023-07-28,-0.007060364666312015
2023-07-31,0.0
2023-08-01,-0.04069499668614687
2023-08-02,-0.01766703713498698
2023-08-03,0.028264145568563794
2023-08-04,0.06368963105337194
2023-08-07,0.0
2023-08-08,-0.0318723311743193
2023-08-09,0.0
2023-08-10,0.0
2023-08-11,0.0
2023-08-14,0.0
2023-08-15,0.0
2023-08-16,0.010171713438148523
2023-08-17,0.017751661872420856
2023-08-18,0.0
2023-08-21,0.0
2023-08-22,0.005661874830278176
2023-08-23,0.0
2023-08-24,0.0
2023-08-25,0.0
2023-08-28,0.0
2023-08-29,-0.04264270903750665
2023-08-30,0.0
2023-08-31,-0.013004760261660739
2023-09-01,0.0
2023-09-05,0.02070271135086532
2023-09-06,0.0
2023-09-07,0.03936804187163729
2023-09-08,0.0
2023-09-11,0.0
2023-09-12,0.006860977582153721
2023-09-13,0.0
2023-09-14,0.0
2023-09-15,0.0
2023-09-18,0.0
2023-09-19,0.0
2023-09-20,0.0
2023-09-21,0.016951943357269038
2023-09-22,0.0
2023-09-25,0.0
2023-09-26,0.023950184515633348
2023-09-27,-0.007851253400886458
2023-09-28,-0.0284864048908249
2023-09-29,0.0
2023-10-02,0.0
2023-10-03,0.0
2023-10-04,0.0
2023-10-05,0.022772897109743652
2023-10-06,0.0
2023-10-09,-0.05060806078590513
2023-10-10,0.0
2023-10-11,0.04548697201593299
2023-10-12,0.015305877858543773
2023-10-13,-0.03543239181044963
2023-10-16,0.0
2023-10-17,0.0
2023-10-18,0.03788572040510559
2023-10-19,0.008525323152114316
2023-10-20,0.0
2023-10-23,0.0
2023-10-24,-0.03637239793344656
2023-10-25,0.025008614372446804
2023-10-26,0.033031508016931
2023-10-27,0.00995716889224462
2023-10-30,0.0
2023-10-31,0.0
2023-11-01,0.010646090727544563
2023-11-02,-0.06347906821299465
2023-11-03,-0.03867959656239623
2023-11-06,0.0
2023-11-07,0.0
2023-11-08,0.0
2023-11-09,0.007704742539733929
2023-11-10,0.0
2023-11-13,0.0
2023-11-14,-0.04464692446668504
2023-11-15,0.0
2023-11-16,0.0
2023-11-17,0.0
2023-11-20,0.0
2023-11-21,0.0
2023-11-22,0.0
2023-11-24,0.0
2023-11-27,0.0
2023-11-28,0.0
2023-11-29,-0.011895279322602668
2023-11-30,0.0
2023-12-01,0.0
2023-12-04,0.0
2023-12-05,0.0
2023-12-06,0.0
2023-12-07,-0.006328274827122722
2023-12-08,0.0
2023-12-11,0.0
2023-12-12,0.0
2023-12-13,-0.02508759001411593
2023-12-14,-0.008709197823431748
2023-12-15,0.0
2023-12-18,0.0
2023-12-19,0.0
2023-12-20,0.0
2023-12-21,-0.017002936482118876
2023-12-22,0.0
2023-12-26,0.0
2023-12-27,0.0
2023-12-28,0.0
2023-12-29,0.0
2024-01-02,0.023907823336557433
2024-01-03,0.0
2024-01-04,0.0
2024-01-05,0.0
2024-01-08,0.0
2024-01-09,0.0
2024-01-10,0.0
2024-01-11,0.0
2024-01-12,0.0
2024-01-16,0.0
2024-01-17,0.0
2024-01-18,0.0
2024-01-19,0.0
2024-01-22,0.0
2024-01-23,-0.010299550541803204
2024-01-24,-0.009088278235150161
2024-01-25,0.007587038101182999
2024-01-26,0.00630232085164491
2024-01-29,0.0
2024-01-30,-0.025650411558375344
2024-01-31,0.006925775186646203
2024-02-01,-0.012188613940538214
2024-02-02,0.014842185322241061
2024-02-05,-0.0312861949388527
2024-02-06,-0.065005114008674
2024-02-07,-0.008171114930170762
2024-02-08,0.018530096783710974
2024-02-09,0.0
2024-02-12,0.0
2024-02-13,-0.008387643493228064
2024-02-14,-0.036703268480649455
2024-02-15,0.010839470367585768
2024-02-16,0.0
2024-02-20,0.0
2024-02-21,-0.013329606943149074
2024-02-22,-0.055343724832897234
2024-02-23,-0.016513214007194868
2024-02-26,0.0
2024-02-27,0.0
2024-02-28,0.0
2024-02-29,0.0
2024-03-01,0.0
2024-03-04,0.0
2024-03-05,0.0
2024-03-06,0.0
2024-03-07,0.0
2024-03-08,0.0
2024-03-11,0.0
2024-03-12,0.0
2024-03-13,0.0
2024-03-14,0.0
2024-03-15,0.0
2024-03-18,0.0
2024-03-19,0.0
2024-03-20,0.0
2024-03-21,0.007224834757449236
2024-03-22,0.0
2024-03-25,0.0
2024-03-26,0.0
2024-03-27,-0.020331136046513425
2024-03-28,0.0
2024-04-01,0.0
2024-04-02,0.03430218861481972
2024-04-03,0.0
2024-04-04,0.012147315747325704
2024-04-05,0.0
2024-04-08,-0.006572680551243795
2024-04-09,0.01094201539633903
2024-04-10,0.03301596069676293
2024-04-11,0.0
2024-04-12,0.027368212533909756
2024-04-15,0.0
2024-04-16,0.0
2024-04-17,0.025856007529063963
2024-04-18,0.020030291666063994
2024-04-19,0.030020397624251238
2024-04-22,0.0
2024-04-23,0.00657626011485739
2024-04-24,-0.009520300997307017
2024-04-25,0.00799698820902564
2024-04-26,-0.03518082808201224
2024-04-29,0.0
2024-04-30,0.026542815239368783
2024-05-01,0.03890758982019926
2024-05-02,-0.04814073984153353
2024-05-03,0.008518844069681814
2024-05-06,0.0
2024-05-07,0.03202455582737153
2024-05-08,0.024554391445741112
2024-05-09,-0.029989514461009222
2024-05-10,0.0
2024-05-13,0.0
2024-05-14,0.0
2024-05-15,0.0
2024-05-16,0.0
2024-05-17,0.0
2024-05-20,0.0
2024-05-21,0.0
2024-05-22,0.009403262861145349
2024-05-23,0.02739544557321763
2024-05-24,0.00982362845672411
2024-05-28,0.0
2024-05-29,0.0
2024-05-30,0.012449893069170031
2024-05-31,0.009130263992154233
2024-06-03,0.0
2024-06-04,0.0
2024-06-05,0.0
2024-06-06,0.0
2024-06-07,0.0
2024-06-10,0.0
2024-06-11,0.0
2024-06-12,0.0
2024-06-13,0.0
2024-06-14,0.0
2024-06-17,0.0
2024-06-18,0.0
2024-06-20,0.0
2024-06-21,0.0
2024-06-24,0.0
2024-06-25,0.0
2024-06-26,0.0
2024-06-27,0.0
2024-06-28,0.0
2024-07-01,0.0
2024-07-02,0.0
2024-07-03,0.0
2024-07-05,0.0
2024-07-08,0.0
2024-07-09,0.0
2024-07-10,0.0
2024-07-11,-0.023674880431074755
2024-07-12,0.0
2024-07-15,0.005921602020883242
2024-07-16,-0.010494246563759628
2024-07-17,0.04102586761014043
2024-07-18,0.01758492070179304
2024-07-19,0.025798393164929982
2024-07-22,0.0
2024-07-23,0.006714767487036518
2024-07-24,0.03169408998780456
2024-07-25,-0.015159137436943356
2024-07-26,-0.058067688739696595
2024-07-29,0.0
2024-07-30,0.008666799855881945
2024-07-31,0.030622750001212166
2024-08-01,-0.016483070597527502
2024-08-02,0.03837334874536223
2024-08-05,0.031305448751323725
2024-08-06,-0.02390295650367347
2024-08-07,-0.018464593050690706
2024-08-08,-0.010143501793360949
2024-08-09,0.0
2024-08-12,0.0
2024-08-13,0.0
2024-08-14,0.0
2024-08-15,-0.036864177288972226
2024-08-16,0.0
2024-08-19,0.0
2024-08-20,0.0
2024-08-21,0.0
2024-08-22,0.0
2024-08-23,0.0
2024-08-26,0.0
2024-08-27,0.0
2024-08-28,0.0
2024-08-29,-0.016590075978039298
2024-08-30,0.0
2024-09-03,0.03959506705155955
2024-09-04,0.0548984446925549
2024-09-05,0.015780737557385616
2024-09-06,0.015352756292594544
2024-09-09,0.0
2024-09-10,0.0
2024-09-11,0.004590712146426507
2024-09-12,0.0
2024-09-13,0.0
2024-09-16,0.0
2024-09-17,0.0
2024-09-18,0.0
2024-09-19,0.0
2024-09-20,-0.035919048902455
2024-09-23,0.0
2024-09-24,0.0
2024-09-25,0.0
2024-09-26,-0.010450127507345093
2024-09-27,0.0
2024-09-30,0.0
2024-10-01,0.0
2024-10-02,0.0
2024-10-03,0.0
2024-10-04,0.0
2024-10-07,0.01648017469612583
2024-10-08,0.00341270654489187
2024-10-09,0.0
2024-10-10,0.0
2024-10-11,-0.023592710798722678
2024-10-14,0.0
2024-10-15,0.06053801867187868
2024-10-16,-0.01708442663243963
2024-10-17,0.008728702089883297
2024-10-18,-0.00880167137281199
2024-10-21,0.0
2024-10-22,0.00950046340957704
2024-10-23,-0.007651234122237043
2024-10-24,0.012808797153617813
2024-10-25,-0.010691158896959436
2024-10-28,0.0
2024-10-29,-0.0333010370072474
2024-10-30,-0.01241377385440065
2024-10-31,0.019711131710348113
2024-11-01,-0.011821465471900737
2024-11-04,0.0
2024-11-05,-0.042412453263032175
2024-11-06,-0.03983386434744978
2024-11-07,-0.0504498980710009
2024-11-08,-0.04203381008390433
2024-11-11,-0.04450562065372586
2024-11-12,0.010086328339006658
2024-11-13,0.0
2024-11-14,0.02421350722786327
2024-11-15,0.03030069260991545
2024-11-18,0.0
2024-11-19,0.0
2024-11-20,0.0
2024-11-21,0.0
2024-11-22,0.0
2024-11-25,0.0
2024-11-26,0.0
2024-11-27,0.0
2024-11-29,0.0
2024-12-02,0.0
2024-12-03,0.0
2024-12-04,0.0
2024-12-05,0.02617970866733169
2024-12-06,0.0
2024-12-09,0.022993339767170343
2024-12-10,0.0
2024-12-11,0.0
2024-12-12,-0.013520529608411661
2024-12-13,0.0
2024-12-16,0.0
2024-12-17,0.0
2024-12-18,-0.02775625380223217
2024-12-19,0.010490121040976408
2024-12-20,0.0
2024-12-23,0.0
2024-12-24,0.0
2024-12-26,0.0
2024-12-27,0.0
2024-12-30,0.0
2024-12-31,0.0
2025-01-02,0.0
2025-01-03,0.0
2025-01-06,0.0
2025-01-07,0.0
2025-01-08,0.0
2025-01-10,-0.014809741220726362
2025-01-13,-0.03474264916160669
2025-01-14,0.0
2025-01-15,-0.030295542063873342
2025-01-16,0.0
2025-01-17,0.0
2025-01-21,0.0
2025-01-22,-0.02174597976722526
2025-01-23,-0.009822144430655728
2025-01-24,0.0
2025-01-27,0.0871386029405901
2025-01-28,-0.009854464774184064
2025-01-29,0.009347657034020199
2025-01-30,0.010118001298969417
2025-01-31,0.029934264441720756
2025-02-03,0.0
2025-02-04,0.012753265846152287
2025-02-05,-0.008681854946548677
2025-02-06,0.013239454470198163
2025-02-07,0.0
2025-02-10,0.0
2025-02-11,-0.008232863176882713
2025-02-12,-0.028678623411518323
2025-02-13,-0.025658838066527953
2025-02-14,0.007598950676803758
2025-02-18,0.0
2025-02-19,-0.013342379585974149
2025-02-20,0.027627096104382527
2025-02-21,0.035530080942186994
2025-02-24,0.0
2025-02-25,0.025470464501682773
2025-02-26,0.007398607718102269
2025-02-27,0.023391904978957153
2025-02-28,0.0
2025-03-03,0.0
2025-03-04,0.028348047503691805
2025-03-05,0.0
2025-03-06,0.00613692288543425
2025-03-07,0.0
2025-03-10,0.0
2025-03-11,0.02479846404047739
2025-03-12,0.0
2025-03-13,0.0
2025-03-14,0.0
2025-03-17,0.0
2025-03-18,0.0
2025-03-19,0.0
2025-03-20,0.0
2025-03-21,0.0
2025-03-24,0.0
2025-03-25,0.0
2025-03-26,0.0
2025-03-27,0.0
2025-03-28,0.0
2025-03-31,0.0
2025-04-01,0.0
2025-04-02,0.0
2025-04-03,0.09481030729038792
2025-04-04,0.03425644684800847
2025-04-07,0.0
2025-04-08,0.0
2025-04-09,-0.10198025343418139
2025-04-10,0.0
2025-04-11,0.0
2025-04-14,0.0
2025-04-15,0.0
2025-04-16,0.0
2025-04-17,0.0
2025-04-21,0.0
2025-04-22,0.0
2025-04-23,0.0
2025-04-24,0.0
2025-04-25,0.0
2025-04-28,0.0
2025-04-29,0.0
2025-04-30,0.0
2025-05-01,0.0
2025-05-02,0.0
2025-05-05,0.0
2025-05-06,0.0
2025-05-07,0.0
2025-05-08,0.006215129887194729
2025-05-09,0.0
2025-05-12,-0.01510461544944404
2025-05-13,0.0
2025-05-14,0.0
2025-05-15,0.0
2025-05-16,0.0
2025-05-19,0.0
2025-05-20,0.0
2025-05-21,0.03700147216235279
2025-05-22,0.0
2025-05-23,0.03409946601781977
2025-05-27,0.0
2025-05-28,0.0
2025-05-29,0.0
2025-05-30,0.0
2025-06-02,0.0
2025-06-03,0.0
2025-06-04,0.0
2025-06-05,0.0
2025-06-06,0.0
2025-06-09,0.02813062073433723
2025-06-10,0.0
2025-06-11,0.0
2025-06-12,0.0
2025-06-13,0.0321828662917117
2025-06-16,-0.07471165951740491
2025-06-17,0.0
2025-06-18,0.0
2025-06-20,0.0
2025-06-23,0.0
2025-06-24,0.0
2025-06-25,0.026765834057008015
2025-06-26,0.0
2025-06-27,0.0
2025-06-30,0.0
2025-07-01,-0.0067399369224865864
2025-07-02,0.06372968332141236
2025-07-03,0.0
2025-07-07,0.0
2025-07-08,0.0
2025-07-09,0.0
2025-07-10,0.008866411877309178
2025-07-11,0.0
2025-07-14,0.0
2025-07-15,0.0
2025-07-16,0.0
2025-07-17,-0.009486386785748507
2025-07-18,0.0
2025-07-21,0.0
2025-07-22,-0.03850776736859337
2025-07-23,0.01052118921375731
2025-07-24,0.03725217071639975
2025-07-25,-0.04240881104215262
2025-07-28,0.0
2025-07-29,0.00900691378725747
2025-07-30,0.011759157765829496
2025-07-31,-0.056675418754570474
2025-08-01,0.031668779551509575
2025-08-04,-0.012872242609273044
2025-08-05,0.046984191915623745
2025-08-06,-0.016542293969747712
2025-08-07,-0.03139911199621555
2025-08-08,-0.014587695859641064
2025-08-11,0.0
2025-08-12,-0.022887674716564967
2025-08-13,0.0
2025-08-14,0.0
2025-08-15,0.0
2025-08-18,0.0
2025-08-19,0.0
2025-08-20,0.0
2025-08-21,0.0
2025-08-22,0.0
2025-08-25,0.0
2025-08-26,0.0
2025-08-27,0.0
2025-08-28,0.0
2025-08-29,0.0
2025-09-02,0.0
2025-09-03,-0.008440397379010346
2025-09-04,0.0
2025-09-05,0.026051957523882497
2025-09-08,0.0
2025-09-09,0.018632125474142665
2025-09-10,0.016257309085168793
2025-09-11,0.0
2025-09-12,0.0
2025-09-15,0.0
2025-09-16,0.0
2025-09-17,0.0
2025-09-18,0.011088329770776433
2025-09-19,0.0
2025-09-22,0.0
2025-09-23,0.0
2025-09-24,0.008232793993091347
2025-09-25,0.0
2025-09-26,0.0
2025-09-29,0.0
2025-09-30,-0.006270802688703829
2025-10-01,-0.03136539927972684
2025-10-02,0.0
2025-10-03,0.0
2025-10-06,0.0
2025-10-07,0.0
2025-10-08,0.0
2025-10-09,0.0
2025-10-10,0.011759922909871365
2025-10-13,-0.024547706887814214
2025-10-14,0.0
2025-10-15,-0.008695458521099616
2025-10-16,0.03031065020224235
2025-10-17,0.0
2025-10-20,0.0
2025-10-21,-0.042617471522953275
2025-10-22,0.008581433403653388
2025-10-23,-0.029452442752578745
2025-10-24,-0.013157101910202734
2025-10-27,0.0
2025-10-28,0.008848638400781959
2025-10-29,0.04844340888833674
2025-10-30,-0.018722072663242686
2025-10-31,-0.008006667726234476
2025-11-03,0.0
2025-11-04,-0.012614147692370965
2025-11-05,0.008104771663887341
2025-11-06,-0.013172861218744197
2025-11-07,-0.029758677710321306
2025-11-10,0.0
2025-11-11,0.0
2025-11-12,0.0
2025-11-13,0.0
2025-11-14,0.0
2025-11-17,0.020145217749921358
2025-11-18,0.0
2025-11-19,0.0
2025-11-20,0.02016426849074291
2025-11-21,-0.019451218397059343
2025-11-24,0.0
2025-11-25,0.0
2025-11-26,0.0
2025-11-28,0.0
2025-12-01,0.0
2025-12-02,0.0
2025-12-03,-0.029919636399424323
2025-12-04,0.0
2025-12-05,0.0
2025-12-08,0.0
2025-12-09,0.0
2025-12-10,0.0
2025-12-11,0.0
2025-12-12,0.0
2025-12-15,0.0
2025-12-16,0.0
2025-12-17,0.0
2025-12-18,0.0
2025-12-19,0.0
2025-12-22,0.0
2025-12-23,0.0
2025-12-24,0.0
2025-12-26,0.0
2025-12-29,0.0
2025-12-30,0.0
2025-12-31,0.0
2026-01-02,0.0035364110164048616
2026-01-05,-0.03248091984124775
2026-01-06,-0.043796347207972444
2026-01-07,0.027457881298576268
2026-01-08,-0.006594573472336743
2026-01-09,0.0
2026-01-12,0.0
2026-01-13,0.004903513055836527
2026-01-14,0.0
2026-01-15,0.0
2026-01-16,0.0
2026-01-20,0.013700864835878807
2026-01-21,0.0
2026-01-22,0.0
2026-01-23,0.0
2026-01-26,0.0
2026-01-27,0.07566326573086668
2026-01-28,0.029927004270673283
2026-01-29,-0.014553491547843009
2026-01-30,0.013139653627369595
2026-02-02,0.0
2026-02-03,0.03763179660847774
2026-02-04,0.007332745016600565
2026-02-05,0.010640694289951343
2026-02-06,-0.04192753664224517
2026-02-09,0.05443161719523456
2026-02-10,-0.009677084525104351
2026-02-11,0.01404537636804462
2026-02-12,0.029121718702491865
2026-02-13,0.0
2026-02-17,0.024841391867229924
2026-02-18,0.0
2026-02-19,0.0
2026-02-20,0.0
2026-02-23,0.0
2026-02-24,0.0
2026-02-25,0.022695818814063705
2026-02-26,0.0
2026-02-27,0.0
2026-03-02,0.0
2026-03-03,0.0
2026-03-04,0.0
2026-03-05,0.0
2026-03-06,0.0
2026-03-09,0.0
2026-03-10,0.0
2026-03-11,0.0
2026-03-12,0.0
2026-03-13,0.0
2026-03-16,0.0
2026-03-17,0.0
2026-03-18,0.0
2026-03-19,0.0
2026-03-20,0.04945411697477343
2026-03-23,0.0
2026-03-24,0.0
2026-03-25,0.0
2026-03-26,0.0
2026-03-27,0.0
2026-03-30,0.0
2026-03-31,0.0
2026-04-01,0.0
2026-04-02,0.0
2026-04-06,0.0
2026-04-07,0.0
2026-04-08,-0.02152180817777239
2026-04-09,0.0
2026-04-10,0.0
2026-04-13,0.0
2026-04-14,0.0
2026-04-15,0.0
2026-04-16,-0.009511511895027382
2026-04-17,0.0
2026-04-20,0.0
2026-04-21,0.024069228357688453
2026-04-22,-0.0316419779937377
2026-04-23,-0.07052898066185521
2026-04-24,0.01506015901728731
2026-04-27,0.0
2026-04-28,0.008488874428401488
2026-04-29,-0.04146858814898018
2026-04-30,-0.03432580112035146
2026-05-01,-0.007330406621063502
2026-05-04,0.018942620449398127
2026-05-05,0.00935715728926247
2026-05-06,-0.020570081844296473
2026-05-07,0.01998871054215422
2026-05-08,0.012909263756248238
2026-05-11,0.0
2026-05-12,0.0
2026-05-13,0.0
2026-05-14,0.0
2026-05-15,0.0
2026-05-18,0.0
2026-05-19,0.0
2026-05-20,0.0
2026-05-21,0.0
2026-05-22,0.0
2026-05-25,0.0
2026-05-26,0.0
2026-05-27,0.03431180307689284
2026-05-28,-0.09470852134667362
2026-05-29,0.0
2026-06-01,0.0
2026-06-02,0.0
2026-06-03,0.006227425097043311
2026-06-04,-0.022436094283184237
2026-06-05,-0.01321764655346468
2026-06-08,0.0
2026-06-09,0.0
2026-06-10,0.0
2026-06-11,0.0
2026-06-12,0.0
