date,exit_date,ticker,side,entry_price,exit_price,price_return,cost,net_ret
2024-08-07,2024-08-08,FTNT,SHORT,68.33999633789062,69.36000061035156,0.014925436451851404,0.0006953601953601954,-0.008158078421285898
2024-08-07,2024-08-08,SHOP,SHORT,67.16010284423828,67.5199966430664,0.005358744010008687,0.0006953601953601954,-0.003374732200364539
2024-08-08,2024-08-09,TKO,SHORT,118.22000122070312,116.95999908447266,-0.010658113036881023,0.0006953601953601954,0.004633696323080316
2024-08-13,2024-08-14,SBUX,SHORT,93.78500366210938,94.3550033569336,0.0060777274891177235,0.0006953601953601954,-0.003734223939919057
2024-08-14,2024-08-15,SCHW,SHORT,65.55010223388672,65.22000122070312,-0.005035858098371482,0.0013907203907203907,0.003645137707651091
2024-08-20,2024-08-21,DRI,SHORT,155.13999938964844,155.27999877929688,0.0009024067951477477,0.0013907203907203907,-0.0022931271858681384
2024-08-20,2024-08-21,MDT,SHORT,87.45999908447266,86.77999877929688,-0.007774986420009067,0.0013907203907203907,0.006384266029288676
2024-08-21,2024-08-22,TJX,SHORT,120.16999816894531,119.38999938964844,-0.006490794634117281,0.0013907203907203907,0.00510007424339689
2024-08-29,2024-08-30,COO,SHORT,104.16999816894531,104.7249984741211,0.00532783253269975,0.0006953601953601954,-0.0033592764617100704
2024-08-29,2024-08-30,BBY,SHORT,102.93000030517578,99.19000244140625,-0.03633535269290644,0.0006953601953601954,0.017472316151093025
2024-08-29,2024-08-30,VEEV,SHORT,217.39500427246094,215.7949981689453,-0.007359902813177555,0.0006953601953601954,0.002984591211228582
2024-09-03,2024-09-04,TAP,SHORT,57.095001220703125,55.744998931884766,-0.023644842104475483,0.0006953601953601954,0.011127060856877546
2024-09-03,2024-09-04,PG,SHORT,174.55999755859375,174.5800018310547,0.00011459826272175455,0.0006953601953601954,-0.0007526593267210726
2024-09-03,2024-09-04,VZ,SHORT,42.875,42.92499923706055,0.0011661629635113524,0.0006953601953601954,-0.0012784416771158716
2024-09-03,2024-09-04,ATO,SHORT,132.5399932861328,131.30499267578125,-0.009317946830473933,0.0006953601953601954,0.003963613219876771
2024-09-13,2024-09-16,WSM,SHORT,144.3800048828125,145.3300018310547,0.006579837346682993,0.0006953601953601954,-0.003985278868701692
2024-09-13,2024-09-16,WY,SHORT,32.26499938964844,32.5099983215332,0.007593334465190393,0.0006953601953601954,-0.0044920274279553925
2024-09-26,2024-09-27,AZO,SHORT,3175.35009765625,3192.52001953125,0.005407253167980741,0.0006953601953601954,-0.003398986779350566
2024-10-08,2024-10-09,EW,SHORT,67.66000366210938,67.83000183105469,0.0025125356154911405,0.0006953601953601954,-0.0019516280031057656
2024-10-09,2024-10-10,CPRT,SHORT,56.279998779296875,55.58000183105469,-0.012437756990493876,0.0006953601953601954,0.005523518299886742
2024-10-15,2024-10-16,VTRS,SHORT,11.829999923706055,11.734999656677246,-0.008030453731317277,0.0006953601953601954,0.0033198666702984434
2024-10-15,2024-10-16,SCHW,SHORT,72.0,72.68000030517578,0.009444448682996986,0.0006953601953601954,-0.005417584536858689
2024-10-15,2024-10-16,COR,SHORT,233.89999389648438,235.3000030517578,0.005985503171466622,0.0006953601953601954,-0.0036881117810935063
2024-10-15,2024-10-16,JNJ,SHORT,165.60000610351562,164.375,-0.007397379579502483,0.0006953601953601954,0.0030033295943910463
2024-10-15,2024-10-16,AMP,SHORT,515.4600219726562,514.0399780273438,-0.002754906073759167,0.0006953601953601954,0.0006820928415193881
2024-10-15,2024-10-16,KIM,SHORT,23.90999984741211,24.15999984741211,0.010455876269152675,0.0006953601953601954,-0.005923298329936533
2024-10-15,2024-10-16,SBAC,SHORT,247.72000122070312,250.52499389648438,0.011323238583719197,0.0006953601953601954,-0.0063569794872197945
2024-10-15,2024-10-16,KMB,SHORT,145.8323974609375,145.3800048828125,-0.0031021404434236066,0.0006953601953601954,0.0008557100263516079
2024-10-15,2024-10-16,ESS,SHORT,294.989990234375,295.7349853515625,0.0025254928704381285,0.0006953601953601954,-0.0019581066305792596
2024-10-15,2024-10-16,REG,SHORT,71.6500015258789,71.88999938964844,0.00334958630367721,0.0006953601953601954,-0.0023701533471988004
2024-10-16,2024-10-17,MS,SHORT,120.66500091552734,119.72000122070312,-0.007831597295439252,0.0006953601953601954,0.0032204384523594307
2024-10-17,2024-10-18,SNA,SHORT,324.6199951171875,324.29998779296875,-0.0009857905521292176,0.0006953601953601954,-0.00020246491929558656
2024-10-17,2024-10-18,TRV,SHORT,262.2799987792969,264.6199951171875,0.0089217490803013,0.0006953601953601954,-0.005156234735510846
2024-10-17,2024-10-18,BX,SHORT,171.5,175.4250030517578,0.02288631517059958,0.0006953601953601954,-0.012138517780659986
2024-10-18,2024-10-21,ISRG,SHORT,518.3599853515625,519.3099975585938,0.0018327267417967974,0.0006953601953601954,-0.001611723566258594
2024-10-22,2024-10-23,PM,SHORT,131.17999267578125,131.39999389648438,0.0016770943206778632,0.0006953601953601954,-0.001533907355699127
2024-10-25,2024-10-28,TPR,SHORT,51.43000030517578,51.529998779296875,0.0019443607530180707,0.0006953601953601954,-0.0016675405718692307
2024-10-25,2024-10-28,DLR,SHORT,187.11000061035156,184.37042236328125,-0.014641538336453541,0.0006953601953601954,0.006625408972866575
2024-10-25,2024-10-28,EQIX,SHORT,938.6099853515625,924.7000122070312,-0.01481975832520166,0.0006953601953601954,0.006714518967240634
2024-10-25,2024-10-28,RMD,SHORT,258.4700012207031,250.22999572753906,-0.031879929795520345,0.0006953601953601954,0.015244604702399977
2024-10-25,2024-10-28,AON,SHORT,383.9200134277344,374.5799865722656,-0.024328054096681817,0.0006953601953601954,0.011468666852980713
2024-10-25,2024-10-28,WDC,SHORT,55.13423538208008,53.08012008666992,-0.03725662070354552,0.0006953601953601954,0.017932950156412563
2024-10-29,2024-10-30,INCY,SHORT,72.13999938964844,73.01499938964844,0.012129193337996558,0.0006953601953601954,-0.006759956864358475
2024-10-29,2024-10-30,FFIV,SHORT,240.91000366210938,237.2899932861328,-0.015026401232610676,0.0006953601953601954,0.006817840420945142
2024-10-29,2024-10-30,LDOS,SHORT,184.92999267578125,186.60000610351562,0.009030516919244391,0.0006953601953601954,-0.0052106186549823914
2024-10-29,2024-10-30,GLW,SHORT,50.498600006103516,48.220001220703125,-0.045122018929732444,0.0006953601953601954,0.021865649269506026
2024-10-30,2024-10-31,GRMN,SHORT,205.6199951171875,199.2100067138672,-0.031173954651964264,0.0006953601953601954,0.014891617130621936
2024-10-30,2024-10-31,ABBV,SHORT,200.02000427246094,203.23500061035156,0.016073374008688024,0.0006953601953601954,-0.008732047199704208
2024-10-31,2024-11-01,ETR,SHORT,77.68499755859375,72.63999938964844,-0.06494173041764129,0.0006953601953601954,0.03177550501346045
2024-10-31,2024-11-01,MO,SHORT,54.689998626708984,54.07500076293945,-0.011245161441075346,0.0006953601953601954,0.004927220525177477
2024-10-31,2024-11-01,AME,SHORT,182.97000122070312,179.64999389648438,-0.01814509100983208,0.0006953601953601954,0.008377185309555845
2024-10-31,2024-11-01,CVNA,SHORT,50.65208053588867,46.185997009277344,-0.08817176864920606,0.0006953601953601954,0.04339052412924284
2024-10-31,2024-11-01,BMY,SHORT,55.275001525878906,54.584999084472656,-0.012483083172475373,0.0006953601953601954,0.005546181390877491
2024-10-31,2024-11-01,WTW,SHORT,305.510009765625,300.2099914550781,-0.017348100360485175,0.0006953601953601954,0.007978689984882392
2024-11-06,2024-11-07,TRMB,SHORT,71.44000244140625,71.37000274658203,-0.0009798389198213409,0.0006953601953601954,-0.00020544073544952494
2024-11-06,2024-11-07,KEY,SHORT,19.479999542236328,19.236635208129883,-0.012493035925323581,0.0006953601953601954,0.005551157767301595
2024-11-06,2024-11-07,CFG,SHORT,46.209999084472656,46.66999816894531,0.009954535675964271,0.0006953601953601954,-0.005672628033342331
2024-11-06,2024-11-07,PH,SHORT,707.6300048828125,693.1500244140625,-0.020462643427829108,0.0006953601953601954,0.009535961518554358
2024-11-06,2024-11-07,NDSN,SHORT,265.3999938964844,260.5775146484375,-0.01817060798399195,0.0006953601953601954,0.008389943796635779
2024-11-06,2024-11-07,UNH,SHORT,601.9650268554688,602.030029296875,0.00010798375072695876,0.0006953601953601954,-0.0007493520707236748
2024-11-06,2024-11-07,CAT,SHORT,411.1099853515625,408.9549865722656,-0.005241903276696158,0.0006953601953601954,0.0019255914429878837
2024-11-06,2024-11-07,ROK,SHORT,288.8320007324219,280.5975036621094,-0.028509642454545903,0.0006953601953601954,0.013559461031912756
2024-11-06,2024-11-07,CSX,SHORT,36.3650016784668,35.480098724365234,-0.02433391759268222,0.0006953601953601954,0.011471598600980914
2024-11-06,2024-11-07,LYV,SHORT,126.11000061035156,125.3550033569336,-0.005986815080199048,0.0006953601953601954,0.0022980473447393288
2024-11-07,2024-11-08,VTRS,SHORT,12.96500015258789,12.96500015258789,0.0,0.0006953601953601954,-0.0006953601953601954
2024-11-07,2024-11-08,GILD,SHORT,97.13500213623047,96.38999938964844,-0.007669766100763309,0.0006953601953601954,0.003139522855021459
2024-11-07,2024-11-08,APP,SHORT,245.3800048828125,269.73150634765625,0.09923995835142896,0.0006953601953601954,-0.05031533937107467
2024-11-07,2024-11-08,MCK,SHORT,605.6525268554688,613.1599731445312,0.012395632736877937,0.0006953601953601954,-0.0068931765637991645
2024-11-07,2024-11-08,TTWO,SHORT,176.05999755859375,176.375,0.0017891766771234163,0.0006953601953601954,-0.0015899485339219035
2024-11-07,2024-11-08,TTD,SHORT,130.77000427246094,126.0199966430664,-0.03632337290054555,0.0006953601953601954,0.017466326254912578
2024-11-07,2024-11-08,VST,SHORT,137.98989868164062,139.10000610351562,0.008044845546529178,0.0006953601953601954,-0.004717782968624785
2024-11-08,2024-11-11,PODD,SHORT,274.0,278.04998779296875,0.01478097734660122,0.0006953601953601954,-0.008085848868660806
2024-11-08,2024-11-11,AXON,SHORT,569.9400024414062,618.2899780273438,0.08483344804510051,0.0006953601953601954,-0.04311208421791045
2024-11-08,2024-11-11,COST,SHORT,950.3250122070312,934.919921875,-0.01621033870954791,0.0006953601953601954,0.00740980915941376
2024-11-08,2024-11-11,FICO,SHORT,2293.41162109375,2330.800048828125,0.016302536967412795,0.0006953601953601954,-0.008846628679066593
2024-11-08,2024-11-11,FTNT,SHORT,90.52999877929688,96.42440032958984,0.06510992632025703,0.0006953601953601954,-0.033250323355488706
2024-11-08,2024-11-11,TAP,SHORT,59.310001373291016,61.060001373291016,0.02950598481672051,0.0006953601953601954,-0.01544835260372045
2024-11-08,2024-11-11,LITE,SHORT,83.16999816894531,86.70999908447266,0.042563436256622955,0.0006953601953601954,-0.021977078323671673
2024-11-18,2024-11-19,HSIC,SHORT,73.46499633789062,76.29000091552734,0.03845374965573489,0.0006953601953601954,-0.019922235023227642
2024-11-19,2024-11-20,SMCI,SHORT,28.25,26.051000595092773,-0.07784068689937085,0.0006953601953601954,0.03822498325432523
2024-11-19,2024-11-20,HSIC,SHORT,76.29000091552734,73.83999633789062,-0.0321143603124282,0.0006953601953601954,0.015361819960853906
2024-11-20,2024-11-21,WSM,SHORT,178.58999633789062,170.4600067138672,-0.04552320841443758,0.0006953601953601954,0.022066244011858593
2024-11-21,2024-11-22,DE,SHORT,440.2250061035156,446.32000732421875,0.013845195380086883,0.0006953601953601954,-0.007617957885403637
2024-12-06,2024-12-09,LULU,SHORT,400.5899963378906,411.4599914550781,0.027134963969541737,0.0006953601953601954,-0.014262842180131064
2024-12-06,2024-12-09,HPE,SHORT,23.735000610351562,23.434999465942383,-0.012639609719594436,0.0006953601953601954,0.005624444664437022
2024-12-09,2024-12-10,HSY,SHORT,196.1699981689453,190.14999389648438,-0.03068769092446233,0.0006953601953601954,0.014648485266870969
2024-12-12,2024-12-13,CIEN,SHORT,85.0,89.72789764404297,0.055622325224034874,0.0006953601953601954,-0.028506522807377633
2024-12-18,2024-12-19,HII,SHORT,203.35499572753906,189.3300018310547,-0.06896803221532588,0.0006953601953601954,0.03378865591230275
2024-12-18,2024-12-19,FOXA,SHORT,49.880001068115234,49.095001220703125,-0.015737767253455548,0.0006953601953601954,0.007173523431367578
2025-01-08,2025-01-10,BSX,SHORT,96.38999938964844,95.30000305175781,-0.011308189073478525,0.0006953601953601954,0.004958734341379067
2025-01-08,2025-01-10,EBAY,SHORT,69.92990112304688,66.45500183105469,-0.0496911798270363,0.0006953601953601954,0.024150229718157955
2025-01-10,2025-01-13,DAL,SHORT,67.54000091552734,63.875,-0.05426415258879225,0.0006953601953601954,0.026436716099035928
2025-01-13,2025-01-14,ALNY,SHORT,255.71499633789062,247.49000549316406,-0.03216467928168909,0.0006953601953601954,0.01538697944548435
2025-01-22,2025-01-23,NFLX,SHORT,97.15570068359375,97.71199798583984,0.005725832846986245,0.0006953601953601954,-0.003558276618853318
2025-01-22,2025-01-23,ORCL,SHORT,184.49000549316406,184.78309631347656,0.001588654190393779,0.0006953601953601954,-0.0014896872905570849
2025-01-22,2025-01-23,APH,SHORT,77.0999984741211,78.44499969482422,0.017444892961373748,0.0006953601953601954,-0.00941780667604707
2025-01-22,2025-01-23,TDY,SHORT,504.0,513.9849853515625,0.019811478872147736,0.0006953601953601954,-0.010601099631434064
2025-01-22,2025-01-23,ANET,SHORT,129.16000366210938,128.35499572753906,-0.006232641001437722,0.0006953601953601954,0.0024209603053586656
2025-01-22,2025-01-23,CIEN,SHORT,93.1500015258789,99.55000305175781,0.06870640280237517,0.0006953601953601954,-0.035048561596547775
2025-01-22,2025-01-23,TEL,SHORT,154.82000732421875,155.16000366210938,0.002196074937385939,0.0006953601953601954,-0.0017933976640531648
2025-01-22,2025-01-23,NKE,SHORT,74.16000366210938,73.19499969482422,-0.013012458463216192,0.0006953601953601954,0.0058108690362479
2025-01-22,2025-01-23,TRV,SHORT,252.0500030517578,242.40499877929688,-0.03826623350796132,0.0006953601953601954,0.018437756558620465
2025-01-22,2025-01-23,ABT,SHORT,117.6050033569336,121.13999938964844,0.030058211230912235,0.0006953601953601954,-0.015724465810816313
2025-01-23,2025-01-24,TKO,SHORT,150.86000061035156,152.86000061035156,0.013257324618244581,0.0006953601953601954,-0.0073240225044824865
2025-01-23,2025-01-24,UNP,SHORT,247.52000427246094,249.82000732421875,0.00929219057877062,0.0006953601953601954,-0.005341455484745506
2025-01-23,2025-01-24,GE,SHORT,201.36500549316406,197.24000549316406,-0.020485188029059187,0.0006953601953601954,0.009547233819169398
2025-01-27,2025-01-28,SYY,SHORT,76.81999969482422,72.08000183105469,-0.06170265403019637,0.0006953601953601954,0.03015596681973799
2025-02-03,2025-02-04,IDXX,SHORT,462.010009765625,463.5799865722656,0.0033981445714499348,0.0006953601953601954,-0.0023944324810851627
2025-02-04,2025-02-05,REGN,SHORT,705.0,710.3800048828125,0.007631212599733983,0.0006953601953601954,-0.004510966495227187
2025-02-05,2025-02-06,AMGN,SHORT,304.1700134277344,301.1000061035156,-0.010093063710069239,0.0006953601953601954,0.004351171659674424
2025-02-07,2025-02-10,TTWO,SHORT,212.3699951171875,212.63999938964844,0.0012713861593862674,0.0006953601953601954,-0.001331053275053329
2025-02-07,2025-02-10,EXPE,SHORT,198.91000366210938,202.88499450683594,0.019983865927019506,0.0006953601953601954,-0.010687293158869949
2025-02-13,2025-02-14,APP,SHORT,498.9599914550781,502.42498779296875,0.006944437223886268,0.0006953601953601954,-0.00416757880730333
2025-02-13,2025-02-14,MGM,SHORT,39.224998474121094,40.290000915527344,0.027151114922512765,0.0006953601953601954,-0.014270917656616578
2025-02-13,2025-02-14,INTC,SHORT,24.330799102783203,23.313800811767578,-0.041798803513169,0.0006953601953601954,0.020204041561224306
2025-02-14,2025-02-18,ABNB,SHORT,161.47000122070312,159.85000610351562,-0.010032793119095995,0.0006953601953601954,0.004321036364187802
2025-02-14,2025-02-18,RSG,SHORT,230.77000427246094,228.44500732421875,-0.0100749530060118,0.0006953601953601954,0.004342116307645704
2025-02-19,2025-02-20,GRMN,SHORT,244.6374969482422,229.1649932861328,-0.06324665619589331,0.0006953601953601954,0.03092796790258646
2025-02-19,2025-02-20,ADI,SHORT,238.6999969482422,244.19000244140625,0.022999604370981475,0.0006953601953601954,-0.012195162380850933
2025-02-20,2025-02-21,HAS,SHORT,69.78759765625,67.69999694824219,-0.029913634773482634,0.0006953601953601954,0.014261457191381121
2025-02-21,2025-02-24,FE,SHORT,42.404998779296875,42.88999938964844,0.011437345226109397,0.0006953601953601954,-0.006414032808414894
2025-02-26,2025-02-27,INTU,SHORT,625.2899780273438,613.9650268554688,-0.018111518767025214,0.0006953601953601954,0.008360399188152411
2025-02-27,2025-02-28,MET,SHORT,84.50499725341797,84.94000244140625,0.005147685960911419,0.0006953601953601954,-0.003269203175815905
2025-02-28,2025-03-03,INVH,SHORT,34.150001525878906,34.369998931884766,0.0064420906640119124,0.0006953601953601954,-0.003916405527366152
2025-03-10,2025-03-11,OMC,SHORT,87.94000244140625,82.82499694824219,-0.058164718571302676,0.0006953601953601954,0.028386999090291142
2025-03-10,2025-03-11,OTIS,SHORT,106.55999755859375,101.63999938964844,-0.04617115504568181,0.0006953601953601954,0.02239021732748071
2025-03-10,2025-03-11,GPC,SHORT,130.6699981689453,125.30500030517578,-0.04105761030801458,0.0006953601953601954,0.019833444958647094
2025-03-10,2025-03-11,PCAR,SHORT,114.22000122070312,105.98999786376953,-0.07205395963033712,0.0006953601953601954,0.035331619619808366
2025-03-10,2025-03-11,RMD,SHORT,241.1199951171875,229.88250732421875,-0.046605375002214955,0.0006953601953601954,0.02260732730574728
2025-03-10,2025-03-11,FAST,SHORT,40.8650016784668,39.037498474121094,-0.044720497474215914,0.0006953601953601954,0.02166488854174776
2025-03-10,2025-03-11,HCA,SHORT,344.9649963378906,324.6654968261719,-0.05884509943680061,0.0006953601953601954,0.028727189523040108
2025-03-10,2025-03-11,GWW,SHORT,1027.614990234375,988.75,-0.03782057541366812,0.0006953601953601954,0.018214927511473866
2025-03-21,2025-03-24,ALNY,SHORT,280.9049987792969,293.125,0.043502256185566246,0.0006953601953601954,-0.02244648828814332
2025-04-02,2025-04-03,MCK,SHORT,691.52001953125,716.030029296875,0.035443673463335434,0.0006953601953601954,-0.018417196927027913
2025-04-03,2025-04-04,CNC,SHORT,63.900001525878906,62.529998779296875,-0.021439792079303688,0.0006953601953601954,0.010024535844291648
2025-04-03,2025-04-04,MCK,SHORT,715.6699829101562,692.0449829101562,-0.03301102542254564,0.0006953601953601954,0.015810152515912623
2025-04-03,2025-04-04,DG,SHORT,94.6449966430664,93.36000061035156,-0.013577009649658911,0.0006953601953601954,0.00609314462946926
2025-04-24,2025-04-25,RMD,SHORT,233.0500030517578,233.5,0.0019309029922742749,0.0013907203907203907,-0.0033216233829946656
2025-04-24,2025-04-25,HAS,SHORT,60.224998474121094,60.48500061035156,0.004317179623378298,0.0013907203907203907,-0.0057079000140986885
2025-04-24,2025-04-25,ALLE,SHORT,138.07000732421875,137.5800018310547,-0.0035489640557012647,0.0013907203907203907,0.002158243664980874
2025-04-25,2025-04-28,VRSN,SHORT,275.8800048828125,274.0,-0.006814574632224901,0.0006953601953601954,0.0027119271207522552
2025-04-25,2025-04-28,CHTR,SHORT,371.7300109863281,376.5299987792969,0.012912564633220658,0.0006953601953601954,-0.007151642511970525
2025-05-07,2025-05-08,VRSK,SHORT,307.8999938964844,312.125,0.013722007753387944,0.0006953601953601954,-0.007556364072054168
2025-05-09,2025-05-12,PODD,SHORT,310.0,316.29998779296875,0.020322541267641103,0.0006953601953601954,-0.010856630829180747
2025-05-12,2025-05-13,NRG,SHORT,149.13999938964844,156.6300048828125,0.050221305644473135,0.0006953601953601954,-0.025806013017596763
2025-05-12,2025-05-13,AVY,SHORT,181.67999267578125,182.8300018310547,0.0063298613035818185,0.0006953601953601954,-0.0038602908471511046
2025-05-12,2025-05-13,MAS,SHORT,68.86000061035156,68.2699966430664,-0.008568166744925443,0.0006953601953601954,0.003588723177102526
2025-05-12,2025-05-13,SWK,SHORT,72.97000122070312,73.94999694824219,0.01343011800938565,0.0006953601953601954,-0.007410419200053021
2025-05-29,2025-05-30,VEEV,SHORT,283.32000732421875,277.05499267578125,-0.022112856439637563,0.0006953601953601954,0.010361068024458586
2025-05-30,2025-06-02,ULTA,SHORT,469.82000732421875,474.80999755859375,0.010621067976212206,0.0006953601953601954,-0.006005894183466299
2025-06-03,2025-06-04,DLTR,SHORT,96.20999908447266,88.56999969482422,-0.07940961919083378,0.0006953601953601954,0.0390094494000567
2025-06-10,2025-06-11,CASY,SHORT,501.3399963378906,500.9049987792969,-0.0008676697685627843,0.0006953601953601954,-0.0002615253110788032
2025-06-10,2025-06-11,INSM,SHORT,89.87000274658203,97.88999938964844,0.08923997327207633,0.0006953601953601954,-0.04531534683139836
2025-06-12,2025-06-13,ORCL,SHORT,202.03500366210938,214.3000030517578,0.060707299068635034,0.0006953601953601954,-0.031049009729677713
2025-06-20,2025-06-23,COIN,SHORT,303.3800048828125,311.8399963378906,0.027885791149439676,0.0006953601953601954,-0.014638255770080034
2025-06-23,2025-06-24,NTRS,SHORT,121.55000305175781,119.27999877929688,-0.018675476885791076,0.0006953601953601954,0.008642378247535342
2025-06-23,2025-06-24,KR,SHORT,73.7249984741211,73.08999633789062,-0.008613118336697756,0.0006953601953601954,0.0036111989729886826
2025-06-23,2025-06-24,CCI,SHORT,101.66000366210938,102.68000030517578,0.010033411433434614,0.0006953601953601954,-0.005712065912077503
2025-06-23,2025-06-24,FDS,SHORT,441.9999084472656,435.5299987792969,-0.01463780771063361,0.0006953601953601954,0.006623543659956609
2025-06-24,2025-06-25,CDW,SHORT,178.3300018310547,177.90890502929688,-0.0023613345899965443,0.0006953601953601954,0.0004853070996380768
2025-07-03,2025-07-07,DDOG,SHORT,152.16000366210938,152.3000030517578,0.0009200800885844629,0.0006953601953601954,-0.0011554002396524268
2025-07-03,2025-07-07,CDNS,SHORT,325.25,319.9150085449219,-0.016402740830370854,0.0006953601953601954,0.007506010219825231
2025-07-10,2025-07-11,DAL,SHORT,57.56999969482422,55.47999954223633,-0.036303633205955865,0.0006953601953601954,0.017456456407617737
2025-07-10,2025-07-11,PTC,SHORT,194.77000427246094,196.2899932861328,0.007804020025309333,0.0006953601953601954,-0.004597370208014862
2025-07-11,2025-07-14,VTR,SHORT,64.63999938964844,65.08000183105469,0.00680696852662277,0.0006953601953601954,-0.004098844458671581
2025-07-14,2025-07-15,TRI,SHORT,216.61500549316406,211.35000610351562,-0.024305792563454665,0.0006953601953601954,0.011457536086367136
2025-07-22,2025-07-23,NOC,SHORT,560.219970703125,558.114990234375,-0.0037574177623622695,0.0006953601953601954,0.0011833486858209394
2025-07-22,2025-07-23,IQV,SHORT,184.24000549316406,191.88999938964844,0.041521893554048006,0.0006953601953601954,-0.0214563069723842
2025-07-23,2025-07-24,TEL,SHORT,196.3699951171875,203.10000610351562,0.03427209427953515,0.0006953601953601954,-0.01783140733512777
2025-07-23,2025-07-24,BKR,SHORT,43.4900016784668,45.28499984741211,0.04127381236303962,0.0006953601953601954,-0.021332266376880005
2025-07-23,2025-07-24,GEV,SHORT,630.6900024414062,621.1300048828125,-0.015157997624168695,0.0006953601953601954,0.006883638616724152
2025-07-24,2025-07-25,ROL,SHORT,57.970001220703125,58.29999923706055,0.005692565282188866,0.0006953601953601954,-0.0035416428364546284
2025-07-24,2025-07-25,WST,SHORT,278.7699890136719,266.0849914550781,-0.0455034546705515,0.0006953601953601954,0.022056367139915555
2025-07-24,2025-07-25,GL,SHORT,132.14500427246094,136.47999572753906,0.03280480771062755,0.0006953601953601954,-0.01709776405067397
2025-07-25,2025-07-28,FIX,SHORT,680.2449951171875,682.635009765625,0.003513461569865317,0.0006953601953601954,-0.002452090980292854
2025-07-25,2025-07-28,AON,SHORT,374.8299865722656,368.3399963378906,-0.017314490480669575,0.0006953601953601954,0.007961885044974592
2025-07-25,2025-07-28,VRSN,SHORT,305.3399963378906,306.7149963378906,0.0045031768405421335,0.0006953601953601954,-0.002946948615631262
2025-07-31,2025-08-01,GNRC,SHORT,181.0,192.77999877929688,0.06508286618396064,0.0006953601953601954,-0.03323679328734051
2025-08-01,2025-08-04,KMB,SHORT,131.6699981689453,132.99000549316406,0.010025118421624457,0.0006953601953601954,-0.005707919406172424
2025-08-04,2025-08-05,IDXX,SHORT,679.0999755859375,644.989990234375,-0.050228223498509084,0.0006953601953601954,0.024418751553894346
2025-08-04,2025-08-05,KMB,SHORT,133.0,132.47500610351562,-0.003947322529957664,0.0006953601953601954,0.0012783010696186367
2025-08-05,2025-08-06,LDOS,SHORT,172.2375030517578,173.41000366210938,0.0068074640515383145,0.0006953601953601954,-0.004099092221129353
2025-08-05,2025-08-06,AXON,SHORT,853.0,876.6199951171875,0.027690498378883266,0.0006953601953601954,-0.014540609384801829
2025-08-06,2025-08-07,AIZ,SHORT,210.25999450683594,201.4600067138672,-0.041852887010717765,0.0006953601953601954,0.020231083309998687
2025-08-06,2025-08-07,ANET,SHORT,139.0,137.22999572753906,-0.01273384368676933,0.0006953601953601954,0.0056715616480244695
2025-08-18,2025-08-19,FSLR,SHORT,219.37109375,209.4149932861328,-0.04538474187129404,0.0006953601953601954,0.021997010740286826
2025-08-20,2025-08-21,FDS,SHORT,386.4750061035156,376.9100036621094,-0.024749342882070646,0.0006953601953601954,0.011679311245675127
2025-08-26,2025-08-27,SATS,SHORT,53.61399841308594,57.51499938964844,0.07276086641600599,0.0006953601953601954,-0.037075793403363186
2025-09-05,2025-09-08,AVGO,SHORT,336.92999267578125,348.0,0.032855511723087094,0.0006953601953601954,-0.017123116056903743
2025-09-05,2025-09-08,SNDK,SHORT,65.97000122070312,69.62999725341797,0.055479702364568784,0.0006953601953601954,-0.028435211377644588
2025-09-10,2025-09-11,ORCL,SHORT,335.340087890625,305.54998779296875,-0.08883548723638623,0.0006953601953601954,0.043722383422832925
2025-09-10,2025-09-11,CEG,SHORT,327.7767028808594,317.5400085449219,-0.031230695305573097,0.0006953601953601954,0.014919987457426353
2025-09-10,2025-09-11,VST,SHORT,211.65499877929688,203.91749572753906,-0.0365571476997153,0.0006953601953601954,0.017583213654497453
2025-09-10,2025-09-11,VRT,SHORT,139.82000732421875,134.14999389648438,-0.04055223237534655,0.0006953601953601954,0.01958075599231308
2025-09-11,2025-09-12,WBD,SHORT,15.914999961853027,18.770000457763672,0.1793905436854446,0.0006953601953601954,-0.0903906320380825
2025-09-17,2025-09-18,PDD,SHORT,132.7104949951172,133.51499938964844,0.006062100774779422,0.0006953601953601954,-0.0037264105827499064
2025-09-18,2025-09-19,INTC,SHORT,31.84869956970215,29.95549964904785,-0.05944355487767883,0.0006953601953601954,0.029026417243479218
2025-09-18,2025-09-19,CRWD,SHORT,490.19500732421875,498.5350036621094,0.017013629705074695,0.0006953601953601954,-0.009202175047897544
2025-09-18,2025-09-19,INTU,SHORT,687.239990234375,690.4099731445312,0.00461262871078727,0.0006953601953601954,-0.0030016745507538303
2025-09-18,2025-09-19,MSTR,SHORT,351.5199890136719,341.3699951171875,-0.028874585268861108,0.0006953601953601954,0.013741932439070358
2025-09-19,2025-09-22,AMGN,SHORT,283.4800109863281,286.239990234375,0.009736063006502427,0.0006953601953601954,-0.005563391698611409
2025-09-22,2025-09-23,WAB,SHORT,200.1999969482422,194.96499633789062,-0.026148854596161453,0.0006953601953601954,0.01237906710272053
2025-09-24,2025-09-25,XEL,SHORT,77.55000305175781,77.2300033569336,-0.004126365986222402,0.0006953601953601954,0.0013678227977510058
2025-09-29,2025-09-30,EA,SHORT,202.9199981689453,201.55999755859375,-0.006702151698322334,0.0006953601953601954,0.0026557156538009716
2025-09-30,2025-10-01,OMC,SHORT,82.4749984741211,77.91000366210938,-0.05535004421302436,0.0006953601953601954,0.026979661911151986
2025-09-30,2025-10-01,CRH,SHORT,119.44000244140625,119.9800033569336,0.004521106032229438,0.0006953601953601954,-0.0029559132114749145
2025-10-01,2025-10-02,TMO,SHORT,521.25,524.5800170898438,0.006388521994904028,0.0006953601953601954,-0.0038896211928122096
2025-10-01,2025-10-02,AES,SHORT,15.175000190734863,14.734999656677246,-0.028995092489439322,0.0006953601953601954,0.013802186049359465
2025-10-01,2025-10-02,NKE,SHORT,73.26000213623047,74.08499908447266,0.01126121927635304,0.0006953601953601954,-0.006325969833536716
2025-10-01,2025-10-02,PFE,SHORT,26.96500015258789,26.854999542236328,-0.004079384747973203,0.0006953601953601954,0.001344332178626406
2025-10-01,2025-10-02,CRL,SHORT,166.30999755859375,175.11500549316406,0.05294334714585136,0.0006953601953601954,-0.027167033768285876
2025-10-01,2025-10-02,MRK,SHORT,88.57499694824219,88.5,-0.0008467056260358374,0.0006953601953601954,-0.00027200738234227665
2025-10-01,2025-10-02,DHR,SHORT,207.13999938964844,210.9949951171875,0.0186105809544177,0.0006953601953601954,-0.010000650672569045
2025-10-02,2025-10-03,FICO,SHORT,1866.1199951171875,1854.5,-0.006226820969493896,0.0006953601953601954,0.0024180502893867526
2025-10-10,2025-10-13,PEP,SHORT,149.89999389648438,147.86000061035156,-0.013609028480291774,0.0006953601953601954,0.006109154044785691
2025-10-14,2025-10-15,WMT,SHORT,106.26499938964844,109.06999969482422,0.026396276490723958,0.0006953601953601954,-0.013893498440722175
2025-10-21,2025-10-22,GM,SHORT,66.24649810791016,66.94999694824219,0.010619411748921337,0.0006953601953601954,-0.006005066069820864
2025-10-21,2025-10-22,KO,SHORT,70.8949966430664,71.44999694824219,0.007828483411460363,0.0006953601953601954,-0.004609601901090377
2025-10-21,2025-10-22,ADBE,SHORT,350.2900085449219,358.6199951171875,0.0237802574126158,0.0006953601953601954,-0.012585488901668097
2025-10-22,2025-10-23,AVY,SHORT,175.1999969482422,185.35000610351562,0.05793384321959749,0.0006953601953601954,-0.02966228180515894
2025-10-22,2025-10-23,ISRG,SHORT,531.530029296875,544.5150146484375,0.024429448264173148,0.0006953601953601954,-0.01291008432744677
2025-10-22,2025-10-23,MAA,SHORT,135.16000366210938,133.3800048828125,-0.013169567409503369,0.0006953601953601954,0.005889423509391489
2025-10-23,2025-10-24,VLO,SHORT,171.99000549316406,172.01499938964844,0.0001453217959537234,0.0006953601953601954,-0.0007680210933370571
2025-10-23,2025-10-24,APH,SHORT,134.84500122070312,133.49000549316406,-0.01004854251379561,0.0006953601953601954,0.00432891106153761
2025-10-23,2025-10-24,HON,SHORT,208.97267150878906,203.520263671875,-0.0260914874540652,0.0006953601953601954,0.012350383531672404
2025-10-23,2025-10-24,WST,SHORT,308.67999267578125,302.3900146484375,-0.020377018843428463,0.0006953601953601954,0.009493149226354036
2025-10-23,2025-10-24,DOW,SHORT,24.190000534057617,24.764999389648438,0.02377010512179467,0.0006953601953601954,-0.012580412756257531
2025-10-24,2025-10-27,FIX,SHORT,970.5599975585938,974.9299926757812,0.0045025502062521205,0.0006953601953601954,-0.0029466352984862556
2025-10-28,2025-10-29,REGN,SHORT,649.1600952148438,652.7000122070312,0.0054530723904338,0.0006953601953601954,-0.003421896390577095
2025-10-28,2025-10-29,MSCI,SHORT,590.5599975585938,567.8499755859375,-0.038455063103733256,0.0006953601953601954,0.018532171356506432
2025-10-31,2025-11-03,AMZN,SHORT,246.57000732421875,255.4600067138672,0.0360546665270558,0.0006953601953601954,-0.018722693458888096
2025-11-03,2025-11-04,IDXX,SHORT,711.5349731445312,722.3699951171875,0.015227673103364703,0.0006953601953601954,-0.008309196747042547
2025-11-03,2025-11-04,KVUE,SHORT,16.639999389648438,16.15999984741211,-0.02884612739438741,0.0006953601953601954,0.01372770350183351
2025-11-04,2025-11-05,HSIC,SHORT,70.75499725341797,71.9800033569336,0.01731335101502607,0.0006953601953601954,-0.00935203570287323
2025-11-04,2025-11-05,EXPD,SHORT,131.63999938964844,139.55999755859375,0.06016407023447701,0.0006953601953601954,-0.0307773953125987
2025-11-04,2025-11-05,DD,SHORT,36.8650016784668,39.7400016784668,0.0779872472291061,0.0006953601953601954,-0.039688983809913245
2025-11-05,2025-11-06,AMGN,SHORT,322.0815124511719,315.489990234375,-0.02046538519591734,0.0006953601953601954,0.009537332402598474
2025-11-05,2025-11-06,DD,SHORT,39.7400016784668,39.27000045776367,-0.011826904903172064,0.0006953601953601954,0.005218092256225836
2025-11-05,2025-11-06,AFL,SHORT,112.5199966430664,112.96499633789062,0.003954849876469879,0.0006953601953601954,-0.002672785133595135
2025-11-06,2025-11-07,DDOG,SHORT,193.5,189.9163055419922,-0.01852038479590601,0.0006953601953601954,0.008564832202592809
2025-11-06,2025-11-07,TPL,SHORT,340.9049987792969,325.7266540527344,-0.0445236789748249,0.0006953601953601954,0.021566479292052253
2025-11-07,2025-11-10,AKAM,SHORT,84.1500015258789,87.11000061035156,0.035175270716571116,0.0006953601953601954,-0.018282995553645754
2025-11-13,2025-11-14,BIIB,SHORT,166.25,167.8000030517578,0.009323326627114659,0.0006953601953601954,-0.005357023508917525
2025-11-25,2025-11-26,VLTO,SHORT,103.58999633789062,101.62999725341797,-0.0189207370765756,0.0006953601953601954,0.008765008342927604
2025-11-25,2025-11-26,CRH,SHORT,116.48999786376953,118.61000061035156,0.01819901094908838,0.0006953601953601954,-0.009794865669904385
2025-11-25,2025-11-26,BNY,SHORT,10.300000190734863,10.287199974060059,-0.0012427394599777708,0.0006953601953601954,-7.399046537130997e-05
2025-11-25,2025-11-26,BLDR,SHORT,107.38999938964844,112.65499877929688,0.0490269058531716,0.0006953601953601954,-0.025208813121945995
2025-12-02,2025-12-03,BA,SHORT,202.05499267578125,202.89010620117188,0.004133100174023685,0.0006953601953601954,-0.002761910282372038
2025-12-04,2025-12-05,DG,SHORT,122.2300033569336,134.09500122070312,0.09707107533263826,0.0006953601953601954,-0.04923089786167932
2025-12-05,2025-12-08,EQIX,SHORT,746.489990234375,742.3699951171875,-0.005519156547422632,0.0006953601953601954,0.0020642180783511208
2025-12-11,2025-12-12,AIG,SHORT,80.41999816894531,83.43000030517578,0.03742852778866146,0.0006953601953601954,-0.019409624089690925
2025-12-12,2025-12-15,VICI,SHORT,28.729999542236328,28.450000762939453,-0.009745867864886182,0.0006953601953601954,0.004177573737082895
2025-12-12,2025-12-15,GE,SHORT,301.4849853515625,307.81500244140625,0.020996127161895917,0.0006953601953601954,-0.011193423776308154
2025-12-12,2025-12-15,LIN,SHORT,412.1000061035156,419.0899963378906,0.01696187850242148,0.0006953601953601954,-0.009176299446570935
2025-12-15,2025-12-16,IT,SHORT,244.60499572753906,246.8249969482422,0.009075862142962743,0.0006953601953601954,-0.005233291266841567
2026-01-05,2026-01-06,URI,SHORT,896.155029296875,882.0700073242188,-0.015717171150294584,0.0006953601953601954,0.007163225379787096
2026-01-05,2026-01-06,CVX,SHORT,163.6199951171875,158.1999969482422,-0.033125524573347054,0.0006953601953601954,0.01586740209131333
2026-01-05,2026-01-06,HAL,SHORT,32.349998474121094,30.889999389648438,-0.04513134940765473,0.0006953601953601954,0.02187031450846717
2026-01-05,2026-01-06,SLB,SHORT,44.345001220703125,43.839900970458984,-0.01139024098184771,0.0006953601953601954,0.004999760295563659
2026-01-05,2026-01-06,VLO,SHORT,178.1699981689453,178.49000549316406,0.0017960786187767308,0.0006953601953601954,-0.0015933995047485608
2026-01-05,2026-01-06,HOOD,SHORT,122.6050033569336,119.50900268554688,-0.02525182975097262,0.0006953601953601954,0.011930554680126115
2026-01-05,2026-01-06,AMAT,SHORT,286.9800109863281,294.8699951171875,0.02749314875186637,0.0006953601953601954,-0.01444193457129338
2026-01-05,2026-01-06,MELI,SHORT,2178.669921875,2225.625,0.021552176239983067,0.0006953601953601954,-0.01147144831535173
2026-01-05,2026-01-06,LDOS,SHORT,194.1699981689453,195.97000122070312,0.009270242924922067,0.0006953601953601954,-0.0053304816578212295
2026-01-05,2026-01-06,IBKR,SHORT,70.54000091552734,72.51499938964844,0.027998276842754466,0.0006953601953601954,-0.014694498616737429
2026-01-06,2026-01-07,WDC,SHORT,216.85000610351562,199.2100067138672,-0.08134654781253636,0.0006953601953601954,0.03997791371090799
2026-01-06,2026-01-07,TXN,SHORT,192.08999633789062,186.7899932861328,-0.02759124968920812,0.0006953601953601954,0.013100264649243864
2026-01-06,2026-01-07,DGX,SHORT,179.64500427246094,178.4600067138672,-0.0065963290401135355,0.0006953601953601954,0.0026028043246965724
2026-01-06,2026-01-07,CI,SHORT,288.7099914550781,279.6549987792969,-0.03136362766714351,0.0006953601953601954,0.01498645363821156
2026-01-06,2026-01-07,MDT,SHORT,99.63999938964844,99.68000030517578,0.00040145439354044576,0.0006953601953601954,-0.0008960873921304183
2026-01-07,2026-01-08,PANW,SHORT,195.9250030517578,191.02999877929688,-0.024984071436598754,0.0006953601953601954,0.011796675522939181
2026-01-07,2026-01-08,CRWD,SHORT,485.5849914550781,461.7200012207031,-0.049146886032993775,0.0006953601953601954,0.023878082821136692
2026-01-07,2026-01-08,CDNS,SHORT,324.1050109863281,318.32501220703125,-0.01783372235346492,0.0006953601953601954,0.008221500981372264
2026-01-08,2026-01-09,SW,SHORT,43.25,42.83000183105469,-0.009710940322435024,0.0006953601953601954,0.004160109965857316
2026-01-08,2026-01-09,GPC,SHORT,127.0999984741211,127.73999786376953,0.005035400451076644,0.0006953601953601954,-0.003213060420898517
2026-01-09,2026-01-12,CARR,SHORT,56.11000061035156,55.369998931884766,-0.013188409738321694,0.0006953601953601954,0.005898844673800651
2026-01-14,2026-01-15,AMT,SHORT,179.5800018310547,179.86000061035156,0.0015591868606856796,0.0006953601953601954,-0.0014749536257030352
2026-01-14,2026-01-15,JNJ,SHORT,217.2949981689453,217.85000610351562,0.0025541680169682834,0.0006953601953601954,-0.001972444203844337
2026-01-27,2026-01-28,HCA,SHORT,516.6199951171875,485.2049865722656,-0.06080873532158937,0.0006953601953601954,0.02970900746543449
2026-01-27,2026-01-28,GLW,SHORT,110.91500091552734,106.55000305175781,-0.039354441038087384,0.0006953601953601954,0.018981860323683496
2026-01-27,2026-01-28,ZS,SHORT,224.1649932861328,216.78500366210938,-0.032922132558866335,0.0006953601953601954,0.01576570608407297
2026-01-28,2026-01-29,STX,SHORT,448.06500244140625,438.1449890136719,-0.022139674765229267,0.0006953601953601954,0.010374477187254438
2026-01-28,2026-01-29,TXN,SHORT,212.25999450683594,219.4550018310547,0.033897142704331085,0.0006953601953601954,-0.017643931547525738
2026-01-28,2026-01-29,T,SHORT,24.170000076293945,24.725000381469727,0.02296236257442663,0.0006953601953601954,-0.012176541482573511
2026-01-29,2026-02-02,TT,SHORT,428.3450012207031,425.17999267578125,-0.007388923731810104,0.0006953601953601954,0.0029991016705448567
2026-01-29,2026-02-02,CHRW,SHORT,192.2899932861328,198.02999877929688,0.029850775877987346,0.0006953601953601954,-0.015620748134353869
2026-02-02,2026-02-03,VZ,SHORT,44.82500076293945,46.21500015258789,0.031009467172115723,0.0006953601953601954,-0.016200093781418057
2026-02-02,2026-02-03,DECK,SHORT,115.30999755859375,113.29000091552734,-0.017517966228730142,0.0006953601953601954,0.008063622919004875
2026-02-02,2026-02-03,TFC,SHORT,52.58000183105469,54.02000045776367,0.02738681203047233,0.0006953601953601954,-0.01438876621059636
2026-02-02,2026-02-03,HIG,SHORT,137.07000732421875,138.42999267578125,0.00992183029760585,0.0006953601953601954,-0.00565627534416312
2026-02-02,2026-02-03,T,SHORT,26.389999389648438,26.825000762939453,0.016483568903061352,0.0006953601953601954,-0.008937144646890872
2026-02-02,2026-02-03,L,SHORT,105.73999786376953,107.4000015258789,0.015698919005540768,0.0006953601953601954,-0.00854481969813058
2026-02-05,2026-02-06,MCK,SHORT,953.489990234375,946.1199951171875,-0.0077294939565919485,0.0006953601953601954,0.003169386782935779
2026-02-05,2026-02-06,AFL,SHORT,118.43000030517578,116.2699966430664,-0.01823865284592907,0.0006953601953601954,0.00842396622760434
2026-02-06,2026-02-09,TPR,SHORT,150.63999938964844,154.49000549316406,0.025557661438627033,0.0006953601953601954,-0.013474190914673712
2026-02-06,2026-02-09,CI,SHORT,292.8500061035156,291.6300964355469,-0.004165646722020355,0.0006953601953601954,0.0013874631656499823
2026-02-18,2026-02-19,GRMN,SHORT,243.89999389648438,237.3300018310547,-0.02693723751472543,0.0006953601953601954,0.01277325856200252
2026-02-18,2026-02-19,GPN,SHORT,80.12000274658203,79.7300033569336,-0.00486769066748538,0.0006953601953601954,0.0017384851383824948
2026-02-18,2026-02-19,PODD,SHORT,268.68499755859375,245.1999969482422,-0.08740718992034546,0.0006953601953601954,0.04300823476481254
2026-02-18,2026-02-19,ADI,SHORT,354.2699890136719,345.260009765625,-0.025432521882905457,0.0006953601953601954,0.012020900746092533
2026-02-19,2026-02-20,INSM,SHORT,160.8800048828125,166.61000061035156,0.03561658101460696,0.0006953601953601954,-0.018503650702663677
2026-02-19,2026-02-20,OMC,SHORT,79.33000183105469,82.31999969482422,0.03769063147303564,0.0006953601953601954,-0.019540675931878016
2026-02-19,2026-02-20,OXY,SHORT,50.9900016784668,50.80500030517578,-0.0036281891979058623,0.0006953601953601954,0.0011187344035927358
2026-02-20,2026-02-23,INSM,SHORT,166.7100067138672,160.08999633789062,-0.03970973612483153,0.0006953601953601954,0.01915950786705557
2026-02-24,2026-02-25,KEYS,SHORT,298.3999938964844,303.07501220703125,0.01566695176330546,0.0006953601953601954,-0.008528836077012925
2026-03-05,2026-03-06,TTD,SHORT,29.924999237060547,29.125,-0.026733475604229562,0.0006953601953601954,0.012671377606754585
2026-03-06,2026-03-09,MRVL,SHORT,91.0199966430664,92.3499984741211,0.014612193804733664,0.0006953601953601954,-0.008001457097727028
2026-03-12,2026-03-13,MOS,SHORT,31.360000610351562,29.860000610351562,-0.047831631722126566,0.0006953601953601954,0.023220455665703087
2026-03-25,2026-03-26,HPE,SHORT,25.915000915527344,25.139999389648438,-0.029905517981847818,0.0006953601953601954,0.014257398795563713
2026-03-25,2026-03-26,SATS,SHORT,123.45999908447266,111.0199966430664,-0.10076140072619522,0.0006953601953601954,0.049685340167737416
2026-03-25,2026-03-26,AMD,SHORT,219.60000610351562,206.05999755859375,-0.06165759639614654,0.0006953601953601954,0.030133438002713075
2026-03-26,2026-03-27,BF-B,SHORT,26.764999389648438,27.440000534057617,0.02521954641516788,0.0006953601953601954,-0.013305133402944137
2026-03-27,2026-03-30,ETR,SHORT,111.65499877929688,111.05999755859375,-0.005328925952336805,0.0006953601953601954,0.001969102780808207
2026-03-31,2026-04-01,TKO,SHORT,207.91000366210938,201.07000732421875,-0.03289883227074941,0.0006953601953601954,0.01575405594001451
2026-04-06,2026-04-07,SBAC,SHORT,210.40499877929688,202.78199768066406,-0.03623013304274636,0.0006953601953601954,0.017419706326012984
2026-04-06,2026-04-07,ICE,SHORT,166.0,166.65499877929688,0.003945775778896765,0.0006953601953601954,-0.002668248084808578
2026-04-07,2026-04-08,UNH,SHORT,305.95001220703125,307.2799987792969,0.004347071479656073,0.0006953601953601954,-0.0028688959351882318
2026-04-09,2026-04-10,STZ,SHORT,161.63999938964844,166.14500427246094,0.027870606903138917,0.0006953601953601954,-0.014630663646929654
2026-04-28,2026-04-29,CNC,SHORT,45.5,53.314998626708984,0.17175821157602167,0.0006953601953601954,-0.08657446598337103
2026-04-29,2026-04-30,GNRC,SHORT,251.8699951171875,258.44000244140625,0.02608491464480278,0.0006953601953601954,-0.013737817517761586
2026-04-29,2026-04-30,NXPI,SHORT,285.4200134277344,286.4200134277344,0.003503608552149373,0.0006953601953601954,-0.002447164471434882
2026-04-29,2026-04-30,CNC,SHORT,53.310001373291016,53.5,0.0035640334236453075,0.0006953601953601954,-0.002477376907182849
2026-04-29,2026-04-30,V,SHORT,337.125,330.07501220703125,-0.02091208837365588,0.0006953601953601954,0.009760683991467744
2026-04-30,2026-05-01,PWR,SHORT,716.5,738.1849975585938,0.030265174540954343,0.0006953601953601954,-0.015827947465837367
2026-04-30,2026-05-01,QCOM,SHORT,181.39500427246094,178.78500366210938,-0.014388492234500894,0.0006953601953601954,0.006498885921890251
2026-05-01,2026-05-04,FSLR,SHORT,215.38999938964844,209.85000610351562,-0.025720754453927852,0.0006953601953601954,0.01216501703160373
2026-05-07,2026-05-08,DVA,SHORT,194.32000732421875,195.74000549316406,0.007307524266279453,0.0006953601953601954,-0.004349122328499922
2026-05-07,2026-05-08,FLEX,SHORT,130.5,139.77000427246094,0.07103451549778494,0.0006953601953601954,-0.036212617944252665
2026-05-08,2026-05-11,MNST,SHORT,86.05000305175781,85.1449966430664,-0.010517215300353433,0.0006953601953601954,0.004563247454816521
2026-05-08,2026-05-11,GEN,SHORT,22.184999465942383,21.854999542236328,-0.014874912402529361,0.0006953601953601954,0.006742096005904485
2026-05-12,2026-05-13,VRTX,SHORT,451.92498779296875,449.56109619140625,-0.005230716745951214,0.0006953601953601954,0.0019199981776154115
2026-05-12,2026-05-13,ZBRA,SHORT,253.31500244140625,250.0,-0.013086482874906102,0.0006953601953601954,0.005847881242092855
2026-05-13,2026-05-14,F,SHORT,13.619999885559082,14.350000381469727,0.05359768737477344,0.0006953601953601954,-0.027494203882746916
2026-05-20,2026-05-21,TJX,SHORT,159.18499755859375,157.08999633789062,-0.013160795632967792,0.0006953601953601954,0.0058850376211237
2026-05-21,2026-05-22,IBM,SHORT,241.38499450683594,258.0899963378906,0.06920480647599492,0.0006953601953601954,-0.03529776343335765
2026-05-21,2026-05-22,RL,SHORT,368.44000244140625,376.1600036621094,0.020953211295049012,0.0006953601953601954,-0.011171965842884702
2026-05-22,2026-05-26,BNY,SHORT,140.6699981689453,141.25,0.0041231381147677215,0.0006953601953601954,-0.002756929252744056
2026-05-22,2026-05-26,NTAP,SHORT,138.3699951171875,137.3699951171875,-0.007227000327297062,0.0006953601953601954,0.0029181399682883355
2026-05-22,2026-05-26,MRK,SHORT,122.09500122070312,120.5999984741211,-0.012244586032474913,0.0006953601953601954,0.005426932820877261
2026-05-22,2026-05-26,HPQ,SHORT,25.3799991607666,24.270000457763672,-0.04373517492935186,0.0006953601953601954,0.021172227269315735
2026-05-28,2026-05-29,A,SHORT,137.41000366210938,135.50999450683594,-0.013827298629185303,0.0006953601953601954,0.006218289119232456
2026-06-02,2026-06-03,HPE,SHORT,59.15999984741211,55.380001068115234,-0.06389450285744425,0.0006953601953601954,0.03125189123336193
2026-06-02,2026-06-03,MRVL,SHORT,270.6400146484375,307.5849914550781,0.13650966156882705,0.0006953601953601954,-0.06895019097977372
2026-06-11,2026-06-12,CASY,SHORT,918.5,907.739990234375,-0.011714762945699508,0.0006953601953601954,0.005162021277489558
2026-06-15,2026-06-16,AXP,SHORT,338.20001220703125,340.2200012207031,0.005972764461153579,0.0006953601953601954,-0.003681742425936985
2026-06-15,2026-06-16,COF,SHORT,196.3699951171875,198.7899932861328,0.012323665677646645,0.0006953601953601954,-0.006857193034183518
